STUDENT_ID,SCHOOL_ID,SCHOOL_NAME,SCHOOL_BOARD,GRADE_LEVEL,MATH_SCORE,READING_SCORE,GRADUATION_RATE,ATTENDANCE_RATE,POSTAL_CODE,REGION,PROGRAM_TYPE,SPECIAL_EDUCATION,ESL_FLAG,INDIGENOUS_FLAG,SOCIOECONOMIC_INDEX,LAST_UPDATED
STU-0000001,School_024,Pine Hill PS,OCDSB,12,94,58,0.973,0.726,P1P,Eastern,STEM,Yes,Yes,No,4.3,2026-01-21
STU-0000002,School_011,Pine Hill CI,HDSB,4,92,58,0.892,0.844,N7J,Northern,AP,No,No,No,3.0,2026-07-18
STU-0000003,School_023,Maple Hill SS,PDSB,11,97,47,0.629,0.628,K0C,Durham,French Immersion,No,Yes,No,1.5,2026-06-17
STU-0000004,School_030,Elm Park SS,HWDSB,2,68,72,0.839,0.591,N7H,Waterloo,AP,Yes,No,No,6.5,2026-07-05
STU-0000005,School_057,Birch Ridge CI,TDSB,1,46,96,0.778,0.633,K8H,Northern,French Immersion,Yes,No,No,1.0,2026-05-11
STU-0000006,School_019,Oak Hill SS,WRDSB,4,41,54,0.737,0.847,M1C,Durham,Regular,Yes,Yes,Yes,6.7,2026-03-31
STU-0000007,School_008,Oak Park PS,PDSB,3,83,84,0.603,0.653,N9O,Waterloo,IB,No,Yes,No,7.3,2026-04-12
STU-0000008,School_044,Pine Park SS,OCDSB,2,93,73,0.867,0.908,P5K,Southwestern,IB,No,Yes,No,5.9,2026-01-17
STU-0000009,School_066,Oak Valley CI,DDSB,1,65,82,0.61,0.766,M0J,Central,French Immersion,No,No,Yes,6.4,2026-06-30
STU-0000010,School_070,Elm Creek PS,OCDSB,5,95,92,0.66,0.741,K4C,Durham,IB,Yes,No,No,9.4,2026-07-04
STU-0000011,School_003,Pine Creek PS,WRDSB,9,62,54,0.834,0.698,P3C,Durham,IB,Yes,No,No,3.5,2026-02-27
STU-0000012,School_063,Oak Park SS,HDSB,4,41,67,0.691,0.687,N1B,Durham,Regular,No,Yes,No,2.4,2026-03-29
STU-0000013,School_071,Cedar Creek SS,HDSB,3,64,51,0.734,0.883,N2E,Waterloo,AP,Yes,No,Yes,6.0,2026-03-18
STU-0000014,School_042,Pine Valley CI,HDSB,3,57,89,0.66,0.972,P2N,Waterloo,IB,Yes,Yes,No,9.6,2026-05-04
STU-0000015,School_094,Elm Ridge PS,PDSB,6,73,60,0.812,0.844,K2O,Waterloo,STEM,Yes,No,No,2.3,2026-03-27
STU-0000016,School_046,Birch Hill SS,DDSB,5,52,56,0.839,0.946,N0P,Eastern,Arts,Yes,Yes,Yes,7.9,2026-02-08
STU-0000017,School_066,Maple Hill PS,PDSB,9,90,42,0.917,0.617,P0L,Northern,Regular,No,Yes,No,5.5,2026-06-18
STU-0000018,School_035,Oak Park SS,TDSB,5,94,85,0.984,0.781,K1O,Hamilton,French Immersion,Yes,No,No,8.7,2026-05-04
STU-0000019,School_017,Elm Valley SS,YRDSB,11,56,55,0.823,0.556,K2H,Hamilton,IB,Yes,Yes,No,1.1,2026-03-07
STU-0000020,School_068,Pine Creek SS,HWDSB,9,76,71,0.815,0.738,N1N,Waterloo,AP,Yes,No,No,7.3,2026-03-30
STU-0000021,School_034,Elm Hill PS,WRDSB,12,90,71,0.755,0.796,L9I,Waterloo,AP,Yes,No,Yes,5.3,2026-01-21
STU-0000022,School_099,Maple Valley CI,HDSB,7,91,100,0.852,0.952,M9B,Ottawa,STEM,No,No,No,7.6,2026-03-17
STU-0000023,School_046,Oak Valley PS,PDSB,4,56,82,0.682,0.743,N4N,Hamilton,AP,No,No,No,2.3,2026-06-04
STU-0000024,School_069,Cedar Ridge SS,WRDSB,6,92,43,0.771,0.747,M8C,Southwestern,IB,Yes,Yes,Yes,2.4,2026-01-01
STU-0000025,School_076,Elm Hill CI,PDSB,7,70,58,0.917,0.653,N1H,Central,French Immersion,No,Yes,No,1.1,2026-05-14
STU-0000026,School_044,Birch Creek CI,HWDSB,12,93,73,0.885,0.841,L2I,Niagara,French Immersion,No,No,Yes,2.7,2026-06-23
STU-0000027,School_062,Cedar Hill PS,DDSB,4,74,90,0.873,0.84,P7O,Waterloo,Regular,Yes,Yes,No,8.7,2026-01-03
STU-0000028,School_072,Birch Ridge CI,DDSB,9,90,86,0.663,0.815,M7J,Waterloo,Regular,No,No,No,9.9,2026-07-21
STU-0000029,School_022,Pine Valley CI,WRDSB,7,40,61,0.811,0.98,M1K,Northern,French Immersion,No,Yes,No,5.4,2026-04-23
STU-0000030,School_041,Oak Park PS,WRDSB,6,93,79,0.899,0.574,L3M,Durham,IB,No,No,No,2.7,2026-01-31
STU-0000031,School_035,Pine Creek PS,OCDSB,12,83,43,0.899,0.815,N7B,Durham,French Immersion,No,No,Yes,4.9,2026-03-24
STU-0000032,School_013,Cedar Hill CI,WRDSB,12,45,80,0.919,0.996,L8G,GTA,STEM,Yes,No,Yes,7.6,2026-03-25
STU-0000033,School_090,Pine Hill PS,PDSB,3,44,73,0.706,0.743,N7H,Waterloo,Regular,No,Yes,No,5.9,2026-02-15
STU-0000034,School_040,Oak Valley SS,PDSB,7,40,87,0.766,0.872,K0F,Central,Arts,Yes,No,No,8.1,2026-02-08
STU-0000035,School_087,Pine Hill SS,HWDSB,12,73,80,0.69,0.643,N6C,Ottawa,AP,No,No,No,5.7,2026-04-24
STU-0000036,School_052,Cedar Creek CI,HDSB,11,66,59,0.711,0.615,K5I,Hamilton,STEM,No,No,Yes,6.0,2026-01-06
STU-0000037,School_059,Birch Valley CI,HDSB,7,50,51,0.711,0.654,M9D,GTA,French Immersion,No,Yes,No,8.0,2026-07-21
STU-0000038,School_042,Oak Ridge PS,HWDSB,6,40,91,0.949,0.884,N7E,Eastern,STEM,Yes,No,Yes,3.3,2026-06-02
STU-0000039,School_050,Cedar Ridge SS,PDSB,5,76,73,0.696,0.699,P8P,Durham,STEM,No,Yes,Yes,8.6,2026-05-26
STU-0000040,School_035,Cedar Park SS,YRDSB,11,42,81,0.918,0.637,M2J,Niagara,Arts,Yes,Yes,No,6.4,2026-04-08
STU-0000041,School_099,Birch Hill SS,YRDSB,5,100,40,0.631,0.634,P0B,Ottawa,STEM,Yes,Yes,No,9.4,2026-05-04
STU-0000042,School_089,Birch Valley PS,OCDSB,11,43,91,0.766,0.918,N1J,Niagara,STEM,No,Yes,No,7.9,2026-02-03
STU-0000043,School_066,Cedar Creek PS,HWDSB,12,49,47,0.709,0.748,L2L,Northern,STEM,No,Yes,No,2.8,2026-02-17
STU-0000044,School_019,Oak Hill SS,TDSB,11,62,99,0.619,0.974,N8A,Southwestern,AP,No,Yes,No,8.0,2026-03-10
STU-0000045,School_017,Birch Creek SS,HDSB,1,63,87,0.964,0.572,P6N,Hamilton,Arts,Yes,Yes,No,5.6,2026-06-28
STU-0000046,School_050,Elm Hill CI,PDSB,12,57,69,0.948,0.921,K2C,Southwestern,AP,Yes,Yes,No,2.2,2026-07-21
STU-0000047,School_051,Pine Valley PS,TDSB,7,92,68,0.937,0.886,P5J,Southwestern,AP,No,No,No,5.6,2026-02-05
STU-0000048,School_042,Pine Valley SS,HDSB,2,96,75,0.897,0.825,M6O,Hamilton,Regular,Yes,Yes,No,5.9,2026-04-02
STU-0000049,School_056,Pine Creek CI,TDSB,4,63,65,0.771,0.712,M5N,Southwestern,Regular,No,No,No,3.8,2026-02-11
STU-0000050,School_089,Oak Park PS,YRDSB,2,82,73,0.648,0.723,K1I,Eastern,Regular,Yes,Yes,Yes,9.8,2026-05-11
STU-0000051,School_010,Birch Valley SS,PDSB,3,56,73,0.843,0.73,M3P,Eastern,Arts,No,Yes,No,6.6,2026-07-13
STU-0000052,School_089,Maple Valley SS,HWDSB,3,56,40,0.941,0.518,L9C,Ottawa,French Immersion,Yes,Yes,Yes,3.1,2026-05-02
STU-0000053,School_074,Cedar Valley SS,PDSB,8,56,51,0.967,0.832,N5I,Durham,Arts,No,Yes,Yes,2.0,2026-02-02
STU-0000054,School_009,Elm Hill PS,HWDSB,5,42,68,0.797,0.632,K6M,Eastern,French Immersion,No,No,No,9.0,2026-03-09
STU-0000055,School_066,Cedar Park SS,HWDSB,6,82,61,0.947,0.947,P7N,Eastern,French Immersion,Yes,No,No,8.7,2026-02-14
STU-0000056,School_074,Cedar Park CI,OCDSB,3,57,59,0.635,0.941,N5G,Waterloo,STEM,No,No,No,4.3,2026-04-16
STU-0000057,School_018,Maple Hill PS,HDSB,4,87,61,0.815,0.532,N9B,Northern,IB,No,No,No,5.3,2026-06-10
STU-0000058,School_001,Elm Ridge CI,HDSB,1,51,89,0.627,0.741,L5K,GTA,Regular,No,Yes,No,8.2,2026-06-18
STU-0000059,School_058,Birch Creek PS,PDSB,9,57,61,0.86,0.72,L3C,Hamilton,Regular,No,No,No,9.9,2026-05-05
STU-0000060,School_055,Maple Ridge CI,YRDSB,9,97,87,0.891,0.787,K8M,Eastern,STEM,Yes,Yes,No,8.0,2026-02-26
STU-0000061,School_083,Birch Hill PS,DDSB,5,54,44,0.747,0.911,N0I,GTA,IB,Yes,Yes,No,3.3,2026-06-18
STU-0000062,School_056,Cedar Ridge PS,YRDSB,5,42,100,0.747,0.692,N8N,Niagara,French Immersion,Yes,Yes,No,2.8,2026-02-19
STU-0000063,School_099,Cedar Park CI,HDSB,9,43,69,0.776,0.722,L8H,Ottawa,French Immersion,Yes,Yes,No,5.6,2026-03-27
STU-0000064,School_020,Birch Ridge SS,HWDSB,10,75,72,0.91,0.849,N1D,Eastern,Arts,No,No,No,3.1,2026-01-15
STU-0000065,School_042,Pine Hill SS,OCDSB,6,100,63,0.877,0.528,P1P,Durham,AP,No,No,No,7.8,2026-05-17
STU-0000066,School_059,Oak Ridge PS,DDSB,2,89,44,0.601,0.6,K5H,Waterloo,Arts,No,Yes,No,5.5,2026-01-14
STU-0000067,School_004,Birch Ridge PS,PDSB,9,42,89,0.893,0.786,N3G,Ottawa,AP,No,No,No,9.8,2026-02-25
STU-0000068,School_041,Maple Hill PS,HWDSB,9,42,40,0.756,0.845,L8P,Eastern,Regular,Yes,Yes,No,6.9,2026-02-01
STU-0000069,School_072,Birch Valley PS,WRDSB,9,51,49,0.667,0.648,M5K,Ottawa,IB,Yes,No,No,9.8,2026-04-03
STU-0000070,School_037,Birch Creek SS,HDSB,12,45,45,0.843,0.974,N9A,Northern,Regular,Yes,No,No,8.2,2026-01-18
STU-0000071,School_082,Elm Hill CI,HWDSB,10,59,86,0.843,0.89,K7D,Northern,Arts,Yes,No,No,3.6,2026-05-14
STU-0000072,School_023,Cedar Park SS,PDSB,10,73,47,0.765,0.656,K3P,Eastern,Regular,Yes,Yes,Yes,4.6,2026-06-08
STU-0000073,School_077,Elm Hill CI,HWDSB,10,43,56,0.639,0.823,L0M,Eastern,French Immersion,Yes,No,No,8.3,2026-05-08
STU-0000074,School_026,Maple Hill CI,PDSB,7,58,99,0.749,0.931,M5L,Eastern,Regular,No,No,No,4.5,2026-01-20
STU-0000075,School_095,Birch Park SS,OCDSB,11,84,52,0.883,0.564,M9A,Eastern,AP,Yes,No,No,3.4,2026-05-11
STU-0000076,School_038,Pine Hill CI,OCDSB,7,54,50,0.851,0.824,K3P,Niagara,French Immersion,No,No,No,8.4,2026-04-21
STU-0000077,School_027,Pine Valley SS,OCDSB,12,93,82,0.92,0.729,N4B,Hamilton,AP,No,No,Yes,9.3,2026-07-16
STU-0000078,School_073,Cedar Park SS,DDSB,12,86,87,0.959,0.787,L4J,Waterloo,IB,Yes,No,No,3.7,2026-03-18
STU-0000079,School_097,Birch Valley PS,HDSB,4,75,56,0.807,0.967,N6C,GTA,Regular,No,No,No,9.6,2026-05-02
STU-0000080,School_006,Cedar Creek PS,HDSB,11,47,53,0.635,0.807,K8L,Durham,Regular,Yes,Yes,No,1.4,2026-07-17
STU-0000081,School_089,Elm Ridge SS,YRDSB,1,99,88,0.976,0.764,P3N,Durham,IB,No,No,Yes,7.5,2026-03-30
STU-0000082,School_097,Birch Hill SS,HWDSB,10,53,88,0.838,0.953,P1N,Waterloo,AP,No,No,Yes,3.7,2026-04-18
STU-0000083,School_035,Elm Valley CI,TDSB,8,71,51,0.969,0.972,P0F,Durham,French Immersion,No,Yes,Yes,6.2,2026-06-06
STU-0000084,School_098,Birch Creek CI,DDSB,4,70,69,0.721,0.856,N9G,GTA,IB,No,Yes,Yes,7.4,2026-05-18
STU-0000085,School_092,Oak Ridge CI,WRDSB,10,100,93,0.8,0.52,L4E,Central,Regular,No,Yes,No,4.2,2026-05-06
STU-0000086,School_061,Birch Creek SS,HWDSB,10,76,92,0.744,0.881,M9D,Durham,Regular,No,Yes,No,9.7,2026-07-17
STU-0000087,School_022,Cedar Park PS,HDSB,10,98,42,0.942,0.99,N3A,Hamilton,STEM,No,No,Yes,1.4,2026-07-10
STU-0000088,School_071,Maple Valley PS,DDSB,8,61,96,0.705,0.51,K1N,Waterloo,Arts,No,Yes,Yes,9.3,2026-07-25
STU-0000089,School_093,Oak Creek PS,HWDSB,9,97,47,0.757,0.542,K4G,Northern,Arts,No,Yes,No,5.7,2026-07-18
STU-0000090,School_040,Maple Ridge SS,DDSB,4,54,74,0.719,0.68,L7I,Ottawa,Arts,No,Yes,No,9.4,2026-01-28
STU-0000091,School_069,Birch Valley CI,DDSB,4,55,92,0.654,0.883,M9L,Ottawa,French Immersion,Yes,No,No,8.3,2026-06-12
STU-0000092,School_068,Cedar Creek CI,HDSB,1,73,68,0.721,0.916,N4B,Waterloo,Regular,No,Yes,No,2.9,2026-07-16
STU-0000093,School_049,Elm Valley PS,TDSB,9,49,55,0.671,0.937,M1K,GTA,Arts,Yes,No,No,6.8,2026-06-12
STU-0000094,School_013,Pine Hill SS,HWDSB,6,61,91,0.921,0.885,L7I,Ottawa,IB,No,No,No,5.3,2026-03-30
STU-0000095,School_045,Birch Ridge CI,DDSB,8,64,70,0.9,0.693,K4I,Hamilton,AP,No,Yes,No,1.7,2026-07-13
STU-0000096,School_011,Birch Ridge SS,HDSB,6,55,43,0.969,0.857,L3O,GTA,AP,No,No,Yes,2.9,2026-03-06
STU-0000097,School_028,Birch Ridge CI,OCDSB,7,45,76,0.858,0.763,K7H,GTA,AP,No,Yes,No,5.0,2026-04-30
STU-0000098,School_093,Maple Creek CI,HDSB,5,83,91,0.928,0.631,M7J,Central,Regular,Yes,Yes,No,6.4,2026-07-14
STU-0000099,School_079,Oak Hill CI,DDSB,8,97,88,0.871,0.798,N5C,Niagara,IB,No,No,No,8.8,2026-05-21
STU-0000100,School_074,Pine Park PS,HDSB,7,50,95,0.633,0.883,M8P,Southwestern,Arts,No,No,No,1.4,2026-07-05
STU-0000101,School_039,Elm Creek CI,PDSB,4,99,91,0.823,0.962,L1A,Southwestern,AP,No,Yes,No,7.3,2026-02-28
STU-0000102,School_001,Birch Park CI,YRDSB,3,64,51,0.688,0.819,L1L,Ottawa,French Immersion,No,Yes,Yes,5.2,2026-06-05
STU-0000103,School_086,Elm Ridge PS,HWDSB,11,84,67,0.701,0.564,L1K,GTA,Arts,Yes,No,No,6.0,2026-06-27
STU-0000104,School_061,Oak Creek SS,YRDSB,6,46,68,0.824,0.969,L2L,Northern,STEM,No,No,No,1.1,2026-03-13
STU-0000105,School_098,Cedar Park SS,PDSB,11,69,54,0.937,0.928,N7C,Central,AP,No,Yes,No,1.0,2026-01-02
STU-0000106,School_069,Birch Creek PS,OCDSB,1,78,96,0.674,0.584,N3L,Central,STEM,Yes,Yes,No,5.5,2026-05-21
STU-0000107,School_067,Cedar Hill CI,OCDSB,3,44,49,0.947,0.971,L6J,Ottawa,STEM,No,Yes,No,4.4,2026-06-17
STU-0000108,School_085,Pine Park CI,WRDSB,9,53,88,0.883,0.738,M3D,Southwestern,STEM,No,No,No,2.3,2026-05-11
STU-0000109,School_075,Cedar Park PS,WRDSB,8,65,98,0.66,0.712,M7D,Eastern,Arts,No,Yes,No,8.9,2026-06-01
STU-0000110,School_017,Maple Ridge SS,OCDSB,12,90,86,0.963,0.858,L1M,Central,AP,No,Yes,No,6.0,2026-01-04
STU-0000111,School_042,Cedar Hill PS,YRDSB,3,47,69,0.867,0.665,K6E,Eastern,French Immersion,Yes,Yes,Yes,2.3,2026-04-18
STU-0000112,School_094,Cedar Ridge SS,HDSB,12,89,52,0.917,0.788,P8A,GTA,STEM,No,Yes,No,6.1,2026-01-31
STU-0000113,School_048,Elm Creek SS,PDSB,4,94,48,0.665,0.532,L9L,Southwestern,French Immersion,Yes,Yes,No,2.4,2026-02-24
STU-0000114,School_054,Maple Park SS,HWDSB,9,82,40,0.734,0.952,P9K,Northern,AP,No,Yes,No,1.6,2026-03-15
STU-0000115,School_090,Cedar Ridge SS,TDSB,5,95,67,0.922,0.828,K8F,Durham,French Immersion,Yes,Yes,No,4.7,2026-01-10
STU-0000116,School_071,Cedar Ridge PS,PDSB,6,50,80,0.79,0.911,N6O,Southwestern,AP,No,Yes,Yes,8.9,2026-03-28
STU-0000117,School_053,Elm Ridge PS,WRDSB,5,96,64,0.839,0.772,L5B,GTA,IB,No,No,No,4.7,2026-04-04
STU-0000118,School_058,Birch Creek SS,YRDSB,2,80,64,0.852,0.573,N8C,Waterloo,French Immersion,Yes,Yes,No,8.8,2026-05-05
STU-0000119,School_081,Cedar Creek PS,PDSB,6,65,92,0.929,0.756,N8A,Northern,French Immersion,No,Yes,No,5.3,2026-01-28
STU-0000120,School_036,Elm Hill CI,PDSB,11,54,65,0.695,0.838,N6F,Niagara,Regular,Yes,Yes,No,8.1,2026-07-27
STU-0000121,School_072,Pine Hill SS,TDSB,12,95,74,0.788,0.534,L0N,Central,Arts,Yes,No,No,8.5,2026-03-23
STU-0000122,School_061,Pine Park SS,OCDSB,7,84,67,0.77,0.627,M5L,Hamilton,Regular,Yes,Yes,No,8.4,2026-05-24
STU-0000123,School_097,Pine Park CI,PDSB,8,57,99,0.861,0.605,P8C,Durham,STEM,Yes,No,Yes,8.1,2026-06-01
STU-0000124,School_043,Cedar Valley CI,WRDSB,5,85,61,0.686,0.826,M7I,Ottawa,IB,Yes,No,No,8.8,2026-01-25
STU-0000125,School_097,Cedar Park CI,YRDSB,4,100,94,0.633,0.603,L3M,Northern,Regular,No,No,No,1.5,2026-06-04
STU-0000126,School_030,Oak Ridge CI,OCDSB,8,84,80,0.746,0.533,K1I,Central,IB,No,Yes,No,9.7,2026-06-01
STU-0000127,School_095,Cedar Park SS,OCDSB,1,74,65,0.67,0.724,N9I,Northern,Regular,No,Yes,Yes,7.0,2026-01-25
STU-0000128,School_070,Birch Creek SS,HDSB,12,89,91,0.735,0.961,N2C,Durham,STEM,Yes,Yes,No,3.1,2026-04-11
STU-0000129,School_005,Oak Hill CI,YRDSB,3,97,75,0.765,0.835,N0I,Southwestern,Regular,No,No,No,8.9,2026-01-16
STU-0000130,School_056,Maple Creek SS,PDSB,7,72,72,0.844,0.709,M4G,Hamilton,Arts,Yes,No,Yes,3.7,2026-01-05
STU-0000131,School_069,Elm Creek PS,YRDSB,6,49,87,0.983,0.723,N9B,Hamilton,Arts,Yes,Yes,No,3.7,2026-07-31
STU-0000132,School_068,Elm Hill CI,WRDSB,9,70,53,0.706,0.658,N1O,Waterloo,STEM,No,No,No,7.6,2026-05-31
STU-0000133,School_034,Cedar Valley SS,HWDSB,2,63,51,0.604,0.774,K5B,Northern,Arts,Yes,No,Yes,8.0,2026-07-11
STU-0000134,School_022,Birch Hill SS,HDSB,12,81,93,0.673,0.835,P6M,Southwestern,Regular,Yes,Yes,Yes,2.2,2026-03-01
STU-0000135,School_091,Pine Park CI,OCDSB,1,82,71,0.845,0.926,M8G,Hamilton,Regular,Yes,No,No,5.5,2026-06-09
STU-0000136,School_074,Elm Creek SS,PDSB,10,95,65,0.986,0.576,L4K,Southwestern,Regular,No,No,No,8.9,2026-04-22
STU-0000137,School_070,Birch Ridge CI,TDSB,4,49,86,0.686,0.851,L8D,Waterloo,IB,Yes,Yes,Yes,1.9,2026-04-04
STU-0000138,School_090,Elm Creek CI,YRDSB,10,91,53,0.864,0.634,P8G,Northern,Regular,Yes,No,No,6.3,2026-03-22
STU-0000139,School_022,Oak Ridge SS,OCDSB,7,85,56,0.969,0.724,N1K,Hamilton,STEM,Yes,No,Yes,2.8,2026-05-16
STU-0000140,School_062,Oak Ridge PS,PDSB,8,72,73,0.963,0.802,K1I,Southwestern,Arts,No,No,No,9.7,2026-06-03
STU-0000141,School_085,Oak Valley SS,HDSB,3,64,43,0.71,0.642,P0E,Central,STEM,Yes,Yes,Yes,3.1,2026-07-09
STU-0000142,School_005,Birch Creek CI,TDSB,3,61,81,0.692,0.684,K4J,Hamilton,STEM,Yes,Yes,No,3.7,2026-05-04
STU-0000143,School_062,Birch Ridge CI,OCDSB,7,72,62,0.76,0.984,L0L,Northern,Arts,No,Yes,Yes,3.7,2026-03-17
STU-0000144,School_032,Elm Park PS,WRDSB,7,56,88,0.74,0.579,K9J,Durham,Regular,No,Yes,No,1.9,2026-07-22
STU-0000145,School_069,Pine Park PS,HDSB,9,93,51,0.926,0.712,K5J,Central,Arts,Yes,No,No,1.8,2026-06-04
STU-0000146,School_045,Cedar Creek SS,HDSB,7,71,65,0.609,0.586,L4B,Ottawa,Regular,No,Yes,No,7.8,2026-03-23
STU-0000147,School_094,Pine Creek CI,TDSB,4,97,70,0.664,0.975,N8O,Durham,IB,No,Yes,No,8.4,2026-01-13
STU-0000148,School_047,Cedar Creek CI,OCDSB,9,98,65,0.967,0.971,N4K,Northern,Arts,No,No,No,4.0,2026-02-06
STU-0000149,School_021,Elm Creek PS,OCDSB,5,71,87,0.672,0.915,M8C,Hamilton,French Immersion,No,No,No,7.9,2026-04-06
STU-0000150,School_065,Birch Valley CI,WRDSB,3,61,76,0.751,0.885,N4D,Ottawa,STEM,Yes,Yes,Yes,3.2,2026-03-23
STU-0000151,School_015,Maple Ridge SS,HWDSB,8,56,98,0.86,0.802,N2F,GTA,French Immersion,Yes,No,No,8.0,2026-03-20
STU-0000152,School_017,Oak Creek CI,HWDSB,11,57,83,0.773,0.77,K7I,GTA,French Immersion,No,Yes,No,6.7,2026-07-10
STU-0000153,School_094,Maple Creek PS,OCDSB,8,61,46,0.741,0.812,L2G,GTA,IB,No,Yes,No,2.5,2026-04-14
STU-0000154,School_074,Cedar Valley SS,PDSB,1,77,92,0.828,0.805,L1F,Southwestern,Arts,No,No,Yes,6.4,2026-01-17
STU-0000155,School_016,Maple Valley CI,PDSB,10,68,92,0.916,0.936,N9I,Ottawa,Regular,Yes,No,No,2.9,2026-03-06
STU-0000156,School_084,Cedar Ridge PS,HWDSB,9,40,76,0.611,0.617,M7D,Durham,AP,Yes,Yes,No,4.7,2026-02-23
STU-0000157,School_010,Oak Park SS,OCDSB,2,89,94,0.823,0.61,K8P,Ottawa,AP,Yes,No,No,1.3,2026-07-03
STU-0000158,School_061,Maple Park CI,PDSB,6,98,100,0.875,0.592,M0P,Eastern,STEM,No,No,No,8.9,2026-01-20
STU-0000159,School_004,Cedar Valley PS,OCDSB,9,92,72,0.832,0.556,P4B,Southwestern,Arts,No,Yes,No,4.0,2026-07-04
STU-0000160,School_003,Birch Creek PS,TDSB,4,46,47,0.815,0.505,P0D,Niagara,AP,No,No,No,9.0,2026-06-14
STU-0000161,School_008,Birch Park SS,OCDSB,5,60,61,0.731,0.759,M0B,Southwestern,French Immersion,No,No,No,5.9,2026-01-25
STU-0000162,School_032,Cedar Creek SS,OCDSB,8,60,93,0.699,0.677,M4H,GTA,French Immersion,Yes,No,No,6.5,2026-06-01
STU-0000163,School_073,Oak Ridge SS,YRDSB,11,94,87,0.765,0.834,N7K,Central,IB,No,No,Yes,4.0,2026-05-02
STU-0000164,School_071,Birch Hill SS,YRDSB,4,95,78,0.603,0.802,L0E,Ottawa,Arts,No,No,Yes,4.6,2026-07-19
STU-0000165,School_043,Birch Creek SS,HWDSB,2,74,73,0.791,0.557,P7F,Eastern,IB,Yes,No,Yes,8.1,2026-04-05
STU-0000166,School_065,Cedar Hill SS,TDSB,6,62,72,0.637,0.831,P1E,Northern,IB,Yes,No,No,4.1,2026-05-12
STU-0000167,School_006,Birch Hill SS,WRDSB,10,43,89,0.652,0.795,M0I,Ottawa,STEM,Yes,Yes,No,6.5,2026-07-22
STU-0000168,School_086,Oak Creek PS,YRDSB,3,60,75,0.717,0.905,M4A,Waterloo,French Immersion,Yes,No,No,9.8,2026-07-31
STU-0000169,School_023,Cedar Hill CI,TDSB,9,51,74,0.772,0.59,K8L,Niagara,STEM,No,No,No,4.3,2026-06-22
STU-0000170,School_068,Cedar Valley PS,OCDSB,12,82,64,0.685,0.889,N9K,Durham,Regular,Yes,Yes,No,6.0,2026-06-03
STU-0000171,School_012,Cedar Creek SS,WRDSB,2,100,66,0.735,0.944,M1N,Eastern,Arts,Yes,Yes,No,3.2,2026-07-10
STU-0000172,School_029,Maple Creek SS,HWDSB,10,70,71,0.772,0.526,K5D,Waterloo,Arts,No,Yes,Yes,3.1,2026-04-17
STU-0000173,School_078,Pine Ridge CI,WRDSB,12,63,78,0.792,0.909,M4K,Ottawa,Arts,No,Yes,No,4.3,2026-04-06
STU-0000174,School_066,Pine Park PS,WRDSB,6,77,51,0.605,0.951,M3J,Durham,French Immersion,Yes,Yes,No,4.8,2026-02-20
STU-0000175,School_065,Oak Valley CI,TDSB,3,75,80,0.782,0.606,K9I,Ottawa,Regular,No,Yes,No,8.5,2026-04-29
STU-0000176,School_070,Pine Park CI,HDSB,6,75,64,0.853,0.924,P5P,Southwestern,French Immersion,Yes,Yes,Yes,4.7,2026-04-25
STU-0000177,School_069,Birch Ridge PS,TDSB,6,52,86,0.766,0.511,N4G,Eastern,Arts,Yes,Yes,No,4.1,2026-03-18
STU-0000178,School_100,Oak Valley PS,DDSB,12,76,100,0.932,0.812,P7A,Southwestern,AP,Yes,Yes,No,6.4,2026-02-24
STU-0000179,School_099,Cedar Creek CI,HWDSB,1,47,82,0.981,0.995,N0N,Southwestern,Regular,No,No,Yes,7.0,2026-03-05
STU-0000180,School_044,Elm Ridge CI,YRDSB,4,91,44,0.974,0.784,N9F,Ottawa,Arts,Yes,Yes,No,1.3,2026-05-18
STU-0000181,School_060,Pine Park PS,DDSB,2,73,86,0.776,0.978,K8K,Durham,IB,No,No,No,7.9,2026-06-23
STU-0000182,School_052,Cedar Creek SS,TDSB,4,60,99,0.735,0.756,P0K,Eastern,French Immersion,Yes,No,No,5.5,2026-06-05
STU-0000183,School_062,Elm Park CI,HDSB,7,78,68,0.948,0.653,K0F,Southwestern,IB,No,Yes,No,7.4,2026-07-02
STU-0000184,School_063,Maple Valley SS,TDSB,3,56,81,0.98,0.929,N9P,Durham,IB,Yes,No,No,5.4,2026-06-25
STU-0000185,School_015,Pine Creek PS,YRDSB,10,65,75,0.969,0.925,M5K,Ottawa,Regular,Yes,Yes,No,9.9,2026-02-08
STU-0000186,School_047,Elm Valley SS,WRDSB,1,60,93,0.628,0.807,P9E,Ottawa,Arts,Yes,No,No,6.2,2026-02-07
STU-0000187,School_014,Pine Ridge PS,TDSB,10,71,93,0.734,0.816,P1O,Hamilton,AP,No,No,Yes,1.5,2026-02-03
STU-0000188,School_004,Oak Valley CI,OCDSB,6,90,89,0.92,0.927,L7E,Durham,French Immersion,No,No,Yes,2.3,2026-03-28
STU-0000189,School_061,Birch Park SS,TDSB,11,59,73,0.754,0.526,P8O,Central,Regular,No,Yes,Yes,4.5,2026-05-29
STU-0000190,School_023,Maple Ridge SS,YRDSB,8,92,78,0.772,0.542,N5H,GTA,STEM,Yes,No,Yes,6.7,2026-05-08
STU-0000191,School_069,Elm Creek SS,WRDSB,5,63,96,0.931,0.832,N0H,GTA,French Immersion,No,No,No,9.8,2026-03-04
STU-0000192,School_077,Maple Hill SS,WRDSB,4,95,85,0.617,0.615,M3I,Durham,AP,No,Yes,No,9.7,2026-03-11
STU-0000193,School_099,Birch Creek PS,DDSB,3,59,85,0.646,0.614,P4A,Ottawa,Regular,No,Yes,No,3.7,2026-05-16
STU-0000194,School_065,Maple Hill CI,OCDSB,8,67,54,0.775,0.854,P6F,Durham,STEM,Yes,No,Yes,6.7,2026-06-10
STU-0000195,School_079,Pine Valley SS,PDSB,5,62,51,0.975,0.97,P9C,Southwestern,French Immersion,Yes,Yes,No,6.9,2026-04-15
STU-0000196,School_025,Birch Creek SS,WRDSB,8,60,76,0.733,0.756,L6D,Southwestern,Regular,Yes,No,No,6.8,2026-01-07
STU-0000197,School_052,Maple Hill SS,HWDSB,3,62,75,0.898,0.949,P7J,Durham,AP,No,Yes,No,1.7,2026-04-17
STU-0000198,School_080,Elm Creek PS,DDSB,8,68,55,0.829,0.719,P3I,Ottawa,French Immersion,No,Yes,No,3.6,2026-05-03
STU-0000199,School_028,Maple Ridge PS,PDSB,1,50,60,0.886,0.945,P6K,Hamilton,STEM,Yes,No,No,9.8,2026-06-22
STU-0000200,School_026,Pine Hill SS,OCDSB,12,97,85,0.604,0.52,N5O,Durham,IB,No,No,No,2.3,2026-04-23
STU-0000201,School_014,Oak Hill PS,WRDSB,1,46,54,0.918,0.591,L3O,Eastern,French Immersion,No,No,Yes,3.2,2026-04-23
STU-0000202,School_047,Oak Valley PS,DDSB,6,91,88,0.925,0.631,P2B,Durham,AP,No,No,Yes,2.1,2026-03-03
STU-0000203,School_026,Elm Park SS,HWDSB,11,67,63,0.869,0.984,L3F,Hamilton,AP,Yes,No,No,7.1,2026-03-31
STU-0000204,School_010,Pine Valley PS,HDSB,1,57,87,0.796,0.685,K1H,Durham,IB,Yes,No,No,1.7,2026-07-30
STU-0000205,School_010,Oak Park CI,WRDSB,6,71,98,0.782,0.836,M2O,Central,STEM,Yes,Yes,Yes,2.0,2026-05-18
STU-0000206,School_014,Birch Park PS,DDSB,3,74,61,0.962,0.965,K0E,Ottawa,Regular,No,Yes,Yes,5.6,2026-05-03
STU-0000207,School_064,Birch Creek PS,HDSB,5,61,66,0.695,0.734,K7F,Durham,French Immersion,Yes,Yes,No,7.8,2026-04-18
STU-0000208,School_028,Oak Creek SS,PDSB,7,43,49,0.66,0.725,L2C,Hamilton,Arts,Yes,No,No,9.4,2026-01-15
STU-0000209,School_098,Pine Hill CI,PDSB,12,82,75,0.902,0.584,L1E,Ottawa,French Immersion,Yes,Yes,No,3.0,2026-02-19
STU-0000210,School_028,Pine Ridge PS,OCDSB,7,95,56,0.655,0.505,M1P,Southwestern,French Immersion,No,Yes,No,7.2,2026-05-03
STU-0000211,School_031,Birch Valley PS,HWDSB,7,70,97,0.616,0.713,P0L,Niagara,Regular,No,Yes,No,9.7,2026-03-21
STU-0000212,School_002,Birch Park SS,HDSB,12,46,41,0.614,0.722,N8N,Durham,AP,No,Yes,Yes,4.9,2026-06-08
STU-0000213,School_007,Oak Park CI,HWDSB,12,72,98,0.822,0.936,L3M,Hamilton,AP,Yes,Yes,No,2.5,2026-05-19
STU-0000214,School_058,Oak Ridge SS,HDSB,11,53,46,0.909,0.778,K9D,Eastern,Regular,Yes,Yes,No,7.8,2026-04-25
STU-0000215,School_073,Oak Ridge SS,YRDSB,12,96,48,0.662,0.986,K5I,Southwestern,AP,Yes,No,No,7.8,2026-06-21
STU-0000216,School_079,Elm Valley SS,YRDSB,10,46,78,0.788,0.935,N3G,GTA,French Immersion,No,Yes,No,7.9,2026-06-08
STU-0000217,School_072,Pine Park CI,YRDSB,8,84,77,0.7,0.831,L7D,Niagara,AP,No,No,No,7.9,2026-04-03
STU-0000218,School_082,Cedar Park CI,HWDSB,12,41,78,0.909,0.752,M8C,Central,IB,Yes,No,No,1.5,2026-02-21
STU-0000219,School_028,Elm Park CI,YRDSB,11,50,67,0.973,0.885,M8L,Waterloo,IB,No,Yes,No,7.8,2026-06-03
STU-0000220,School_047,Cedar Valley CI,OCDSB,9,46,64,0.984,0.868,L9N,GTA,IB,Yes,No,No,1.7,2026-04-17
STU-0000221,School_076,Cedar Ridge CI,PDSB,10,71,64,0.778,0.938,K1J,Durham,Regular,Yes,No,No,9.4,2026-07-31
STU-0000222,School_076,Pine Ridge PS,DDSB,11,95,41,0.87,0.921,N5C,Central,AP,Yes,Yes,No,3.3,2026-06-22
STU-0000223,School_015,Elm Creek PS,DDSB,4,64,49,0.769,0.796,N3K,Niagara,Arts,Yes,No,No,4.4,2026-03-30
STU-0000224,School_053,Elm Ridge SS,WRDSB,9,98,46,0.829,0.962,M1D,Hamilton,Regular,No,Yes,Yes,9.4,2026-05-03
STU-0000225,School_054,Pine Valley CI,YRDSB,1,65,69,0.739,0.632,L0P,Ottawa,French Immersion,No,Yes,No,5.9,2026-05-20
STU-0000226,School_061,Maple Valley PS,OCDSB,9,70,62,0.698,0.575,P9A,GTA,IB,No,No,No,1.6,2026-05-13
STU-0000227,School_019,Elm Creek SS,HWDSB,1,60,42,0.709,0.77,P1P,Eastern,STEM,Yes,Yes,No,7.5,2026-06-23
STU-0000228,School_062,Birch Ridge CI,HDSB,1,57,46,0.896,0.737,K9I,Eastern,French Immersion,Yes,No,No,4.8,2026-06-13
STU-0000229,School_069,Oak Creek PS,HDSB,4,43,80,0.941,0.741,P3O,GTA,AP,Yes,No,No,8.1,2026-04-18
STU-0000230,School_062,Pine Creek SS,TDSB,11,43,85,0.862,0.739,P9H,Hamilton,IB,No,Yes,No,8.9,2026-07-02
STU-0000231,School_065,Pine Park PS,PDSB,7,65,90,0.931,0.528,K4I,Durham,IB,No,No,Yes,6.7,2026-04-24
STU-0000232,School_060,Maple Ridge PS,HWDSB,1,51,90,0.71,0.988,P8C,Eastern,STEM,Yes,Yes,No,7.4,2026-02-07
STU-0000233,School_093,Elm Park SS,DDSB,3,51,66,0.965,0.656,L8H,Ottawa,IB,Yes,Yes,No,1.3,2026-01-29
STU-0000234,School_013,Cedar Creek SS,DDSB,2,94,59,0.736,0.53,P5I,Waterloo,STEM,Yes,Yes,No,7.7,2026-04-21
STU-0000235,School_056,Birch Hill CI,TDSB,2,61,98,0.756,0.558,K7O,GTA,STEM,Yes,No,No,5.6,2026-06-01
STU-0000236,School_021,Elm Hill CI,WRDSB,5,65,52,0.724,0.667,M1B,Ottawa,AP,Yes,Yes,No,5.3,2026-03-31
STU-0000237,School_063,Cedar Valley CI,HDSB,6,52,54,0.684,0.82,N5O,Eastern,French Immersion,No,No,Yes,2.1,2026-02-08
STU-0000238,School_094,Birch Creek CI,WRDSB,6,51,100,0.893,0.695,P3H,Durham,Arts,No,No,No,9.6,2026-05-31
STU-0000239,School_096,Cedar Hill SS,OCDSB,8,79,40,0.813,0.621,K8C,Niagara,Arts,No,No,Yes,5.0,2026-02-28
STU-0000240,School_089,Birch Creek SS,DDSB,6,75,78,0.842,0.557,K5J,Niagara,STEM,No,No,No,2.3,2026-05-26
STU-0000241,School_059,Pine Valley CI,HWDSB,10,91,82,0.904,0.781,N0C,GTA,French Immersion,No,No,No,6.6,2026-07-09
STU-0000242,School_057,Elm Ridge CI,HDSB,2,58,67,0.802,0.787,P6G,Northern,AP,No,No,No,9.4,2026-03-26
STU-0000243,School_048,Pine Hill CI,HWDSB,5,99,75,0.707,0.604,K8K,Central,IB,No,No,No,6.1,2026-02-02
STU-0000244,School_069,Elm Creek SS,TDSB,10,50,87,0.757,0.783,P1E,Ottawa,Regular,No,No,No,8.4,2026-06-04
STU-0000245,School_082,Elm Valley CI,DDSB,8,83,74,0.969,0.693,L0L,Northern,IB,No,Yes,Yes,8.7,2026-01-02
STU-0000246,School_007,Maple Hill PS,PDSB,1,89,97,0.776,0.952,K6B,GTA,Arts,Yes,Yes,No,1.7,2026-05-15
STU-0000247,School_006,Cedar Valley CI,WRDSB,11,86,58,0.894,0.627,K2M,Waterloo,AP,No,Yes,No,4.5,2026-05-20
STU-0000248,School_050,Oak Hill CI,YRDSB,4,56,61,0.88,0.657,L7A,Niagara,Regular,No,Yes,No,3.8,2026-04-24
STU-0000249,School_015,Oak Creek CI,HDSB,10,40,46,0.631,0.856,K1K,Durham,Arts,No,Yes,Yes,3.5,2026-06-22
STU-0000250,School_006,Elm Valley CI,HWDSB,2,63,48,0.682,0.682,L3F,Northern,Regular,Yes,Yes,No,9.2,2026-07-29
STU-0000251,School_095,Pine Creek CI,HWDSB,10,45,90,0.834,0.974,M1E,Durham,IB,Yes,Yes,No,2.3,2026-02-26
STU-0000252,School_034,Elm Park SS,HDSB,8,80,99,0.873,0.888,L2M,Durham,Arts,Yes,Yes,No,8.5,2026-05-11
STU-0000253,School_011,Pine Park PS,HWDSB,9,51,77,0.631,0.708,P8B,Southwestern,Arts,Yes,Yes,No,10.0,2026-01-01
STU-0000254,School_084,Maple Hill SS,PDSB,10,86,69,0.775,0.89,L4H,Southwestern,AP,Yes,Yes,No,7.1,2026-02-25
STU-0000255,School_072,Birch Hill SS,DDSB,6,40,62,0.76,0.854,K0E,Southwestern,IB,No,No,No,5.7,2026-03-29
STU-0000256,School_075,Pine Valley CI,DDSB,3,99,100,0.865,0.593,L2B,Waterloo,Regular,No,Yes,No,5.8,2026-07-02
STU-0000257,School_038,Oak Valley CI,PDSB,4,86,98,0.981,0.932,M7P,Northern,French Immersion,No,No,Yes,9.3,2026-03-13
STU-0000258,School_098,Cedar Valley PS,OCDSB,8,73,75,0.932,0.972,L5H,GTA,IB,Yes,No,No,4.4,2026-07-03
STU-0000259,School_041,Oak Park SS,OCDSB,5,90,78,0.661,0.686,P7N,Southwestern,Regular,Yes,No,No,3.3,2026-06-07
STU-0000260,School_004,Maple Ridge SS,WRDSB,11,48,86,0.692,0.86,M1J,Ottawa,IB,No,Yes,Yes,7.8,2026-07-19
STU-0000261,School_015,Cedar Ridge SS,HDSB,9,93,64,0.632,0.576,L8O,Niagara,AP,Yes,No,Yes,9.0,2026-01-22
STU-0000262,School_011,Birch Ridge PS,OCDSB,4,64,89,0.9,0.687,N8N,Eastern,Regular,No,Yes,Yes,6.7,2026-02-23
STU-0000263,School_100,Elm Hill CI,YRDSB,12,75,75,0.973,0.723,M3H,Northern,French Immersion,Yes,No,No,6.1,2026-03-28
STU-0000264,School_069,Cedar Park CI,PDSB,8,42,60,0.814,0.508,M7D,Southwestern,AP,Yes,Yes,Yes,6.6,2026-03-30
STU-0000265,School_066,Cedar Valley SS,WRDSB,2,89,45,0.845,0.882,P7H,GTA,French Immersion,Yes,Yes,No,8.7,2026-07-21
STU-0000266,School_074,Cedar Creek PS,WRDSB,12,95,67,0.895,0.986,M0O,Niagara,IB,Yes,Yes,No,8.6,2026-01-27
STU-0000267,School_037,Oak Park PS,OCDSB,11,49,56,0.88,0.932,P5D,Central,French Immersion,No,Yes,Yes,8.0,2026-02-15
STU-0000268,School_040,Maple Creek SS,DDSB,3,86,65,0.61,0.699,L4G,Ottawa,Regular,Yes,Yes,No,9.3,2026-04-23
STU-0000269,School_062,Pine Hill CI,PDSB,10,88,56,0.667,0.58,L2F,GTA,IB,Yes,Yes,Yes,6.7,2026-04-10
STU-0000270,School_023,Oak Hill SS,TDSB,5,97,68,0.812,0.972,N3J,Central,AP,Yes,No,No,7.0,2026-02-07
STU-0000271,School_093,Cedar Ridge CI,WRDSB,10,78,75,0.801,0.957,L1D,Hamilton,AP,Yes,No,No,4.6,2026-04-20
STU-0000272,School_022,Pine Creek PS,HDSB,8,50,58,0.724,0.908,L1L,Eastern,Arts,No,No,Yes,5.7,2026-04-15
STU-0000273,School_006,Pine Creek CI,WRDSB,1,80,44,0.818,0.544,L9N,Durham,AP,Yes,No,No,3.8,2026-01-23
STU-0000274,School_067,Birch Hill CI,HWDSB,5,79,86,0.677,0.546,N7L,Central,STEM,Yes,Yes,Yes,9.3,2026-06-06
STU-0000275,School_026,Birch Creek CI,OCDSB,10,63,64,0.675,0.809,N3M,Hamilton,Arts,Yes,Yes,No,9.2,2026-02-14
STU-0000276,School_027,Maple Park PS,PDSB,2,82,93,0.948,0.954,K4A,Southwestern,IB,No,No,Yes,8.6,2026-02-03
STU-0000277,School_097,Maple Hill CI,PDSB,3,60,77,0.748,0.891,N9L,Niagara,Regular,Yes,Yes,No,7.4,2026-03-03
STU-0000278,School_006,Maple Creek PS,YRDSB,4,53,77,0.73,0.744,L7P,Durham,Arts,No,No,No,1.9,2026-04-23
STU-0000279,School_100,Cedar Park PS,WRDSB,12,78,50,0.721,0.906,M0B,Waterloo,AP,Yes,Yes,No,1.8,2026-01-18
STU-0000280,School_081,Oak Ridge SS,OCDSB,1,66,64,0.923,0.544,K0C,Ottawa,STEM,No,No,No,2.0,2026-07-22
STU-0000281,School_096,Birch Creek CI,HWDSB,5,68,69,0.686,0.529,M0M,GTA,Regular,Yes,Yes,No,6.3,2026-02-27
STU-0000282,School_062,Maple Ridge PS,OCDSB,5,60,63,0.738,0.79,M3E,Northern,STEM,Yes,No,No,9.9,2026-03-27
STU-0000283,School_006,Birch Creek PS,PDSB,8,80,93,0.881,0.527,L6J,Waterloo,STEM,Yes,No,No,5.0,2026-05-20
STU-0000284,School_099,Birch Park SS,PDSB,5,80,53,0.738,0.588,M4L,Ottawa,IB,Yes,No,No,8.3,2026-03-26
STU-0000285,School_056,Birch Park CI,YRDSB,10,70,92,0.845,0.632,K0E,Hamilton,Arts,Yes,Yes,No,7.5,2026-03-20
STU-0000286,School_043,Cedar Hill CI,DDSB,2,50,41,0.746,0.519,P3J,Central,STEM,No,No,No,9.0,2026-03-29
STU-0000287,School_040,Maple Valley CI,OCDSB,2,58,83,0.767,0.973,N8C,Durham,STEM,No,Yes,No,6.5,2026-04-05
STU-0000288,School_083,Cedar Creek SS,HDSB,7,95,62,0.601,0.649,N7I,Southwestern,STEM,No,Yes,Yes,3.2,2026-07-24
STU-0000289,School_065,Cedar Ridge CI,OCDSB,4,67,51,0.96,0.747,P4E,Eastern,AP,No,Yes,No,6.7,2026-05-02
STU-0000290,School_091,Maple Ridge SS,HDSB,11,94,54,0.661,0.777,N1G,Durham,Regular,No,Yes,Yes,7.1,2026-01-14
STU-0000291,School_017,Birch Ridge CI,HWDSB,11,58,86,0.602,0.601,K7K,Niagara,French Immersion,No,Yes,No,7.6,2026-07-10
STU-0000292,School_038,Oak Creek PS,OCDSB,7,69,56,0.875,0.9,M8E,Niagara,STEM,Yes,No,No,6.3,2026-05-12
STU-0000293,School_096,Maple Ridge CI,HWDSB,2,89,46,0.77,0.943,K4A,Eastern,AP,Yes,Yes,No,1.1,2026-02-06
STU-0000294,School_061,Birch Hill SS,HDSB,12,62,84,0.804,0.792,N5L,Northern,Arts,Yes,Yes,No,2.0,2026-06-04
STU-0000295,School_084,Oak Creek CI,YRDSB,4,63,63,0.673,0.547,K5N,Northern,AP,No,Yes,No,8.6,2026-03-25
STU-0000296,School_081,Maple Park SS,YRDSB,11,43,46,0.619,0.703,K2B,GTA,Regular,No,Yes,Yes,6.5,2026-06-17
STU-0000297,School_069,Elm Creek PS,YRDSB,12,87,42,0.791,0.595,K5N,Niagara,Regular,No,Yes,Yes,4.5,2026-01-29
STU-0000298,School_034,Maple Valley SS,HWDSB,11,58,83,0.649,0.958,M1K,Northern,French Immersion,Yes,Yes,No,5.8,2026-07-31
STU-0000299,School_098,Pine Hill SS,OCDSB,8,70,64,0.739,0.839,P2L,Eastern,French Immersion,No,Yes,No,8.8,2026-03-10
STU-0000300,School_089,Cedar Park CI,DDSB,8,64,51,0.717,0.789,P8N,Ottawa,Arts,No,No,No,5.7,2026-06-22
STU-0000301,School_024,Birch Hill SS,TDSB,3,98,67,0.652,0.657,L2E,Southwestern,STEM,Yes,Yes,No,8.9,2026-02-03
STU-0000302,School_007,Birch Valley CI,WRDSB,12,82,67,0.634,0.51,N2F,Niagara,STEM,No,Yes,No,1.1,2026-07-10
STU-0000303,School_054,Cedar Creek SS,OCDSB,6,97,42,0.931,0.667,K9O,Central,IB,Yes,Yes,No,2.0,2026-06-27
STU-0000304,School_056,Oak Hill CI,DDSB,12,83,87,0.905,0.56,L3J,Niagara,Arts,No,No,No,5.7,2026-04-29
STU-0000305,School_028,Cedar Park CI,OCDSB,8,87,67,0.768,0.532,K1P,Niagara,Regular,No,No,No,7.6,2026-01-01
STU-0000306,School_035,Elm Creek SS,TDSB,9,68,50,0.954,0.82,M1A,Niagara,AP,No,No,No,6.9,2026-01-09
STU-0000307,School_046,Cedar Hill PS,TDSB,12,82,98,0.625,0.721,K8K,Niagara,IB,Yes,Yes,No,8.0,2026-06-10
STU-0000308,School_031,Birch Hill SS,HWDSB,5,66,61,0.611,0.884,K2J,GTA,French Immersion,Yes,No,Yes,7.3,2026-01-12
STU-0000309,School_071,Birch Park CI,WRDSB,12,80,51,0.691,0.935,L8G,Hamilton,STEM,No,Yes,No,6.7,2026-01-13
STU-0000310,School_067,Birch Ridge CI,HWDSB,12,82,88,0.755,0.646,N7I,Niagara,STEM,Yes,Yes,Yes,6.8,2026-05-24
STU-0000311,School_035,Oak Creek CI,TDSB,2,67,89,0.918,0.819,L8P,Central,Regular,No,No,Yes,9.5,2026-02-05
STU-0000312,School_041,Oak Hill PS,DDSB,12,80,72,0.851,0.52,L4C,Waterloo,IB,No,Yes,Yes,9.2,2026-04-29
STU-0000313,School_038,Birch Park PS,HWDSB,6,57,56,0.838,0.846,L3B,Central,Arts,Yes,Yes,No,4.3,2026-02-16
STU-0000314,School_085,Cedar Park PS,TDSB,9,78,86,0.679,0.829,N5K,Waterloo,Arts,No,Yes,No,7.1,2026-04-19
STU-0000315,School_099,Pine Valley PS,YRDSB,8,52,73,0.789,0.52,N8O,Eastern,AP,Yes,Yes,No,5.6,2026-04-25
STU-0000316,School_059,Pine Park SS,WRDSB,9,87,96,0.908,0.559,N6D,Hamilton,French Immersion,No,No,No,2.6,2026-07-26
STU-0000317,School_010,Birch Creek PS,WRDSB,4,46,62,0.941,0.501,P7B,Hamilton,Regular,Yes,Yes,Yes,7.9,2026-06-14
STU-0000318,School_100,Oak Park CI,OCDSB,6,42,79,0.977,0.701,P3A,Eastern,Arts,No,Yes,Yes,8.7,2026-05-24
STU-0000319,School_079,Elm Creek CI,HWDSB,3,74,98,0.7,0.521,M7E,Niagara,STEM,Yes,Yes,No,2.5,2026-03-08
STU-0000320,School_014,Birch Hill PS,TDSB,11,96,51,0.65,0.673,M6H,Eastern,STEM,No,No,No,7.7,2026-03-18
STU-0000321,School_024,Elm Hill PS,DDSB,6,74,84,0.945,0.8,M1H,Ottawa,Regular,Yes,Yes,No,2.3,2026-04-26
STU-0000322,School_003,Oak Park SS,PDSB,9,80,57,0.719,0.528,L3A,Hamilton,IB,No,No,Yes,4.0,2026-06-11
STU-0000323,School_100,Elm Park CI,DDSB,9,64,93,0.719,0.658,N4M,Central,Regular,No,Yes,No,1.8,2026-06-21
STU-0000324,School_032,Pine Hill CI,PDSB,11,67,49,0.982,0.757,L8H,Central,AP,No,Yes,Yes,10.0,2026-05-22
STU-0000325,School_099,Maple Creek PS,TDSB,3,90,65,0.651,0.969,K3E,Waterloo,AP,Yes,Yes,Yes,1.1,2026-01-11
STU-0000326,School_058,Birch Hill SS,WRDSB,8,53,94,0.836,0.659,P0A,Durham,STEM,Yes,No,No,3.7,2026-07-07
STU-0000327,School_012,Cedar Hill SS,OCDSB,12,55,97,0.609,0.969,P9J,Niagara,AP,No,Yes,Yes,6.3,2026-06-02
STU-0000328,School_060,Birch Creek PS,DDSB,9,80,89,0.707,0.638,M7N,Central,Regular,Yes,No,Yes,2.5,2026-01-21
STU-0000329,School_078,Oak Hill SS,PDSB,3,69,44,0.835,0.539,P8I,Southwestern,AP,No,Yes,No,6.7,2026-05-16
STU-0000330,School_072,Oak Ridge SS,OCDSB,4,57,53,0.623,0.521,K2L,Northern,Arts,No,No,Yes,1.1,2026-04-05
STU-0000331,School_021,Pine Hill SS,WRDSB,5,69,79,0.879,0.787,P1K,GTA,Regular,Yes,Yes,No,5.6,2026-02-13
STU-0000332,School_013,Maple Ridge PS,WRDSB,8,40,96,0.646,0.699,L4D,Durham,French Immersion,No,Yes,No,6.6,2026-07-26
STU-0000333,School_028,Maple Ridge CI,YRDSB,11,86,45,0.822,0.609,M4C,Ottawa,Regular,Yes,No,Yes,7.0,2026-04-16
STU-0000334,School_061,Birch Creek SS,YRDSB,5,93,83,0.836,0.749,N1J,GTA,IB,Yes,Yes,Yes,4.8,2026-02-23
STU-0000335,School_028,Pine Hill PS,YRDSB,7,55,53,0.946,0.615,K3P,Eastern,AP,Yes,No,No,3.4,2026-05-17
STU-0000336,School_075,Birch Creek PS,DDSB,9,97,71,0.72,0.634,L3D,Northern,IB,Yes,No,No,6.6,2026-07-24
STU-0000337,School_014,Elm Ridge SS,HDSB,11,41,58,0.769,0.888,M0D,Southwestern,Arts,Yes,Yes,No,5.4,2026-05-26
STU-0000338,School_082,Pine Ridge PS,YRDSB,3,47,95,0.751,0.618,L7O,Niagara,Regular,No,No,No,10.0,2026-07-25
STU-0000339,School_029,Pine Park CI,PDSB,4,64,56,0.907,0.62,M1M,Waterloo,STEM,No,No,No,6.1,2026-06-10
STU-0000340,School_056,Cedar Valley SS,HWDSB,5,81,71,0.938,0.516,L9F,Hamilton,Arts,Yes,Yes,No,7.7,2026-06-07
STU-0000341,School_064,Pine Valley CI,TDSB,7,65,76,0.613,0.706,N4G,GTA,IB,No,No,No,9.4,2026-06-09
STU-0000342,School_064,Cedar Hill SS,HDSB,7,42,66,0.79,0.83,M1F,Durham,Regular,Yes,Yes,No,2.8,2026-05-23
STU-0000343,School_011,Maple Hill CI,OCDSB,12,81,63,0.872,0.992,K4H,Niagara,IB,No,No,Yes,2.6,2026-02-01
STU-0000344,School_083,Cedar Valley CI,HWDSB,7,61,93,0.822,0.667,N9P,Ottawa,IB,No,No,No,3.4,2026-05-28
STU-0000345,School_039,Pine Valley CI,OCDSB,6,88,100,0.619,0.773,K3M,Hamilton,Arts,Yes,Yes,No,8.7,2026-02-19
STU-0000346,School_047,Pine Creek SS,HDSB,8,49,99,0.842,0.907,P7E,Central,AP,Yes,No,No,4.7,2026-06-19
STU-0000347,School_049,Oak Creek CI,WRDSB,11,42,63,0.723,0.743,P5G,Waterloo,French Immersion,Yes,Yes,No,8.3,2026-03-04
STU-0000348,School_090,Cedar Hill SS,HWDSB,11,71,69,0.631,0.962,N1H,Durham,Regular,No,No,Yes,1.5,2026-02-16
STU-0000349,School_066,Birch Hill SS,HWDSB,4,74,54,0.951,0.935,M4B,Southwestern,AP,No,Yes,No,9.6,2026-02-09
STU-0000350,School_030,Cedar Park PS,HWDSB,10,52,54,0.932,0.834,N5O,Southwestern,IB,No,Yes,No,6.9,2026-04-27
STU-0000351,School_035,Oak Valley SS,HDSB,3,41,56,0.963,0.785,L5G,GTA,French Immersion,No,Yes,No,4.5,2026-05-18
STU-0000352,School_061,Birch Ridge CI,PDSB,4,79,62,0.964,0.622,P5I,Eastern,French Immersion,No,No,No,9.3,2026-05-13
STU-0000353,School_082,Elm Hill CI,HWDSB,3,87,98,0.6,0.695,N2D,Niagara,French Immersion,No,No,No,5.0,2026-05-17
STU-0000354,School_033,Oak Park SS,DDSB,9,62,40,0.814,0.524,N1B,Central,STEM,No,Yes,No,6.9,2026-03-25
STU-0000355,School_019,Birch Park SS,PDSB,6,77,65,0.725,0.614,M0L,Ottawa,Regular,No,No,No,8.8,2026-05-13
STU-0000356,School_070,Cedar Ridge PS,OCDSB,3,64,61,0.739,0.835,P9G,Eastern,Regular,Yes,Yes,Yes,9.0,2026-07-08
STU-0000357,School_046,Oak Valley PS,TDSB,6,98,45,0.766,0.705,L2G,Southwestern,French Immersion,Yes,No,No,4.1,2026-04-27
STU-0000358,School_038,Birch Creek CI,PDSB,7,92,58,0.867,0.652,N2I,Eastern,STEM,Yes,No,No,4.0,2026-01-04
STU-0000359,School_031,Pine Hill PS,WRDSB,7,51,62,0.941,0.787,L4D,Northern,Arts,Yes,No,No,1.1,2026-06-23
STU-0000360,School_097,Pine Valley SS,TDSB,11,41,77,0.719,0.727,P0I,Ottawa,Regular,No,No,No,9.9,2026-07-27
STU-0000361,School_028,Oak Creek SS,PDSB,6,81,69,0.705,0.714,N7A,Durham,French Immersion,Yes,Yes,No,4.9,2026-08-01
STU-0000362,School_084,Pine Valley CI,TDSB,8,86,90,0.66,0.912,P9L,Central,French Immersion,Yes,No,No,9.6,2026-07-01
STU-0000363,School_030,Maple Park CI,HDSB,11,61,63,0.969,0.683,N8I,Ottawa,French Immersion,Yes,No,No,4.5,2026-06-01
STU-0000364,School_091,Birch Creek PS,DDSB,12,65,78,0.925,0.942,M2G,Central,French Immersion,No,No,No,8.0,2026-04-08
STU-0000365,School_056,Cedar Valley CI,PDSB,6,80,91,0.812,0.634,N1I,Hamilton,Arts,No,No,Yes,6.4,2026-07-07
STU-0000366,School_092,Birch Hill SS,YRDSB,12,63,47,0.746,0.948,M3K,GTA,Arts,Yes,No,No,1.3,2026-05-02
STU-0000367,School_068,Pine Park CI,YRDSB,5,45,47,0.916,0.683,P9F,Hamilton,STEM,Yes,Yes,No,6.4,2026-07-20
STU-0000368,School_020,Maple Creek PS,TDSB,3,58,60,0.612,0.691,L8M,Southwestern,IB,Yes,No,No,1.9,2026-04-28
STU-0000369,School_062,Pine Valley SS,TDSB,3,45,79,0.792,0.531,K0N,Eastern,IB,Yes,Yes,No,3.8,2026-05-12
STU-0000370,School_055,Oak Park PS,DDSB,3,46,53,0.818,0.711,L1O,Ottawa,IB,No,No,Yes,8.1,2026-01-18
STU-0000371,School_032,Birch Park SS,YRDSB,9,57,63,0.816,0.544,K4I,Eastern,Arts,Yes,Yes,Yes,6.9,2026-07-26
STU-0000372,School_033,Pine Creek CI,PDSB,12,73,84,0.839,0.659,P1E,Eastern,STEM,No,No,No,9.5,2026-04-29
STU-0000373,School_077,Cedar Hill PS,YRDSB,12,40,81,0.79,0.517,P9B,Eastern,French Immersion,Yes,No,No,1.9,2026-07-23
STU-0000374,School_086,Pine Hill CI,HDSB,8,67,78,0.807,0.835,N1H,Waterloo,Regular,No,Yes,No,3.3,2026-03-12
STU-0000375,School_006,Maple Valley CI,OCDSB,8,52,45,0.743,0.575,K5O,GTA,AP,No,No,Yes,2.6,2026-03-08
STU-0000376,School_035,Elm Park PS,TDSB,10,73,47,0.715,0.559,L4B,Central,STEM,Yes,Yes,No,1.8,2026-04-21
STU-0000377,School_065,Pine Hill SS,OCDSB,10,55,61,0.987,0.562,N3O,Northern,Regular,Yes,Yes,No,5.0,2026-04-10
STU-0000378,School_041,Elm Park CI,WRDSB,9,42,67,0.677,0.828,L4M,Durham,Regular,Yes,Yes,No,1.2,2026-01-06
STU-0000379,School_024,Cedar Ridge CI,OCDSB,11,67,42,0.642,0.931,P0H,Durham,Regular,No,No,Yes,8.9,2026-05-07
STU-0000380,School_002,Cedar Creek PS,WRDSB,12,93,75,0.87,0.648,L4D,Ottawa,Regular,No,No,No,3.3,2026-06-01
STU-0000381,School_036,Elm Creek CI,HDSB,11,42,78,0.762,0.652,N5I,Central,Arts,Yes,Yes,Yes,6.9,2026-05-10
STU-0000382,School_004,Cedar Valley SS,TDSB,2,61,81,0.943,0.638,L2C,Southwestern,Arts,No,Yes,Yes,6.5,2026-05-29
STU-0000383,School_004,Cedar Hill SS,TDSB,3,78,41,0.669,0.865,M1H,Eastern,French Immersion,No,Yes,Yes,1.8,2026-05-26
STU-0000384,School_014,Pine Creek CI,HWDSB,8,71,93,0.918,0.905,L6P,Ottawa,Arts,No,No,No,4.7,2026-02-16
STU-0000385,School_011,Elm Hill SS,TDSB,9,74,59,0.945,0.513,P7K,Eastern,STEM,No,No,No,2.4,2026-06-23
STU-0000386,School_041,Pine Ridge SS,DDSB,4,89,74,0.679,0.749,K9K,Hamilton,IB,Yes,No,No,6.2,2026-04-28
STU-0000387,School_050,Maple Valley CI,DDSB,6,84,49,0.83,0.848,P0B,Northern,IB,No,Yes,No,1.7,2026-02-02
STU-0000388,School_044,Birch Hill SS,WRDSB,10,63,87,0.644,0.501,L9M,Hamilton,STEM,Yes,No,No,1.7,2026-05-16
STU-0000389,School_047,Cedar Ridge CI,YRDSB,12,53,51,0.882,0.694,K9E,Niagara,IB,No,Yes,No,9.6,2026-03-07
STU-0000390,School_033,Elm Valley CI,TDSB,8,68,92,0.71,0.59,L9K,GTA,IB,No,No,No,7.0,2026-04-15
STU-0000391,School_037,Pine Hill SS,TDSB,12,93,71,0.841,0.665,P5G,Northern,AP,No,Yes,No,8.0,2026-07-23
STU-0000392,School_072,Cedar Hill SS,WRDSB,5,97,56,0.665,0.817,P8P,Waterloo,AP,Yes,No,No,5.7,2026-04-09
STU-0000393,School_009,Maple Valley CI,WRDSB,6,95,45,0.877,0.594,M2A,Eastern,Regular,Yes,No,No,1.2,2026-06-05
STU-0000394,School_047,Cedar Valley SS,TDSB,6,71,99,0.743,0.571,L9P,Southwestern,French Immersion,Yes,Yes,No,7.0,2026-04-20
STU-0000395,School_036,Cedar Ridge SS,HWDSB,8,93,65,0.614,0.985,N0N,Waterloo,IB,Yes,Yes,No,2.4,2026-07-24
STU-0000396,School_024,Elm Park CI,DDSB,3,80,54,0.983,0.638,N4O,Waterloo,Arts,No,No,No,1.3,2026-05-23
STU-0000397,School_008,Cedar Ridge CI,PDSB,4,41,84,0.892,0.98,M3K,Niagara,STEM,Yes,No,No,7.6,2026-06-04
STU-0000398,School_022,Oak Ridge PS,PDSB,11,67,69,0.789,0.63,N3C,Eastern,STEM,Yes,No,Yes,1.9,2026-07-23
STU-0000399,School_006,Oak Ridge PS,HWDSB,6,86,62,0.822,0.621,P6P,Ottawa,AP,No,No,Yes,2.7,2026-03-10
STU-0000400,School_065,Oak Creek CI,PDSB,3,42,93,0.756,0.538,L5F,Durham,French Immersion,No,No,No,9.9,2026-07-05
STU-0000401,School_020,Oak Park SS,DDSB,6,45,86,0.723,0.89,P2P,Central,STEM,No,Yes,Yes,4.8,2026-04-02
STU-0000402,School_066,Pine Creek CI,HWDSB,5,64,49,0.97,0.847,M4D,Waterloo,Regular,Yes,Yes,No,5.5,2026-05-23
STU-0000403,School_001,Oak Creek PS,OCDSB,6,77,62,0.704,0.68,L3J,Southwestern,French Immersion,No,Yes,Yes,3.5,2026-01-24
STU-0000404,School_093,Pine Creek CI,TDSB,9,42,56,0.931,0.651,N9L,Eastern,IB,Yes,Yes,Yes,4.4,2026-04-19
STU-0000405,School_052,Maple Park SS,OCDSB,4,66,86,0.988,0.982,K3F,Northern,Regular,No,Yes,No,4.2,2026-07-22
STU-0000406,School_069,Maple Valley CI,WRDSB,7,87,88,0.814,0.597,M5H,Hamilton,Arts,No,Yes,No,4.8,2026-01-30
STU-0000407,School_078,Birch Ridge SS,YRDSB,5,82,67,0.769,0.784,K5F,Eastern,Arts,No,No,Yes,8.9,2026-02-01
STU-0000408,School_083,Oak Valley CI,HDSB,1,47,46,0.823,0.823,K5O,Eastern,AP,Yes,Yes,No,4.3,2026-06-24
STU-0000409,School_005,Maple Creek PS,OCDSB,8,82,100,0.637,0.787,N0H,Ottawa,Regular,No,Yes,No,2.1,2026-05-16
STU-0000410,School_005,Birch Creek PS,TDSB,6,100,95,0.984,0.829,N7K,Eastern,Regular,Yes,No,No,7.6,2026-03-06
STU-0000411,School_032,Oak Hill SS,OCDSB,2,65,67,0.7,0.627,L5A,Hamilton,STEM,No,Yes,Yes,5.3,2026-05-08
STU-0000412,School_067,Elm Valley PS,TDSB,6,98,70,0.739,0.902,N5G,Niagara,IB,Yes,No,No,8.9,2026-07-19
STU-0000413,School_072,Maple Hill SS,HWDSB,1,41,98,0.788,0.982,K1F,Niagara,STEM,No,Yes,No,8.7,2026-02-28
STU-0000414,School_070,Oak Hill CI,PDSB,1,74,100,0.99,0.704,L2I,Eastern,French Immersion,Yes,No,No,3.6,2026-02-28
STU-0000415,School_093,Pine Park CI,WRDSB,2,40,79,0.793,0.686,N7N,Waterloo,Arts,No,No,Yes,6.0,2026-01-16
STU-0000416,School_079,Birch Creek CI,HWDSB,6,57,84,0.663,0.953,K9G,Ottawa,AP,No,Yes,No,5.0,2026-02-03
STU-0000417,School_031,Elm Hill CI,YRDSB,7,77,58,0.642,0.98,M3D,Central,Arts,Yes,No,No,2.8,2026-03-21
STU-0000418,School_025,Maple Park CI,YRDSB,2,64,41,0.946,0.513,M3K,Ottawa,Arts,Yes,No,Yes,3.6,2026-07-15
STU-0000419,School_003,Maple Creek PS,OCDSB,3,81,49,0.813,0.621,P0A,Niagara,IB,No,No,No,2.5,2026-03-23
STU-0000420,School_099,Birch Hill CI,HDSB,3,95,55,0.82,0.551,K4F,Northern,STEM,Yes,No,Yes,4.6,2026-03-02
STU-0000421,School_032,Cedar Ridge PS,DDSB,4,73,89,0.927,0.64,L2J,Waterloo,STEM,Yes,No,No,7.5,2026-01-18
STU-0000422,School_029,Oak Valley SS,PDSB,6,55,63,0.973,0.732,L3J,Central,STEM,No,Yes,Yes,7.5,2026-06-28
STU-0000423,School_081,Elm Hill SS,WRDSB,8,91,55,0.749,0.683,M9H,Eastern,AP,No,No,No,7.0,2026-03-03
STU-0000424,School_041,Pine Ridge PS,OCDSB,9,40,62,0.845,0.918,P1G,Northern,French Immersion,No,No,No,7.8,2026-07-22
STU-0000425,School_004,Maple Hill PS,PDSB,5,83,61,0.719,0.779,K6I,Eastern,AP,No,Yes,No,9.9,2026-02-25
STU-0000426,School_019,Birch Creek SS,PDSB,9,87,72,0.84,0.533,N3L,Waterloo,Regular,Yes,No,No,1.1,2026-07-07
STU-0000427,School_025,Maple Valley SS,TDSB,3,80,44,0.711,0.81,M4E,Ottawa,IB,Yes,No,Yes,1.2,2026-01-21
STU-0000428,School_078,Maple Park SS,TDSB,3,96,49,0.901,0.895,M6I,Northern,Regular,No,No,No,2.9,2026-02-13
STU-0000429,School_003,Elm Hill CI,OCDSB,7,72,53,0.829,0.936,M7G,Southwestern,Arts,No,Yes,Yes,1.1,2026-03-04
STU-0000430,School_055,Maple Hill CI,DDSB,1,95,98,0.891,0.701,N5M,Niagara,Regular,Yes,No,Yes,1.7,2026-05-03
STU-0000431,School_051,Elm Park SS,HWDSB,5,42,80,0.694,0.551,P4B,Niagara,Regular,No,No,No,4.9,2026-01-09
STU-0000432,School_007,Birch Hill PS,WRDSB,7,93,60,0.603,0.964,M7P,Northern,AP,Yes,No,No,8.5,2026-03-10
STU-0000433,School_079,Oak Valley PS,WRDSB,8,65,73,0.88,0.881,K8H,Southwestern,Arts,No,Yes,Yes,1.6,2026-05-22
STU-0000434,School_038,Pine Park CI,TDSB,12,50,63,0.908,0.781,K1E,Waterloo,IB,No,Yes,Yes,3.0,2026-07-07
STU-0000435,School_005,Oak Park PS,WRDSB,8,51,80,0.924,0.788,M6O,Northern,Arts,Yes,No,No,8.6,2026-07-20
STU-0000436,School_033,Oak Valley PS,PDSB,11,45,53,0.673,0.948,K4E,Ottawa,AP,No,No,No,1.5,2026-07-14
STU-0000437,School_078,Birch Creek CI,WRDSB,6,50,92,0.963,0.515,P7I,Central,IB,No,Yes,No,7.5,2026-01-01
STU-0000438,School_045,Birch Hill SS,HWDSB,12,80,93,0.914,0.753,M8H,Northern,Arts,Yes,No,No,5.1,2026-04-21
STU-0000439,School_058,Cedar Creek SS,HDSB,7,42,61,0.836,0.859,N9P,Northern,Arts,Yes,No,No,2.8,2026-05-23
STU-0000440,School_086,Pine Creek PS,OCDSB,2,43,79,0.817,0.978,N5P,Niagara,Arts,Yes,Yes,No,5.8,2026-07-29
STU-0000441,School_077,Elm Valley SS,DDSB,2,62,62,0.846,0.794,L7C,Niagara,STEM,Yes,No,No,8.8,2026-02-19
STU-0000442,School_015,Pine Hill SS,PDSB,6,55,62,0.719,0.76,K7B,Northern,AP,Yes,Yes,Yes,9.8,2026-03-28
STU-0000443,School_071,Oak Hill CI,HWDSB,6,68,58,0.943,0.643,M8D,Southwestern,AP,No,Yes,No,7.7,2026-07-01
STU-0000444,School_039,Maple Park CI,TDSB,12,56,66,0.737,0.566,M8O,Northern,Arts,No,Yes,No,6.6,2026-06-08
STU-0000445,School_099,Elm Hill PS,DDSB,7,62,47,0.627,0.924,P8N,GTA,AP,No,No,Yes,3.0,2026-06-22
STU-0000446,School_004,Pine Creek CI,DDSB,12,55,51,0.965,0.85,P5A,Southwestern,STEM,Yes,No,No,2.3,2026-05-31
STU-0000447,School_054,Cedar Creek PS,WRDSB,10,92,57,0.985,0.97,L6F,Central,Arts,No,No,No,3.3,2026-06-16
STU-0000448,School_042,Birch Park PS,HWDSB,6,49,66,0.655,0.949,M4A,Hamilton,Arts,No,No,No,5.2,2026-01-13
STU-0000449,School_004,Oak Hill SS,HWDSB,10,45,49,0.622,0.915,L0B,Niagara,French Immersion,No,No,No,1.6,2026-05-10
STU-0000450,School_054,Birch Hill SS,DDSB,2,55,50,0.843,0.559,M3O,Ottawa,Arts,Yes,No,No,1.3,2026-04-08
STU-0000451,School_096,Oak Ridge PS,PDSB,3,96,67,0.794,0.813,M7I,Ottawa,IB,Yes,Yes,No,5.8,2026-03-03
STU-0000452,School_012,Pine Park CI,YRDSB,9,51,83,0.954,0.955,M4A,Ottawa,Arts,Yes,No,No,9.4,2026-05-11
STU-0000453,School_002,Elm Hill CI,YRDSB,6,79,63,0.687,0.626,N9L,Hamilton,AP,No,Yes,No,6.5,2026-01-14
STU-0000454,School_013,Oak Hill PS,OCDSB,2,41,71,0.846,0.87,K2J,Hamilton,French Immersion,No,Yes,No,6.8,2026-03-18
STU-0000455,School_052,Oak Creek SS,WRDSB,2,75,58,0.82,0.718,P3K,GTA,French Immersion,No,Yes,Yes,3.4,2026-05-15
STU-0000456,School_079,Cedar Ridge PS,DDSB,4,83,66,0.939,0.878,P6M,Niagara,STEM,No,Yes,No,6.7,2026-02-16
STU-0000457,School_061,Cedar Park CI,PDSB,2,41,68,0.868,0.888,L8G,Central,Regular,No,No,Yes,1.9,2026-03-02
STU-0000458,School_087,Cedar Ridge SS,YRDSB,6,73,88,0.768,0.812,L9I,Niagara,AP,Yes,No,No,7.7,2026-01-28
STU-0000459,School_075,Cedar Ridge SS,WRDSB,6,92,75,0.932,0.734,P0N,Southwestern,IB,No,Yes,Yes,9.2,2026-03-13
STU-0000460,School_051,Oak Creek SS,YRDSB,7,72,96,0.61,0.536,P4O,Northern,IB,No,No,No,7.5,2026-01-31
STU-0000461,School_022,Cedar Creek SS,HWDSB,2,58,84,0.874,0.502,M0F,Eastern,AP,No,No,No,4.9,2026-04-05
STU-0000462,School_011,Cedar Hill PS,YRDSB,5,57,61,0.837,0.962,K3N,Southwestern,Arts,No,No,Yes,2.1,2026-04-14
STU-0000463,School_009,Elm Valley CI,DDSB,6,78,60,0.874,0.992,K3C,Durham,French Immersion,Yes,No,No,8.7,2026-04-09
STU-0000464,School_005,Oak Park PS,HWDSB,8,90,96,0.679,0.81,P4N,GTA,AP,Yes,No,Yes,3.5,2026-04-03
STU-0000465,School_040,Birch Ridge SS,HWDSB,10,42,100,0.612,0.998,M8D,Southwestern,Regular,No,No,No,4.4,2026-02-16
STU-0000466,School_040,Birch Park PS,OCDSB,8,60,89,0.715,0.967,M7D,Southwestern,STEM,Yes,No,No,5.5,2026-01-28
STU-0000467,School_098,Pine Ridge SS,YRDSB,12,56,69,0.664,0.609,N6C,Ottawa,AP,No,Yes,No,5.4,2026-02-12
STU-0000468,School_058,Birch Park CI,TDSB,5,77,73,0.859,0.694,M1O,Northern,IB,No,Yes,No,7.0,2026-03-31
STU-0000469,School_031,Elm Park SS,PDSB,10,93,81,0.667,0.922,M1E,GTA,French Immersion,No,No,No,8.3,2026-02-01
STU-0000470,School_059,Oak Ridge SS,HWDSB,2,82,49,0.942,0.603,M4O,Northern,Regular,Yes,No,No,4.3,2026-06-17
STU-0000471,School_055,Maple Valley CI,YRDSB,8,94,44,0.721,0.701,M9M,Eastern,Regular,No,No,No,6.0,2026-04-26
STU-0000472,School_013,Pine Valley CI,YRDSB,7,89,97,0.845,0.819,M9M,Hamilton,Arts,Yes,Yes,Yes,9.8,2026-07-20
STU-0000473,School_032,Oak Hill PS,WRDSB,10,40,51,0.739,0.668,M0C,Waterloo,STEM,Yes,Yes,Yes,7.0,2026-03-20
STU-0000474,School_099,Maple Park SS,OCDSB,7,76,82,0.728,0.687,P7K,Eastern,Arts,No,No,No,4.8,2026-06-14
STU-0000475,School_002,Birch Park PS,DDSB,9,64,54,0.641,0.684,P0H,Central,AP,Yes,No,No,7.0,2026-03-10
STU-0000476,School_071,Maple Valley CI,OCDSB,10,88,82,0.701,0.593,P7E,Hamilton,AP,No,Yes,Yes,7.7,2026-01-09
STU-0000477,School_021,Maple Hill CI,HDSB,11,88,84,0.673,0.816,N5F,Niagara,AP,No,No,No,4.9,2026-03-03
STU-0000478,School_074,Maple Ridge PS,TDSB,5,83,55,0.699,0.928,M6E,Durham,AP,No,No,No,2.8,2026-05-03
STU-0000479,School_092,Elm Ridge PS,PDSB,5,68,86,0.928,0.759,K4I,Durham,Regular,No,No,No,2.2,2026-03-17
STU-0000480,School_026,Birch Ridge CI,WRDSB,6,78,46,0.736,0.834,N1H,Ottawa,IB,No,Yes,No,4.0,2026-01-29
STU-0000481,School_034,Cedar Valley PS,TDSB,12,94,47,0.902,0.903,K7D,Durham,Arts,Yes,Yes,No,4.6,2026-04-05
STU-0000482,School_018,Elm Ridge CI,DDSB,4,40,68,0.987,0.648,L0D,Southwestern,STEM,Yes,No,No,7.0,2026-07-27
STU-0000483,School_033,Elm Ridge CI,TDSB,3,57,80,0.767,0.71,L5B,Northern,Arts,No,Yes,No,3.2,2026-06-03
STU-0000484,School_034,Cedar Valley PS,DDSB,3,98,86,0.7,0.764,M7D,Waterloo,STEM,No,Yes,Yes,3.7,2026-05-26
STU-0000485,School_009,Birch Park PS,YRDSB,9,64,49,0.644,0.918,K4H,Waterloo,Regular,Yes,No,No,6.8,2026-02-08
STU-0000486,School_035,Birch Valley CI,PDSB,10,45,60,0.831,0.91,K9M,Durham,Arts,No,No,No,9.5,2026-05-31
STU-0000487,School_080,Birch Ridge PS,YRDSB,1,71,46,0.802,0.91,M9O,Central,French Immersion,No,Yes,No,9.6,2026-06-06
STU-0000488,School_003,Birch Ridge PS,HWDSB,8,87,80,0.683,0.772,P5G,Southwestern,French Immersion,No,No,No,7.0,2026-02-14
STU-0000489,School_094,Elm Ridge SS,PDSB,4,59,62,0.93,0.789,P3E,Niagara,Regular,No,No,No,3.4,2026-04-15
STU-0000490,School_069,Cedar Creek SS,YRDSB,9,63,68,0.752,0.91,P6H,Southwestern,Regular,No,Yes,Yes,6.5,2026-07-24
STU-0000491,School_060,Maple Park CI,YRDSB,9,53,51,0.659,0.606,L9J,Hamilton,Regular,No,No,No,8.9,2026-06-12
STU-0000492,School_040,Elm Hill PS,TDSB,10,76,75,0.868,0.857,L7A,Hamilton,STEM,Yes,No,Yes,7.2,2026-04-24
STU-0000493,School_096,Elm Park PS,WRDSB,9,68,62,0.868,0.52,K9B,Waterloo,AP,No,No,Yes,3.6,2026-07-04
STU-0000494,School_009,Elm Ridge CI,DDSB,2,96,90,0.769,0.675,N2A,Durham,Arts,No,Yes,No,4.7,2026-04-21
STU-0000495,School_039,Pine Ridge CI,HWDSB,10,74,90,0.883,0.536,M1K,Durham,STEM,Yes,No,No,7.3,2026-04-23
STU-0000496,School_084,Birch Hill CI,TDSB,9,55,43,0.621,0.515,L3P,Ottawa,IB,Yes,Yes,No,4.6,2026-08-01
STU-0000497,School_006,Elm Valley SS,OCDSB,7,96,91,0.707,0.611,K7K,Central,AP,No,Yes,No,10.0,2026-02-06
STU-0000498,School_063,Cedar Ridge PS,TDSB,11,48,52,0.959,0.523,M6L,GTA,Arts,No,No,No,9.8,2026-05-08
STU-0000499,School_029,Birch Creek CI,OCDSB,11,42,88,0.955,0.92,M7O,Ottawa,Arts,No,No,No,3.3,2026-07-03
STU-0000500,School_023,Oak Hill CI,PDSB,2,57,43,0.854,0.841,K1D,Waterloo,STEM,No,No,No,7.7,2026-02-26
STU-0000501,School_023,Cedar Ridge PS,WRDSB,6,87,98,0.77,0.955,N6G,Southwestern,Arts,No,No,No,5.2,2026-07-02
STU-0000502,School_017,Oak Valley PS,HWDSB,1,88,73,0.729,0.806,P8P,GTA,IB,No,No,No,5.6,2026-02-10
STU-0000503,School_003,Oak Park SS,OCDSB,4,55,45,0.653,0.719,P0C,GTA,Arts,No,Yes,No,3.8,2026-03-21
STU-0000504,School_067,Elm Hill CI,HDSB,8,52,88,0.795,0.851,L5G,Niagara,IB,Yes,No,No,6.0,2026-03-23
STU-0000505,School_091,Cedar Creek CI,HWDSB,9,93,76,0.606,0.522,K6N,Niagara,AP,No,No,No,3.4,2026-04-13
STU-0000506,School_001,Maple Creek PS,TDSB,4,69,59,0.944,0.876,M6H,Waterloo,French Immersion,No,No,No,1.5,2026-01-26
STU-0000507,School_030,Elm Valley CI,HWDSB,8,82,91,0.938,0.636,P4F,Durham,IB,Yes,No,No,8.9,2026-04-20
STU-0000508,School_043,Cedar Park CI,WRDSB,7,77,84,0.649,0.541,L4N,Eastern,AP,Yes,No,No,3.3,2026-04-26
STU-0000509,School_098,Birch Park PS,HDSB,1,64,81,0.712,0.681,N6C,Niagara,IB,No,Yes,No,7.6,2026-02-16
STU-0000510,School_082,Elm Ridge SS,WRDSB,3,67,84,0.908,0.666,P7N,Northern,Regular,Yes,No,No,9.0,2026-03-22
STU-0000511,School_001,Pine Ridge PS,DDSB,10,88,46,0.892,0.888,P7N,Niagara,STEM,Yes,No,No,5.9,2026-02-27
STU-0000512,School_026,Oak Valley CI,HWDSB,6,67,50,0.79,0.855,N1C,Waterloo,Regular,Yes,Yes,No,1.0,2026-04-01
STU-0000513,School_039,Maple Creek SS,OCDSB,4,81,85,0.924,0.533,M3J,Durham,French Immersion,No,No,No,1.8,2026-05-18
STU-0000514,School_083,Cedar Creek PS,WRDSB,9,87,44,0.85,0.954,N1J,Niagara,French Immersion,No,Yes,Yes,2.8,2026-07-31
STU-0000515,School_100,Elm Park CI,OCDSB,11,76,69,0.959,0.798,L0C,Hamilton,AP,Yes,No,No,2.9,2026-07-01
STU-0000516,School_027,Oak Creek CI,HDSB,11,66,94,0.843,0.547,M3D,Durham,Arts,Yes,Yes,No,4.2,2026-05-22
STU-0000517,School_078,Pine Valley SS,HWDSB,9,45,66,0.936,0.651,K7M,Niagara,Regular,No,Yes,Yes,1.8,2026-03-03
STU-0000518,School_063,Pine Valley SS,HDSB,2,46,66,0.942,0.547,K2O,Central,IB,Yes,Yes,No,8.4,2026-04-26
STU-0000519,School_041,Cedar Creek SS,WRDSB,3,41,66,0.747,0.961,K4I,Southwestern,French Immersion,No,No,No,2.3,2026-07-03
STU-0000520,School_099,Elm Creek CI,YRDSB,1,91,76,0.791,0.629,P3G,Waterloo,French Immersion,No,Yes,Yes,1.8,2026-06-17
STU-0000521,School_025,Elm Ridge PS,HWDSB,9,92,97,0.976,0.753,N7P,Durham,STEM,No,Yes,Yes,9.7,2026-03-22
STU-0000522,School_002,Oak Park SS,WRDSB,4,55,99,0.825,0.671,M3O,Durham,Arts,No,Yes,Yes,9.5,2026-01-07
STU-0000523,School_060,Pine Hill CI,YRDSB,7,55,46,0.934,0.764,N7J,Niagara,STEM,Yes,Yes,Yes,3.2,2026-06-01
STU-0000524,School_035,Cedar Ridge PS,OCDSB,11,71,64,0.817,0.82,N0I,Durham,Regular,Yes,Yes,No,8.4,2026-02-18
STU-0000525,School_099,Elm Hill SS,TDSB,4,60,87,0.969,0.689,M6O,Northern,Regular,Yes,No,Yes,2.3,2026-01-27
STU-0000526,School_072,Birch Creek PS,HWDSB,11,49,67,0.685,0.507,K8B,Durham,STEM,No,Yes,No,6.7,2026-02-13
STU-0000527,School_078,Oak Valley PS,PDSB,11,50,51,0.757,0.721,L5H,Durham,French Immersion,No,Yes,No,5.3,2026-07-14
STU-0000528,School_094,Elm Creek CI,HDSB,11,95,86,0.692,0.939,N8H,Waterloo,Regular,No,Yes,Yes,10.0,2026-07-18
STU-0000529,School_089,Pine Ridge CI,DDSB,10,76,52,0.813,0.794,P3B,Eastern,Arts,No,No,No,7.5,2026-05-13
STU-0000530,School_074,Pine Creek CI,WRDSB,3,47,47,0.915,0.868,P5M,Ottawa,Arts,No,Yes,No,8.9,2026-07-27
STU-0000531,School_072,Elm Hill CI,TDSB,3,77,42,0.638,0.876,M8C,Southwestern,Regular,No,Yes,No,6.0,2026-05-17
STU-0000532,School_027,Maple Creek PS,TDSB,1,96,94,0.791,0.513,L7H,Hamilton,AP,Yes,Yes,No,1.9,2026-01-11
STU-0000533,School_076,Elm Ridge PS,WRDSB,4,88,87,0.904,0.59,M3F,Central,IB,No,Yes,Yes,3.2,2026-07-27
STU-0000534,School_022,Elm Ridge CI,HDSB,7,87,55,0.639,0.548,L1H,Niagara,AP,No,Yes,No,1.2,2026-05-02
STU-0000535,School_077,Maple Valley PS,WRDSB,4,85,58,0.883,0.613,M8J,Hamilton,AP,Yes,Yes,No,1.3,2026-06-25
STU-0000536,School_019,Birch Valley SS,DDSB,11,58,43,0.928,0.743,N7H,Northern,Regular,Yes,No,Yes,5.7,2026-05-23
STU-0000537,School_074,Pine Ridge CI,DDSB,9,96,82,0.705,0.561,N8N,Southwestern,STEM,Yes,No,Yes,2.3,2026-01-18
STU-0000538,School_095,Maple Ridge PS,PDSB,1,60,50,0.866,0.876,L6F,Hamilton,Arts,Yes,Yes,No,3.0,2026-03-12
STU-0000539,School_019,Birch Creek PS,YRDSB,5,95,70,0.75,0.804,L0H,GTA,Regular,No,Yes,No,6.7,2026-02-18
STU-0000540,School_004,Birch Park SS,HDSB,8,80,47,0.703,0.814,N9D,Hamilton,Regular,No,Yes,No,1.5,2026-04-08
STU-0000541,School_040,Pine Park SS,OCDSB,8,56,44,0.683,0.838,P7J,Niagara,AP,Yes,No,No,8.0,2026-06-02
STU-0000542,School_008,Pine Ridge SS,OCDSB,1,69,97,0.667,0.655,N3D,Ottawa,French Immersion,No,Yes,No,8.5,2026-05-24
STU-0000543,School_012,Oak Valley PS,PDSB,7,41,70,0.749,0.692,M6J,GTA,French Immersion,No,No,Yes,7.6,2026-07-24
STU-0000544,School_076,Cedar Valley PS,DDSB,11,69,51,0.696,0.534,M0O,Northern,AP,No,Yes,No,2.7,2026-01-17
STU-0000545,School_052,Maple Creek SS,WRDSB,8,71,100,0.633,0.964,K5I,Eastern,IB,No,No,Yes,3.9,2026-05-05
STU-0000546,School_009,Birch Hill CI,HDSB,9,99,45,0.926,0.729,M9P,Niagara,French Immersion,Yes,Yes,No,5.0,2026-02-04
STU-0000547,School_027,Pine Hill SS,OCDSB,12,54,87,0.876,0.661,L4H,Northern,IB,Yes,No,No,2.2,2026-02-21
STU-0000548,School_013,Cedar Creek PS,YRDSB,9,73,87,0.988,0.737,M8N,Central,Regular,Yes,Yes,No,4.8,2026-05-09
STU-0000549,School_006,Cedar Hill CI,HWDSB,11,45,86,0.875,0.636,K7I,Southwestern,Arts,Yes,No,No,6.9,2026-05-09
STU-0000550,School_092,Pine Valley SS,OCDSB,12,63,86,0.608,0.538,P5L,Niagara,IB,No,No,Yes,9.5,2026-05-22
STU-0000551,School_021,Birch Creek PS,WRDSB,7,76,43,0.836,0.688,P5K,Southwestern,IB,No,Yes,No,3.9,2026-03-25
STU-0000552,School_024,Cedar Hill SS,OCDSB,7,72,99,0.637,0.526,L6E,Central,Regular,No,No,Yes,2.7,2026-04-09
STU-0000553,School_007,Oak Ridge SS,PDSB,12,97,64,0.689,0.822,N3E,Eastern,IB,Yes,Yes,Yes,1.0,2026-06-26
STU-0000554,School_033,Cedar Ridge SS,WRDSB,6,78,90,0.661,0.717,M8O,Eastern,Regular,Yes,No,No,2.9,2026-02-26
STU-0000555,School_049,Oak Hill SS,DDSB,5,80,66,0.959,0.543,K2L,Central,IB,Yes,No,No,3.8,2026-05-07
STU-0000556,School_055,Maple Ridge SS,TDSB,5,50,89,0.949,0.92,M0A,Niagara,French Immersion,Yes,Yes,No,8.0,2026-05-15
STU-0000557,School_055,Oak Ridge PS,HDSB,9,76,53,0.634,0.634,P9B,Southwestern,IB,No,Yes,No,4.4,2026-04-10
STU-0000558,School_036,Pine Ridge PS,OCDSB,12,90,66,0.947,0.829,P1J,Durham,STEM,Yes,No,Yes,4.3,2026-01-27
STU-0000559,School_020,Cedar Valley PS,WRDSB,6,43,85,0.901,0.681,N3L,Eastern,STEM,No,No,No,2.6,2026-04-11
STU-0000560,School_019,Oak Creek CI,OCDSB,11,79,64,0.855,0.732,K5P,Waterloo,STEM,No,No,No,3.2,2026-04-11
STU-0000561,School_078,Pine Hill PS,WRDSB,8,99,60,0.832,0.615,P6O,Hamilton,Arts,No,Yes,No,1.6,2026-04-04
STU-0000562,School_024,Elm Ridge PS,HWDSB,1,81,87,0.62,0.954,K7O,Northern,STEM,No,Yes,Yes,6.7,2026-03-25
STU-0000563,School_082,Cedar Creek SS,HDSB,12,86,44,0.666,0.743,N5B,Hamilton,STEM,Yes,Yes,Yes,7.1,2026-01-08
STU-0000564,School_061,Pine Creek PS,TDSB,7,72,55,0.862,0.718,M2D,Northern,French Immersion,Yes,Yes,No,2.0,2026-01-05
STU-0000565,School_065,Birch Park CI,HWDSB,1,64,88,0.937,0.697,K3L,Eastern,AP,No,Yes,Yes,6.8,2026-02-04
STU-0000566,School_086,Pine Hill CI,YRDSB,6,71,48,0.989,0.716,M3A,Niagara,AP,No,Yes,Yes,9.9,2026-05-25
STU-0000567,School_090,Cedar Park SS,DDSB,11,59,84,0.86,0.812,M4P,Niagara,STEM,No,Yes,Yes,10.0,2026-06-26
STU-0000568,School_056,Pine Valley CI,DDSB,3,65,52,0.745,0.526,K4E,GTA,AP,No,No,No,8.9,2026-04-10
STU-0000569,School_010,Oak Hill PS,TDSB,7,81,40,0.641,0.659,N7G,Ottawa,Arts,No,Yes,No,3.4,2026-05-18
STU-0000570,School_077,Oak Hill SS,OCDSB,10,41,85,0.734,0.874,L3C,Northern,Arts,No,Yes,No,2.9,2026-05-19
STU-0000571,School_005,Maple Valley SS,PDSB,12,50,65,0.958,0.912,K5J,Northern,IB,No,No,Yes,8.4,2026-01-19
STU-0000572,School_025,Oak Ridge SS,WRDSB,8,53,91,0.828,0.775,N0P,Southwestern,Arts,No,No,No,9.0,2026-01-25
STU-0000573,School_023,Elm Creek CI,DDSB,6,98,50,0.775,0.967,P3M,Niagara,French Immersion,No,No,Yes,2.0,2026-06-26
STU-0000574,School_008,Oak Hill SS,WRDSB,11,72,98,0.791,0.642,P7O,Durham,AP,Yes,Yes,No,5.5,2026-05-15
STU-0000575,School_004,Cedar Park CI,HDSB,4,53,80,0.807,0.546,K5O,Eastern,STEM,Yes,No,Yes,1.7,2026-04-04
STU-0000576,School_019,Pine Hill SS,HDSB,8,78,50,0.849,0.771,L3A,Waterloo,French Immersion,Yes,No,No,4.3,2026-06-14
STU-0000577,School_067,Oak Valley CI,PDSB,5,58,89,0.832,0.592,P5K,Hamilton,Arts,Yes,Yes,No,2.7,2026-02-22
STU-0000578,School_061,Elm Creek SS,PDSB,3,49,51,0.884,0.683,P3K,Niagara,IB,No,Yes,Yes,8.5,2026-04-21
STU-0000579,School_015,Pine Hill PS,WRDSB,9,100,72,0.748,0.79,L7C,Southwestern,AP,No,No,No,5.5,2026-04-12
STU-0000580,School_029,Maple Creek PS,OCDSB,12,83,83,0.632,0.717,K9P,Ottawa,French Immersion,No,Yes,No,9.1,2026-04-23
STU-0000581,School_024,Cedar Valley PS,PDSB,5,41,73,0.742,0.824,M8K,Ottawa,AP,No,No,No,7.3,2026-06-18
STU-0000582,School_086,Cedar Hill PS,OCDSB,8,80,96,0.772,0.947,P5H,Eastern,STEM,No,Yes,No,7.2,2026-05-12
STU-0000583,School_011,Maple Ridge CI,OCDSB,9,55,66,0.777,0.709,M2A,Hamilton,Arts,No,No,Yes,6.6,2026-02-19
STU-0000584,School_021,Maple Park PS,PDSB,11,74,58,0.689,0.879,N9B,Ottawa,AP,No,Yes,No,6.6,2026-04-24
STU-0000585,School_024,Elm Valley PS,WRDSB,3,82,81,0.636,0.904,L3B,GTA,AP,Yes,Yes,No,4.8,2026-06-28
STU-0000586,School_057,Birch Creek CI,PDSB,5,67,75,0.732,0.863,P2E,Niagara,Regular,No,Yes,Yes,5.3,2026-04-03
STU-0000587,School_094,Pine Hill PS,WRDSB,9,93,93,0.769,0.977,N1H,Waterloo,Regular,No,Yes,No,2.2,2026-01-19
STU-0000588,School_057,Cedar Hill CI,HWDSB,6,53,73,0.856,0.803,P6L,Waterloo,IB,No,No,No,6.1,2026-03-19
STU-0000589,School_002,Pine Creek CI,TDSB,12,68,55,0.943,0.959,L6C,Ottawa,Arts,No,No,Yes,7.4,2026-06-27
STU-0000590,School_034,Birch Creek CI,PDSB,2,94,63,0.924,0.599,M1L,Waterloo,Arts,No,Yes,No,8.7,2026-02-28
STU-0000591,School_042,Elm Hill CI,HDSB,1,87,47,0.845,0.81,P5A,Central,Regular,No,No,Yes,1.1,2026-06-05
STU-0000592,School_014,Elm Ridge SS,TDSB,5,80,80,0.914,0.598,P0L,GTA,IB,No,Yes,Yes,9.5,2026-03-23
STU-0000593,School_015,Oak Hill PS,YRDSB,3,67,61,0.893,0.61,N5N,Southwestern,French Immersion,No,No,No,1.0,2026-04-25
STU-0000594,School_048,Pine Valley SS,DDSB,3,55,59,0.884,0.783,K2I,Ottawa,IB,No,Yes,No,2.3,2026-03-27
STU-0000595,School_056,Maple Hill SS,HWDSB,9,74,79,0.916,0.509,M8A,Central,Regular,Yes,No,Yes,7.3,2026-07-04
STU-0000596,School_011,Birch Valley PS,WRDSB,6,40,59,0.644,0.815,P2E,Durham,French Immersion,No,No,No,7.4,2026-01-03
STU-0000597,School_022,Birch Creek CI,TDSB,8,85,92,0.646,0.883,L6A,Central,French Immersion,No,No,No,4.1,2026-06-14
STU-0000598,School_067,Maple Valley CI,YRDSB,7,66,99,0.633,0.766,P0B,Waterloo,STEM,No,Yes,No,9.3,2026-07-23
STU-0000599,School_078,Pine Park PS,PDSB,3,94,95,0.653,0.929,L6G,Ottawa,STEM,No,No,Yes,3.4,2026-06-24
STU-0000600,School_056,Birch Park SS,HDSB,6,93,67,0.663,0.811,L2F,Waterloo,French Immersion,No,Yes,Yes,4.5,2026-06-01
STU-0000601,School_062,Cedar Ridge SS,DDSB,11,73,55,0.917,0.54,P1F,Eastern,IB,Yes,Yes,No,4.5,2026-06-13
STU-0000602,School_043,Maple Hill CI,YRDSB,6,79,73,0.847,0.733,N0B,Hamilton,Arts,No,No,No,9.9,2026-07-02
STU-0000603,School_015,Oak Hill PS,TDSB,12,55,91,0.735,0.573,K1G,Central,Regular,No,No,No,9.5,2026-06-22
STU-0000604,School_004,Elm Creek SS,HDSB,7,40,83,0.627,0.818,K1H,Eastern,Regular,No,No,Yes,9.8,2026-07-26
STU-0000605,School_047,Maple Creek SS,HWDSB,4,70,97,0.655,0.54,K8N,Eastern,Arts,No,No,No,4.9,2026-02-09
STU-0000606,School_090,Oak Creek SS,HDSB,4,47,48,0.744,0.608,L0K,Eastern,French Immersion,Yes,Yes,No,4.1,2026-02-08
STU-0000607,School_056,Cedar Park PS,HWDSB,8,52,100,0.915,0.528,N3C,Hamilton,AP,Yes,Yes,Yes,8.3,2026-01-23
STU-0000608,School_002,Elm Valley PS,HWDSB,2,45,44,0.971,0.936,P7J,Hamilton,French Immersion,No,No,No,9.4,2026-06-17
STU-0000609,School_074,Elm Park SS,PDSB,4,84,42,0.914,0.899,K0N,Ottawa,Regular,Yes,Yes,No,6.2,2026-06-13
STU-0000610,School_001,Cedar Hill SS,WRDSB,12,75,53,0.645,0.601,N8C,Northern,IB,No,Yes,Yes,7.1,2026-07-23
STU-0000611,School_017,Pine Valley SS,TDSB,7,92,99,0.849,0.57,N0N,Ottawa,IB,Yes,No,No,6.0,2026-03-11
STU-0000612,School_011,Pine Park CI,OCDSB,4,44,52,0.941,0.769,L2O,Eastern,French Immersion,Yes,Yes,No,5.0,2026-02-22
STU-0000613,School_060,Pine Valley SS,HDSB,5,69,57,0.912,0.649,K3A,Central,IB,No,Yes,No,2.0,2026-03-20
STU-0000614,School_019,Birch Valley SS,WRDSB,7,99,44,0.623,0.706,M4B,Eastern,French Immersion,No,No,No,6.3,2026-01-29
STU-0000615,School_018,Oak Park CI,HDSB,10,46,91,0.611,0.818,K1M,Hamilton,STEM,No,Yes,No,2.6,2026-05-06
STU-0000616,School_002,Birch Creek SS,HDSB,11,76,61,0.633,0.601,M6L,Durham,IB,No,No,No,4.2,2026-07-23
STU-0000617,School_036,Birch Hill CI,YRDSB,1,82,68,0.634,0.746,M5N,Niagara,French Immersion,No,Yes,No,6.4,2026-04-03
STU-0000618,School_035,Elm Creek PS,TDSB,5,43,82,0.767,0.905,P7C,GTA,French Immersion,No,Yes,No,6.5,2026-06-20
STU-0000619,School_096,Birch Ridge CI,WRDSB,2,46,70,0.786,0.629,P4B,Ottawa,French Immersion,No,Yes,No,8.6,2026-04-28
STU-0000620,School_041,Birch Creek PS,PDSB,1,92,43,0.879,0.512,K8G,Hamilton,Regular,Yes,No,No,9.6,2026-01-09
STU-0000621,School_019,Elm Creek PS,DDSB,7,48,80,0.621,0.609,P9L,GTA,Regular,No,No,Yes,3.0,2026-01-18
STU-0000622,School_050,Pine Creek CI,HDSB,2,49,42,0.738,0.555,K3E,Hamilton,Regular,Yes,Yes,Yes,6.4,2026-07-15
STU-0000623,School_040,Cedar Ridge CI,PDSB,3,79,65,0.923,0.537,M5M,Waterloo,AP,Yes,No,Yes,9.7,2026-02-03
STU-0000624,School_054,Cedar Creek PS,PDSB,5,62,81,0.75,0.868,N5B,Northern,AP,Yes,No,No,2.0,2026-06-10
STU-0000625,School_049,Maple Valley SS,HDSB,2,71,65,0.845,0.83,N9N,Hamilton,IB,No,No,No,3.0,2026-05-23
STU-0000626,School_055,Elm Valley SS,DDSB,12,77,47,0.934,0.739,P6G,Waterloo,Regular,Yes,No,No,6.8,2026-02-25
STU-0000627,School_091,Birch Creek CI,HWDSB,5,41,82,0.671,0.813,P6F,Niagara,French Immersion,Yes,No,No,5.1,2026-02-02
STU-0000628,School_015,Maple Creek SS,HWDSB,8,68,90,0.716,0.995,L4H,Central,AP,No,Yes,No,5.5,2026-03-07
STU-0000629,School_008,Cedar Valley SS,HWDSB,1,93,61,0.781,0.904,N4H,Durham,Arts,No,Yes,No,3.6,2026-04-07
STU-0000630,School_021,Oak Park CI,YRDSB,5,57,48,0.809,0.884,K2H,Ottawa,STEM,Yes,Yes,No,9.2,2026-01-01
STU-0000631,School_001,Elm Park PS,OCDSB,12,79,56,0.974,0.708,P3K,GTA,IB,No,Yes,No,6.8,2026-01-13
STU-0000632,School_031,Pine Valley SS,TDSB,4,83,80,0.666,0.6,M3M,Northern,AP,Yes,Yes,No,9.3,2026-06-27
STU-0000633,School_024,Pine Creek PS,OCDSB,1,40,75,0.836,0.635,M3L,Northern,AP,Yes,Yes,Yes,1.2,2026-04-01
STU-0000634,School_006,Maple Hill CI,PDSB,12,78,99,0.79,0.668,P4D,GTA,IB,Yes,Yes,Yes,6.3,2026-07-10
STU-0000635,School_011,Maple Hill CI,HDSB,11,40,74,0.972,0.966,K2H,Durham,IB,No,No,No,4.7,2026-05-10
STU-0000636,School_034,Cedar Ridge SS,DDSB,1,84,80,0.942,0.96,L4O,GTA,Arts,No,No,No,2.6,2026-03-09
STU-0000637,School_007,Cedar Ridge SS,WRDSB,5,58,47,0.619,0.689,P2B,Durham,STEM,No,Yes,No,2.3,2026-01-10
STU-0000638,School_092,Oak Creek SS,YRDSB,8,53,83,0.808,0.651,P1J,Niagara,Regular,Yes,Yes,No,6.2,2026-05-09
STU-0000639,School_018,Pine Park CI,PDSB,12,98,58,0.887,0.871,N5H,Southwestern,Regular,Yes,Yes,No,9.0,2026-05-08
STU-0000640,School_087,Oak Hill SS,HDSB,9,92,80,0.735,0.653,N4J,Eastern,Regular,No,No,No,2.2,2026-05-29
STU-0000641,School_059,Oak Creek PS,PDSB,12,87,88,0.818,0.511,L2I,Central,French Immersion,Yes,Yes,No,7.9,2026-04-27
STU-0000642,School_006,Cedar Creek PS,WRDSB,9,84,46,0.871,0.892,P8F,Waterloo,Arts,Yes,Yes,No,1.4,2026-03-10
STU-0000643,School_081,Maple Park CI,HWDSB,9,61,43,0.933,0.769,P1I,Waterloo,AP,No,No,No,2.9,2026-07-07
STU-0000644,School_059,Maple Park CI,HDSB,12,56,90,0.977,0.615,L3I,Ottawa,Regular,Yes,No,Yes,9.4,2026-07-21
STU-0000645,School_036,Birch Ridge CI,WRDSB,1,90,49,0.665,0.793,P3B,Northern,STEM,Yes,Yes,No,5.7,2026-02-13
STU-0000646,School_068,Cedar Park CI,HWDSB,11,79,99,0.71,0.845,P6E,Ottawa,French Immersion,Yes,No,Yes,9.0,2026-05-24
STU-0000647,School_006,Elm Ridge PS,HDSB,9,43,76,0.817,0.697,L9L,Southwestern,Regular,No,Yes,No,9.8,2026-03-17
STU-0000648,School_083,Oak Park PS,HWDSB,9,91,67,0.646,0.66,L6K,Ottawa,AP,Yes,No,No,4.6,2026-07-08
STU-0000649,School_005,Elm Ridge PS,WRDSB,12,54,56,0.802,0.687,M5I,Hamilton,STEM,Yes,No,No,8.4,2026-01-19
STU-0000650,School_088,Oak Park CI,WRDSB,8,73,75,0.958,0.606,M5A,Hamilton,STEM,Yes,No,No,4.0,2026-02-15
STU-0000651,School_033,Pine Park CI,OCDSB,10,83,86,0.955,0.83,P7M,Ottawa,French Immersion,No,Yes,Yes,2.9,2026-02-05
STU-0000652,School_096,Oak Valley SS,YRDSB,3,92,57,0.962,0.701,N7K,Ottawa,AP,No,No,No,1.0,2026-01-20
STU-0000653,School_064,Elm Valley PS,PDSB,7,50,84,0.718,0.875,L2C,Niagara,STEM,No,Yes,No,4.9,2026-01-01
STU-0000654,School_001,Elm Park PS,HWDSB,10,52,67,0.865,0.84,N6E,Niagara,Regular,No,No,No,6.6,2026-05-02
STU-0000655,School_016,Maple Valley SS,DDSB,9,57,62,0.681,0.75,P7H,Southwestern,Regular,No,No,Yes,3.3,2026-01-22
STU-0000656,School_045,Birch Valley CI,PDSB,3,84,47,0.697,0.908,L8P,GTA,IB,Yes,Yes,Yes,9.1,2026-01-05
STU-0000657,School_091,Pine Ridge CI,TDSB,1,91,77,0.938,0.751,P6K,Niagara,AP,Yes,Yes,No,9.7,2026-04-05
STU-0000658,School_076,Birch Park PS,HDSB,2,89,84,0.78,0.851,L7N,Waterloo,French Immersion,No,Yes,No,1.1,2026-07-28
STU-0000659,School_042,Oak Creek SS,YRDSB,5,50,65,0.854,0.58,L8N,Ottawa,French Immersion,No,No,No,1.7,2026-03-22
STU-0000660,School_038,Maple Hill PS,OCDSB,9,89,72,0.601,0.645,L1F,Southwestern,IB,Yes,Yes,No,5.2,2026-05-03
STU-0000661,School_020,Oak Park PS,HWDSB,10,40,65,0.821,0.867,L2F,Eastern,Regular,Yes,Yes,No,9.3,2026-07-11
STU-0000662,School_041,Maple Valley CI,HWDSB,4,70,91,0.607,0.72,M0G,GTA,French Immersion,Yes,No,No,8.9,2026-04-29
STU-0000663,School_073,Elm Valley PS,YRDSB,7,55,86,0.869,0.571,L1A,Durham,Regular,No,No,No,9.1,2026-01-17
STU-0000664,School_046,Oak Valley SS,OCDSB,12,72,40,0.879,0.917,K1E,Southwestern,French Immersion,No,Yes,Yes,5.0,2026-06-05
STU-0000665,School_027,Maple Park PS,OCDSB,8,74,56,0.838,0.86,M9E,Waterloo,French Immersion,Yes,No,No,8.0,2026-05-30
STU-0000666,School_058,Pine Park CI,HWDSB,6,62,41,0.875,0.825,N2J,Northern,STEM,Yes,No,No,4.7,2026-03-01
STU-0000667,School_002,Maple Hill PS,TDSB,6,47,99,0.709,0.957,P8I,Northern,AP,No,No,No,1.6,2026-01-31
STU-0000668,School_017,Cedar Valley CI,HDSB,9,89,66,0.703,0.918,N7L,GTA,IB,Yes,Yes,No,1.4,2026-02-26
STU-0000669,School_082,Maple Park PS,TDSB,7,50,87,0.913,0.585,P7J,Ottawa,French Immersion,No,Yes,No,2.5,2026-03-15
STU-0000670,School_024,Oak Valley PS,HWDSB,1,77,100,0.848,0.957,M1F,Niagara,Arts,Yes,Yes,No,2.8,2026-02-02
STU-0000671,School_025,Cedar Park CI,HWDSB,7,86,92,0.658,0.878,K9F,Hamilton,Regular,Yes,No,No,2.3,2026-03-12
STU-0000672,School_025,Birch Ridge CI,OCDSB,5,48,51,0.771,0.595,L6F,Waterloo,Regular,No,No,No,2.5,2026-05-03
STU-0000673,School_044,Birch Creek CI,HDSB,2,58,54,0.868,0.669,P3I,Hamilton,Arts,No,Yes,No,2.1,2026-05-19
STU-0000674,School_038,Elm Hill SS,WRDSB,7,95,63,0.769,0.785,L8H,Niagara,STEM,No,Yes,Yes,5.9,2026-07-05
STU-0000675,School_038,Pine Ridge PS,OCDSB,12,47,98,0.608,0.994,N9C,Durham,Arts,Yes,No,No,7.1,2026-05-02
STU-0000676,School_008,Maple Valley SS,HWDSB,6,54,41,0.601,0.629,N5F,Northern,Arts,No,Yes,Yes,5.2,2026-03-22
STU-0000677,School_030,Pine Creek SS,OCDSB,8,44,88,0.903,0.822,N8E,Ottawa,French Immersion,Yes,No,Yes,9.7,2026-04-21
STU-0000678,School_026,Maple Creek SS,HWDSB,5,47,52,0.716,0.91,N0D,Hamilton,AP,No,Yes,No,2.9,2026-05-02
STU-0000679,School_037,Cedar Creek CI,WRDSB,6,63,89,0.687,0.792,K7N,Ottawa,STEM,Yes,Yes,Yes,7.4,2026-04-15
STU-0000680,School_031,Pine Ridge SS,HWDSB,9,95,98,0.66,0.863,K5P,Durham,IB,No,No,No,3.9,2026-03-21
STU-0000681,School_014,Pine Creek SS,TDSB,5,72,91,0.62,0.69,N7F,Southwestern,STEM,No,Yes,No,2.7,2026-05-23
STU-0000682,School_018,Maple Park CI,TDSB,5,100,65,0.813,0.867,M8J,GTA,Arts,No,Yes,No,5.4,2026-03-10
STU-0000683,School_063,Birch Ridge CI,HDSB,9,49,66,0.799,0.712,L5G,Ottawa,STEM,No,Yes,Yes,7.2,2026-04-24
STU-0000684,School_015,Pine Ridge PS,HDSB,1,55,89,0.951,0.599,L4H,Central,French Immersion,Yes,No,No,2.3,2026-04-21
STU-0000685,School_063,Cedar Park PS,YRDSB,4,86,86,0.949,0.828,P3F,Central,IB,No,Yes,No,9.6,2026-07-03
STU-0000686,School_096,Birch Park SS,YRDSB,3,52,76,0.63,0.81,N7J,Eastern,IB,Yes,No,No,8.9,2026-01-19
STU-0000687,School_064,Elm Hill PS,YRDSB,5,60,50,0.98,0.872,K5E,Waterloo,Regular,Yes,Yes,No,3.6,2026-07-11
STU-0000688,School_030,Elm Ridge CI,WRDSB,7,58,62,0.822,0.629,M0J,GTA,Regular,No,No,No,8.9,2026-07-28
STU-0000689,School_048,Oak Hill PS,HWDSB,5,76,78,0.886,0.998,M1K,Northern,Arts,Yes,No,No,3.8,2026-05-23
STU-0000690,School_081,Pine Hill PS,YRDSB,8,49,58,0.611,0.609,L4N,Central,Arts,No,No,No,6.8,2026-07-07
STU-0000691,School_057,Cedar Creek SS,PDSB,10,55,92,0.882,0.797,N3F,Hamilton,French Immersion,Yes,Yes,No,6.4,2026-02-10
STU-0000692,School_083,Birch Creek CI,HWDSB,9,40,88,0.872,0.555,P9G,Hamilton,AP,No,Yes,No,3.1,2026-05-28
STU-0000693,School_046,Cedar Ridge SS,WRDSB,10,54,47,0.922,0.746,L3M,Northern,AP,Yes,No,Yes,6.7,2026-06-10
STU-0000694,School_063,Oak Valley PS,HWDSB,1,59,72,0.989,0.931,P2K,Eastern,AP,Yes,Yes,No,6.2,2026-06-27
STU-0000695,School_052,Oak Valley CI,WRDSB,11,40,81,0.892,0.579,N4N,Niagara,STEM,No,Yes,No,3.5,2026-06-18
STU-0000696,School_020,Birch Creek SS,OCDSB,5,74,48,0.843,0.59,P4H,Northern,French Immersion,No,Yes,Yes,3.9,2026-02-02
STU-0000697,School_027,Elm Park CI,HDSB,9,44,58,0.972,0.776,P0F,GTA,IB,No,Yes,No,5.6,2026-05-07
STU-0000698,School_087,Birch Creek PS,WRDSB,1,56,100,0.644,0.777,N9B,Central,AP,Yes,Yes,No,1.3,2026-03-20
STU-0000699,School_047,Pine Valley SS,OCDSB,7,60,57,0.752,0.528,N9F,Niagara,Arts,Yes,Yes,No,7.3,2026-05-15
STU-0000700,School_002,Birch Ridge CI,YRDSB,4,40,76,0.723,0.7,N5K,GTA,STEM,Yes,No,No,6.9,2026-03-19
STU-0000701,School_095,Cedar Creek CI,PDSB,4,54,79,0.606,0.74,N2M,Waterloo,Regular,Yes,Yes,No,8.8,2026-04-17
STU-0000702,School_083,Elm Creek PS,DDSB,9,84,70,0.793,0.698,M6C,Waterloo,Arts,No,No,Yes,4.4,2026-03-05
STU-0000703,School_063,Cedar Ridge PS,WRDSB,2,60,47,0.604,0.545,K5E,GTA,AP,Yes,No,No,6.4,2026-02-27
STU-0000704,School_035,Elm Hill CI,OCDSB,2,84,92,0.975,0.751,P5C,Southwestern,IB,No,No,No,1.4,2026-04-18
STU-0000705,School_099,Maple Ridge PS,HDSB,8,100,45,0.897,0.753,K4F,GTA,IB,Yes,Yes,No,7.4,2026-02-11
STU-0000706,School_018,Maple Ridge CI,PDSB,10,56,83,0.888,0.723,K7D,Southwestern,STEM,No,Yes,Yes,3.6,2026-01-06
STU-0000707,School_021,Maple Creek PS,PDSB,12,43,86,0.651,0.994,P3I,Durham,AP,Yes,No,No,9.0,2026-07-31
STU-0000708,School_088,Elm Ridge CI,DDSB,5,52,80,0.777,0.935,P5J,Ottawa,STEM,Yes,No,No,1.9,2026-01-21
STU-0000709,School_095,Maple Ridge CI,HDSB,12,52,95,0.942,0.7,L0B,GTA,IB,Yes,No,No,2.7,2026-05-14
STU-0000710,School_037,Maple Creek CI,YRDSB,12,41,60,0.679,0.52,M9A,Central,Arts,No,Yes,No,4.7,2026-07-12
STU-0000711,School_083,Birch Park SS,DDSB,7,61,66,0.755,0.62,M8A,Northern,IB,No,Yes,No,2.9,2026-04-11
STU-0000712,School_058,Cedar Creek CI,HDSB,6,47,87,0.864,0.889,L6I,Niagara,Regular,No,Yes,No,7.4,2026-01-19
STU-0000713,School_005,Pine Creek PS,TDSB,2,82,69,0.892,0.674,N9M,Niagara,French Immersion,No,No,No,2.8,2026-06-15
STU-0000714,School_001,Maple Valley PS,PDSB,12,79,83,0.908,0.682,N6F,Niagara,Arts,No,No,No,2.9,2026-04-10
STU-0000715,School_099,Maple Ridge SS,YRDSB,11,48,97,0.647,0.783,N5M,GTA,STEM,Yes,Yes,No,9.0,2026-06-13
STU-0000716,School_091,Maple Valley PS,HDSB,8,51,88,0.793,0.989,P4C,Niagara,Arts,No,Yes,No,7.1,2026-04-04
STU-0000717,School_062,Elm Valley SS,HWDSB,6,66,45,0.917,0.801,M6E,Durham,French Immersion,No,Yes,Yes,4.5,2026-03-23
STU-0000718,School_015,Maple Ridge CI,TDSB,12,54,46,0.701,0.544,K7L,Waterloo,French Immersion,No,Yes,No,4.8,2026-01-16
STU-0000719,School_034,Maple Ridge CI,OCDSB,11,93,99,0.61,0.712,K1K,GTA,AP,No,Yes,No,3.4,2026-02-13
STU-0000720,School_002,Elm Ridge PS,OCDSB,2,46,52,0.977,0.813,P7D,Northern,AP,Yes,Yes,No,9.6,2026-01-29
STU-0000721,School_092,Elm Park PS,WRDSB,9,68,46,0.968,0.654,M8G,Waterloo,AP,No,No,Yes,2.9,2026-03-15
STU-0000722,School_080,Pine Park PS,OCDSB,6,91,71,0.769,0.85,L0B,Hamilton,IB,No,Yes,No,2.4,2026-02-17
STU-0000723,School_030,Elm Park SS,PDSB,10,84,95,0.622,0.731,L1O,Waterloo,French Immersion,Yes,Yes,No,3.6,2026-03-19
STU-0000724,School_006,Birch Creek SS,WRDSB,2,72,48,0.759,0.804,P9A,Central,French Immersion,No,Yes,No,5.9,2026-04-28
STU-0000725,School_010,Maple Ridge CI,DDSB,12,93,64,0.673,0.919,M4M,Central,Arts,Yes,No,No,3.1,2026-04-23
STU-0000726,School_062,Cedar Hill CI,PDSB,4,41,87,0.747,0.58,K6H,Southwestern,French Immersion,Yes,Yes,No,4.8,2026-06-23
STU-0000727,School_006,Maple Park CI,HDSB,11,59,87,0.828,0.801,L5H,Ottawa,Regular,Yes,Yes,Yes,2.9,2026-04-11
STU-0000728,School_065,Pine Hill SS,WRDSB,2,79,99,0.889,0.87,K8O,Hamilton,French Immersion,Yes,No,No,5.8,2026-01-18
STU-0000729,School_010,Maple Valley PS,HDSB,9,93,97,0.857,0.814,K1B,Niagara,French Immersion,No,Yes,No,4.5,2026-03-14
STU-0000730,School_003,Birch Creek PS,YRDSB,1,49,92,0.907,0.837,K4P,Northern,IB,No,Yes,No,6.5,2026-04-03
STU-0000731,School_028,Maple Valley PS,HWDSB,4,44,83,0.732,0.559,P3L,GTA,French Immersion,No,No,Yes,2.7,2026-03-19
STU-0000732,School_075,Maple Park CI,HDSB,6,47,56,0.878,0.507,L4J,Central,STEM,Yes,No,No,1.5,2026-06-19
STU-0000733,School_008,Cedar Ridge SS,HWDSB,4,40,64,0.757,0.995,N2C,Northern,AP,Yes,Yes,No,1.8,2026-03-19
STU-0000734,School_003,Oak Valley SS,HDSB,11,87,84,0.677,0.731,M0O,Ottawa,Regular,No,Yes,No,9.1,2026-03-13
STU-0000735,School_013,Birch Ridge CI,YRDSB,2,81,85,0.907,0.776,K1J,Niagara,Regular,Yes,Yes,No,5.0,2026-05-05
STU-0000736,School_047,Oak Hill SS,HWDSB,1,82,92,0.631,0.916,M1B,Niagara,IB,Yes,No,No,5.0,2026-04-28
STU-0000737,School_086,Oak Creek PS,HDSB,6,72,80,0.946,0.903,M2F,Southwestern,IB,No,No,Yes,7.5,2026-06-29
STU-0000738,School_076,Oak Park SS,HDSB,5,80,86,0.705,0.753,N9A,Waterloo,French Immersion,No,Yes,No,9.3,2026-02-14
STU-0000739,School_008,Pine Ridge CI,TDSB,5,50,68,0.813,0.949,M1F,Hamilton,Arts,Yes,No,Yes,2.8,2026-01-27
STU-0000740,School_050,Birch Creek CI,PDSB,4,78,96,0.82,0.9,N8L,Central,AP,No,No,No,2.4,2026-01-06
STU-0000741,School_058,Elm Hill CI,OCDSB,1,72,99,0.627,0.623,K4D,Northern,IB,No,No,Yes,9.7,2026-07-05
STU-0000742,School_027,Oak Park CI,DDSB,11,52,65,0.805,0.783,M9P,Hamilton,AP,No,No,No,5.1,2026-05-26
STU-0000743,School_092,Elm Park SS,PDSB,3,63,94,0.914,0.847,K7B,GTA,Arts,Yes,Yes,Yes,4.7,2026-03-22
STU-0000744,School_026,Cedar Ridge SS,WRDSB,7,96,51,0.818,0.999,N1M,Eastern,STEM,Yes,Yes,No,5.4,2026-04-05
STU-0000745,School_088,Cedar Valley CI,DDSB,5,41,69,0.858,0.649,P1D,Niagara,French Immersion,Yes,No,No,9.3,2026-07-20
STU-0000746,School_031,Birch Valley PS,PDSB,5,99,44,0.885,0.502,N8O,Ottawa,IB,No,Yes,No,2.7,2026-04-19
STU-0000747,School_055,Elm Ridge PS,DDSB,6,83,63,0.755,0.507,N7M,Central,IB,Yes,No,No,1.5,2026-06-29
STU-0000748,School_060,Oak Valley SS,WRDSB,8,59,75,0.694,0.806,P0P,Niagara,AP,Yes,No,No,2.4,2026-03-24
STU-0000749,School_014,Maple Creek PS,OCDSB,3,57,95,0.813,0.655,L8D,Waterloo,IB,Yes,No,No,2.0,2026-01-20
STU-0000750,School_031,Maple Park PS,HDSB,7,70,72,0.97,0.574,L5C,Eastern,IB,Yes,Yes,No,4.2,2026-02-05
STU-0000751,School_029,Pine Hill CI,WRDSB,1,54,72,0.624,0.885,N8O,Durham,IB,Yes,No,No,3.2,2026-05-09
STU-0000752,School_072,Pine Valley CI,HWDSB,9,64,91,0.748,0.821,M9N,Eastern,AP,No,No,No,2.7,2026-03-24
STU-0000753,School_084,Birch Park CI,YRDSB,5,49,49,0.689,0.651,P0C,Hamilton,French Immersion,Yes,No,Yes,8.7,2026-07-07
STU-0000754,School_075,Elm Ridge PS,HDSB,9,47,79,0.759,0.972,K6J,Waterloo,IB,No,Yes,No,3.9,2026-05-10
STU-0000755,School_034,Elm Hill PS,HWDSB,12,64,100,0.767,0.575,N3G,Niagara,Regular,No,No,Yes,2.6,2026-05-02
STU-0000756,School_044,Birch Park CI,DDSB,5,91,49,0.737,0.866,N9A,Central,French Immersion,Yes,Yes,No,6.4,2026-05-03
STU-0000757,School_081,Birch Ridge PS,HWDSB,1,69,97,0.712,0.671,P8G,GTA,STEM,No,Yes,No,2.6,2026-04-13
STU-0000758,School_025,Birch Ridge PS,HDSB,11,74,45,0.735,0.8,M8D,Niagara,Arts,No,No,No,2.2,2026-07-15
STU-0000759,School_084,Pine Ridge SS,YRDSB,5,45,98,0.74,0.734,P0M,Niagara,French Immersion,Yes,No,No,5.8,2026-06-10
STU-0000760,School_097,Birch Park CI,HWDSB,6,54,66,0.647,0.903,M3O,Southwestern,Arts,No,Yes,No,3.3,2026-03-30
STU-0000761,School_052,Elm Creek PS,OCDSB,1,42,90,0.728,0.622,N4A,GTA,AP,No,No,Yes,3.6,2026-04-25
STU-0000762,School_051,Pine Hill CI,TDSB,12,46,70,0.707,0.799,K8G,Hamilton,Arts,No,No,No,7.1,2026-08-01
STU-0000763,School_065,Pine Ridge PS,HDSB,10,68,68,0.88,0.529,L2L,Northern,AP,No,No,No,3.1,2026-07-29
STU-0000764,School_038,Elm Hill PS,HDSB,5,59,54,0.621,0.907,K0D,Southwestern,Regular,Yes,No,Yes,9.9,2026-04-13
STU-0000765,School_091,Pine Valley PS,HWDSB,6,77,67,0.611,0.975,P6F,Southwestern,Arts,No,No,No,8.2,2026-02-12
STU-0000766,School_079,Pine Creek SS,PDSB,3,66,89,0.694,0.893,L2N,Hamilton,French Immersion,No,Yes,No,1.8,2026-03-16
STU-0000767,School_004,Birch Valley CI,YRDSB,7,55,83,0.636,0.776,P2A,Ottawa,IB,No,No,Yes,1.6,2026-03-18
STU-0000768,School_002,Maple Park PS,DDSB,12,43,53,0.617,0.919,M6I,Niagara,IB,Yes,No,No,8.1,2026-06-21
STU-0000769,School_026,Pine Creek PS,WRDSB,12,84,61,0.901,0.941,N2M,Durham,Regular,Yes,Yes,Yes,3.6,2026-03-06
STU-0000770,School_044,Elm Hill SS,WRDSB,10,43,66,0.702,0.83,K5C,Ottawa,IB,Yes,Yes,Yes,5.7,2026-03-19
STU-0000771,School_072,Pine Valley CI,HWDSB,2,53,81,0.818,0.658,N1O,Waterloo,STEM,No,Yes,No,4.0,2026-02-26
STU-0000772,School_018,Oak Valley SS,HWDSB,4,69,78,0.647,0.506,K5B,Northern,STEM,Yes,No,No,4.3,2026-05-19
STU-0000773,School_084,Oak Ridge SS,PDSB,4,82,47,0.66,0.574,K0I,Waterloo,STEM,No,No,No,9.4,2026-03-18
STU-0000774,School_081,Pine Hill CI,HWDSB,3,92,51,0.883,0.529,N1B,Durham,IB,Yes,No,No,4.2,2026-05-30
STU-0000775,School_020,Birch Park CI,PDSB,6,78,43,0.924,0.86,P2E,Northern,Regular,No,Yes,No,3.8,2026-03-12
STU-0000776,School_089,Cedar Ridge SS,PDSB,8,95,55,0.631,0.636,M8P,Durham,French Immersion,No,No,Yes,6.0,2026-03-21
STU-0000777,School_045,Oak Park PS,WRDSB,11,83,60,0.91,0.649,K6A,Ottawa,AP,Yes,Yes,No,9.0,2026-05-29
STU-0000778,School_061,Maple Hill SS,TDSB,9,61,52,0.67,0.87,L7L,Ottawa,IB,No,No,No,4.4,2026-05-07
STU-0000779,School_052,Elm Creek PS,HWDSB,2,80,96,0.714,0.683,N1D,GTA,French Immersion,Yes,No,Yes,3.7,2026-04-14
STU-0000780,School_036,Birch Park PS,HWDSB,12,50,67,0.835,0.822,N9H,Northern,Arts,No,No,No,9.8,2026-05-05
STU-0000781,School_009,Elm Park SS,TDSB,2,64,81,0.694,0.943,K6M,Central,Regular,Yes,Yes,No,5.2,2026-04-25
STU-0000782,School_027,Maple Creek CI,HDSB,5,41,65,0.654,0.675,N3C,Durham,IB,No,No,No,7.8,2026-04-05
STU-0000783,School_058,Elm Hill SS,DDSB,3,65,45,0.934,0.932,K0O,Waterloo,Arts,Yes,No,No,1.3,2026-02-08
STU-0000784,School_019,Elm Hill SS,TDSB,6,52,56,0.909,0.503,K6H,Southwestern,STEM,No,Yes,No,1.2,2026-06-25
STU-0000785,School_067,Elm Park PS,WRDSB,11,45,50,0.634,0.519,K1K,Central,French Immersion,Yes,Yes,No,2.1,2026-03-03
STU-0000786,School_099,Birch Hill CI,HWDSB,1,98,50,0.915,0.604,N9N,Southwestern,IB,Yes,Yes,No,1.1,2026-05-31
STU-0000787,School_093,Elm Valley PS,HDSB,2,71,93,0.618,0.682,P0P,Ottawa,Arts,Yes,Yes,No,8.2,2026-01-16
STU-0000788,School_062,Cedar Hill PS,DDSB,11,42,41,0.97,0.879,K8L,Northern,Arts,No,Yes,No,2.0,2026-02-23
STU-0000789,School_018,Elm Ridge PS,WRDSB,4,88,89,0.833,0.719,P3B,Eastern,French Immersion,Yes,Yes,Yes,1.4,2026-02-22
STU-0000790,School_066,Cedar Creek CI,PDSB,3,85,76,0.964,0.695,L6G,Central,Arts,No,Yes,No,7.2,2026-07-31
STU-0000791,School_024,Elm Valley SS,OCDSB,10,70,81,0.982,0.991,P8M,Southwestern,AP,Yes,No,No,6.4,2026-03-13
STU-0000792,School_097,Cedar Creek CI,OCDSB,4,92,69,0.901,0.699,M1P,Waterloo,IB,Yes,No,No,7.9,2026-05-07
STU-0000793,School_069,Elm Hill SS,TDSB,8,83,90,0.656,0.884,K1E,Northern,Arts,No,Yes,No,1.8,2026-02-06
STU-0000794,School_001,Elm Park CI,OCDSB,6,66,55,0.718,0.596,M2D,Niagara,STEM,Yes,Yes,No,6.3,2026-05-29
STU-0000795,School_086,Cedar Creek CI,TDSB,7,84,80,0.812,0.967,P7A,GTA,STEM,No,No,No,4.0,2026-06-06
STU-0000796,School_099,Cedar Valley PS,WRDSB,10,51,64,0.96,0.93,L2L,Ottawa,Arts,No,No,No,4.0,2026-04-08
STU-0000797,School_093,Elm Creek PS,YRDSB,4,94,96,0.679,0.995,P3G,Eastern,Arts,Yes,No,No,4.5,2026-06-05
STU-0000798,School_093,Oak Ridge PS,OCDSB,9,50,94,0.623,0.951,M5L,GTA,AP,No,No,No,1.2,2026-01-31
STU-0000799,School_092,Birch Ridge PS,HWDSB,11,49,47,0.719,0.98,N5I,Southwestern,Arts,No,Yes,No,4.1,2026-02-12
STU-0000800,School_061,Oak Hill SS,HWDSB,9,82,44,0.974,0.544,M4L,Central,AP,No,No,No,8.5,2026-04-03
STU-0000801,School_061,Elm Ridge PS,TDSB,1,75,41,0.928,0.509,P0I,Central,Arts,No,No,No,5.5,2026-02-16
STU-0000802,School_028,Maple Park CI,HWDSB,11,48,49,0.717,0.582,L9O,Eastern,Arts,No,No,No,1.6,2026-07-16
STU-0000803,School_004,Maple Hill SS,WRDSB,11,86,62,0.973,0.808,P5I,Waterloo,Arts,Yes,No,No,6.5,2026-04-02
STU-0000804,School_052,Maple Creek SS,HDSB,3,46,88,0.871,0.886,N8I,GTA,French Immersion,No,No,No,7.2,2026-03-22
STU-0000805,School_036,Oak Creek CI,DDSB,4,94,72,0.615,0.6,K4G,Northern,AP,No,Yes,No,4.7,2026-05-17
STU-0000806,School_016,Pine Hill CI,DDSB,1,94,43,0.665,0.8,P0P,Hamilton,AP,No,Yes,Yes,6.8,2026-07-11
STU-0000807,School_019,Cedar Valley SS,YRDSB,8,59,49,0.802,0.518,L8N,Waterloo,Regular,No,Yes,No,1.0,2026-07-20
STU-0000808,School_012,Elm Valley SS,PDSB,12,94,50,0.808,0.746,M0A,Northern,AP,Yes,No,No,8.1,2026-06-12
STU-0000809,School_076,Oak Park CI,WRDSB,5,83,45,0.701,0.731,L9I,Waterloo,IB,Yes,Yes,No,8.4,2026-05-25
STU-0000810,School_019,Birch Park CI,TDSB,3,100,70,0.96,0.866,P4B,Niagara,STEM,Yes,No,No,8.6,2026-05-14
STU-0000811,School_031,Cedar Hill PS,HWDSB,10,64,85,0.817,0.862,N1F,Northern,French Immersion,No,Yes,No,9.2,2026-01-10
STU-0000812,School_027,Elm Hill SS,DDSB,1,86,81,0.742,0.861,M2N,Niagara,Regular,No,Yes,No,6.5,2026-01-11
STU-0000813,School_059,Birch Hill PS,PDSB,7,41,94,0.72,0.857,M1F,Niagara,IB,Yes,Yes,No,9.7,2026-05-25
STU-0000814,School_009,Pine Ridge CI,HWDSB,5,53,57,0.963,0.55,M3K,Ottawa,French Immersion,No,Yes,No,10.0,2026-07-21
STU-0000815,School_034,Cedar Creek PS,YRDSB,3,40,49,0.769,0.752,K7C,Central,AP,Yes,No,Yes,4.6,2026-02-13
STU-0000816,School_098,Pine Ridge PS,PDSB,3,55,61,0.638,0.614,P5P,Northern,IB,No,Yes,No,4.5,2026-02-18
STU-0000817,School_009,Elm Valley PS,TDSB,9,63,80,0.737,0.523,P9C,Hamilton,AP,No,No,No,1.6,2026-05-01
STU-0000818,School_057,Pine Creek PS,HWDSB,2,67,61,0.97,0.971,L7B,Northern,AP,Yes,Yes,No,5.9,2026-03-06
STU-0000819,School_061,Pine Valley SS,WRDSB,12,64,100,0.819,0.681,N3K,Southwestern,Regular,No,Yes,Yes,3.8,2026-06-18
STU-0000820,School_068,Cedar Valley SS,HDSB,3,63,53,0.986,0.797,K9C,Southwestern,AP,No,No,Yes,2.3,2026-04-14
STU-0000821,School_100,Cedar Valley CI,TDSB,12,73,94,0.846,0.794,L3G,Hamilton,IB,Yes,Yes,No,7.2,2026-02-14
STU-0000822,School_098,Birch Park CI,TDSB,11,96,43,0.918,0.977,L3E,Southwestern,IB,No,No,No,5.5,2026-07-10
STU-0000823,School_032,Oak Park PS,YRDSB,7,42,71,0.787,0.761,N7G,Hamilton,Arts,No,No,No,2.0,2026-07-03
STU-0000824,School_059,Maple Valley PS,TDSB,10,81,49,0.69,0.886,K6P,Hamilton,French Immersion,Yes,No,No,8.8,2026-02-07
STU-0000825,School_029,Oak Valley PS,TDSB,8,61,83,0.886,0.765,P8C,Waterloo,IB,No,No,No,3.5,2026-03-09
STU-0000826,School_057,Cedar Creek SS,PDSB,12,79,42,0.64,0.804,M0H,GTA,Arts,Yes,No,No,1.4,2026-01-02
STU-0000827,School_040,Birch Ridge CI,HDSB,11,87,43,0.804,0.615,M6E,Northern,French Immersion,No,Yes,Yes,7.7,2026-04-14
STU-0000828,School_012,Cedar Ridge CI,DDSB,4,88,59,0.686,0.811,M6I,Niagara,Regular,Yes,Yes,No,8.2,2026-01-31
STU-0000829,School_051,Cedar Hill SS,OCDSB,9,98,76,0.857,0.937,N5H,GTA,Arts,Yes,No,No,6.9,2026-07-08
STU-0000830,School_012,Cedar Park PS,HDSB,12,99,64,0.743,0.74,K8L,Hamilton,IB,Yes,No,Yes,9.7,2026-04-02
STU-0000831,School_022,Oak Park PS,WRDSB,12,82,77,0.645,0.861,P0K,Eastern,Arts,Yes,No,Yes,1.5,2026-03-10
STU-0000832,School_094,Pine Park PS,PDSB,8,67,100,0.82,0.672,P3P,GTA,Regular,No,No,No,7.2,2026-06-24
STU-0000833,School_083,Birch Valley PS,HWDSB,8,78,49,0.607,0.6,M7M,Waterloo,AP,No,Yes,Yes,8.9,2026-04-07
STU-0000834,School_035,Oak Creek CI,WRDSB,3,73,49,0.697,0.901,K9D,Niagara,STEM,Yes,No,Yes,3.9,2026-05-03
STU-0000835,School_051,Birch Valley SS,HWDSB,6,56,92,0.802,0.908,N6D,Southwestern,French Immersion,No,No,No,2.3,2026-06-17
STU-0000836,School_042,Pine Creek CI,OCDSB,12,93,97,0.803,0.967,L3G,Durham,AP,No,No,No,4.4,2026-02-06
STU-0000837,School_033,Maple Creek PS,WRDSB,2,62,72,0.87,0.781,P3M,Niagara,Regular,No,No,No,5.0,2026-05-12
STU-0000838,School_021,Birch Hill SS,DDSB,1,94,69,0.89,0.712,N8L,Southwestern,AP,No,Yes,Yes,4.3,2026-05-15
STU-0000839,School_075,Pine Creek CI,WRDSB,3,88,79,0.931,0.954,L9N,Hamilton,French Immersion,No,No,Yes,6.4,2026-01-26
STU-0000840,School_023,Oak Creek PS,DDSB,1,73,89,0.863,0.98,K3K,GTA,IB,Yes,No,No,7.3,2026-02-23
STU-0000841,School_081,Elm Creek CI,YRDSB,9,52,61,0.647,0.809,K5G,Hamilton,STEM,No,No,No,5.6,2026-03-30
STU-0000842,School_050,Birch Park PS,PDSB,12,78,84,0.966,0.903,L6J,Northern,Arts,Yes,No,No,5.8,2026-02-20
STU-0000843,School_052,Birch Hill PS,PDSB,5,55,59,0.651,0.625,L9H,Waterloo,AP,No,No,No,6.5,2026-01-11
STU-0000844,School_002,Cedar Hill CI,HWDSB,3,86,51,0.838,0.964,N9G,Ottawa,STEM,No,No,No,7.3,2026-02-09
STU-0000845,School_042,Oak Creek PS,DDSB,2,80,64,0.718,0.691,L3A,Ottawa,Arts,Yes,No,No,1.2,2026-03-20
STU-0000846,School_058,Elm Ridge CI,DDSB,2,63,50,0.879,0.994,N2K,Northern,IB,Yes,Yes,No,8.9,2026-04-15
STU-0000847,School_062,Oak Creek PS,WRDSB,8,66,68,0.928,0.737,P3B,Ottawa,Arts,Yes,No,No,1.5,2026-06-26
STU-0000848,School_080,Maple Hill PS,HWDSB,11,58,79,0.62,0.59,L5B,Niagara,Regular,No,Yes,No,2.9,2026-06-11
STU-0000849,School_046,Elm Valley CI,TDSB,4,54,66,0.787,0.774,K8D,Niagara,AP,Yes,Yes,No,8.4,2026-05-14
STU-0000850,School_014,Maple Creek PS,WRDSB,10,84,86,0.675,0.576,K2K,Central,AP,No,No,No,4.0,2026-04-18
STU-0000851,School_075,Oak Park CI,HWDSB,6,56,44,0.624,0.599,N7O,Waterloo,AP,No,Yes,Yes,3.1,2026-01-26
STU-0000852,School_033,Pine Park SS,PDSB,1,59,99,0.819,0.871,P9A,Niagara,French Immersion,No,No,No,1.6,2026-03-09
STU-0000853,School_033,Elm Creek CI,TDSB,7,60,77,0.689,0.957,K0C,Eastern,STEM,Yes,Yes,No,7.5,2026-04-28
STU-0000854,School_014,Cedar Creek CI,WRDSB,4,76,96,0.634,0.763,L6N,Hamilton,IB,No,No,No,5.7,2026-07-07
STU-0000855,School_019,Maple Creek SS,DDSB,5,83,90,0.608,0.715,L7A,Northern,French Immersion,No,No,No,2.4,2026-05-07
STU-0000856,School_100,Maple Valley PS,DDSB,10,88,70,0.767,0.92,M1L,Central,Regular,Yes,Yes,No,9.1,2026-01-26
STU-0000857,School_022,Oak Hill SS,TDSB,11,93,53,0.697,0.92,N7I,Hamilton,IB,No,No,No,7.7,2026-06-05
STU-0000858,School_054,Elm Hill PS,TDSB,4,89,48,0.612,0.698,K1P,Hamilton,Regular,Yes,Yes,Yes,3.7,2026-03-14
STU-0000859,School_017,Pine Hill SS,YRDSB,1,88,99,0.914,0.586,P8L,Central,French Immersion,No,No,No,4.1,2026-05-16
STU-0000860,School_029,Pine Creek PS,OCDSB,8,70,95,0.806,0.799,L8I,Eastern,French Immersion,Yes,Yes,No,2.3,2026-03-10
STU-0000861,School_099,Birch Creek PS,TDSB,1,92,46,0.971,0.514,K8P,Niagara,STEM,Yes,No,No,2.7,2026-02-23
STU-0000862,School_024,Elm Valley PS,YRDSB,12,82,52,0.848,0.962,P5H,Southwestern,Regular,Yes,Yes,No,7.5,2026-04-02
STU-0000863,School_045,Elm Park PS,PDSB,5,99,61,0.68,0.839,N3B,GTA,French Immersion,Yes,Yes,Yes,7.0,2026-04-23
STU-0000864,School_032,Cedar Ridge SS,DDSB,6,42,88,0.712,0.653,N2F,GTA,STEM,Yes,No,No,5.3,2026-03-30
STU-0000865,School_032,Birch Hill CI,OCDSB,10,77,95,0.971,0.552,K0E,Durham,Regular,Yes,Yes,No,2.5,2026-04-14
STU-0000866,School_036,Elm Hill PS,PDSB,7,99,66,0.654,0.809,K7H,GTA,Arts,Yes,No,No,4.2,2026-04-30
STU-0000867,School_072,Cedar Hill CI,HWDSB,11,43,73,0.727,0.853,L0B,Ottawa,STEM,No,No,No,9.4,2026-06-27
STU-0000868,School_075,Birch Hill SS,OCDSB,8,98,97,0.813,0.501,P0L,Northern,IB,No,No,No,1.3,2026-05-16
STU-0000869,School_074,Cedar Park SS,YRDSB,3,94,58,0.931,0.882,M3I,Waterloo,Arts,Yes,No,No,3.6,2026-04-01
STU-0000870,School_074,Pine Valley CI,OCDSB,2,67,86,0.791,0.565,K4A,Northern,Arts,No,No,No,2.7,2026-03-03
STU-0000871,School_082,Cedar Park CI,DDSB,4,48,57,0.893,0.691,P9M,Hamilton,AP,Yes,Yes,No,1.7,2026-02-28
STU-0000872,School_053,Birch Ridge SS,WRDSB,1,80,100,0.678,0.715,P7J,Northern,Arts,Yes,Yes,No,1.2,2026-02-20
STU-0000873,School_012,Maple Valley PS,PDSB,3,89,44,0.909,0.678,M0D,Hamilton,STEM,Yes,Yes,No,8.4,2026-07-08
STU-0000874,School_055,Cedar Park PS,HDSB,5,49,78,0.707,0.905,P8B,Niagara,IB,Yes,No,No,5.9,2026-06-19
STU-0000875,School_081,Cedar Creek CI,WRDSB,4,98,59,0.849,0.935,L9P,Waterloo,IB,Yes,Yes,No,8.4,2026-05-01
STU-0000876,School_009,Maple Park SS,OCDSB,11,92,93,0.774,0.572,M8B,Hamilton,STEM,No,Yes,No,9.8,2026-02-19
STU-0000877,School_070,Maple Hill SS,YRDSB,7,45,51,0.816,0.552,N4D,Eastern,French Immersion,Yes,No,No,8.8,2026-06-12
STU-0000878,School_100,Pine Creek CI,HDSB,10,49,93,0.629,0.809,P1N,GTA,French Immersion,Yes,No,No,1.9,2026-02-04
STU-0000879,School_048,Elm Ridge SS,PDSB,10,51,49,0.946,0.885,P1K,Eastern,IB,No,Yes,Yes,6.3,2026-05-18
STU-0000880,School_058,Birch Ridge SS,OCDSB,8,52,61,0.868,0.59,K6D,GTA,Regular,Yes,No,Yes,2.8,2026-06-26
STU-0000881,School_040,Pine Valley SS,PDSB,1,87,47,0.863,0.544,P0A,Central,French Immersion,No,Yes,No,7.1,2026-06-18
STU-0000882,School_016,Cedar Valley CI,OCDSB,9,73,53,0.654,0.827,P3P,Southwestern,AP,Yes,Yes,No,1.2,2026-01-14
STU-0000883,School_058,Oak Hill CI,HDSB,2,70,60,0.875,0.698,P3O,Waterloo,AP,No,No,No,4.6,2026-06-29
STU-0000884,School_059,Cedar Valley CI,HDSB,4,89,52,0.94,0.926,L7E,Southwestern,Regular,Yes,Yes,No,6.6,2026-06-08
STU-0000885,School_013,Maple Creek CI,DDSB,7,87,87,0.954,0.767,P6D,Central,IB,No,Yes,No,9.4,2026-07-11
STU-0000886,School_031,Pine Creek PS,TDSB,8,65,66,0.79,0.76,P9N,Durham,IB,Yes,No,No,7.7,2026-05-23
STU-0000887,School_038,Elm Ridge SS,OCDSB,4,59,57,0.833,0.902,K2O,Durham,AP,No,Yes,No,1.1,2026-05-03
STU-0000888,School_004,Birch Hill PS,PDSB,4,59,90,0.678,0.652,P6N,Southwestern,French Immersion,Yes,Yes,Yes,5.5,2026-05-20
STU-0000889,School_042,Maple Creek PS,PDSB,12,82,65,0.703,0.573,M0A,Waterloo,Arts,No,No,No,2.4,2026-07-24
STU-0000890,School_001,Birch Creek SS,HDSB,9,83,47,0.903,0.9,M1A,Eastern,IB,Yes,Yes,No,5.7,2026-05-03
STU-0000891,School_053,Birch Ridge CI,HWDSB,10,70,47,0.934,0.702,N9A,Waterloo,AP,No,Yes,No,3.2,2026-04-03
STU-0000892,School_005,Oak Creek PS,HWDSB,11,79,54,0.854,0.531,K9F,Waterloo,Regular,No,No,No,3.1,2026-02-24
STU-0000893,School_012,Maple Ridge PS,TDSB,10,90,92,0.755,0.544,P4B,Central,Arts,No,Yes,No,4.4,2026-05-27
STU-0000894,School_098,Oak Creek CI,YRDSB,6,46,65,0.614,0.915,P6D,Northern,Arts,Yes,No,No,10.0,2026-06-28
STU-0000895,School_069,Oak Creek PS,PDSB,2,99,54,0.738,0.812,N1G,Niagara,IB,No,Yes,No,7.9,2026-03-16
STU-0000896,School_090,Birch Valley CI,OCDSB,10,73,56,0.777,0.597,M1N,Waterloo,French Immersion,Yes,Yes,No,1.9,2026-05-25
STU-0000897,School_006,Cedar Valley SS,YRDSB,11,81,85,0.984,0.871,N1N,Northern,STEM,No,No,No,4.4,2026-04-21
STU-0000898,School_096,Pine Ridge CI,PDSB,7,63,69,0.906,0.899,L8A,Northern,Arts,Yes,No,Yes,7.6,2026-06-12
STU-0000899,School_018,Elm Hill PS,PDSB,10,89,83,0.668,0.863,M2N,Niagara,Arts,Yes,Yes,No,5.4,2026-04-10
STU-0000900,School_044,Oak Hill CI,HWDSB,7,62,83,0.872,0.923,L3J,Eastern,IB,No,No,Yes,9.8,2026-04-14
STU-0000901,School_098,Elm Park CI,YRDSB,2,61,93,0.798,0.884,L8D,Southwestern,Arts,Yes,Yes,No,2.8,2026-04-22
STU-0000902,School_095,Elm Ridge SS,TDSB,1,95,64,0.761,0.583,N1E,Ottawa,Regular,Yes,Yes,No,3.7,2026-06-30
STU-0000903,School_017,Maple Hill SS,YRDSB,10,85,42,0.937,0.559,N1M,Southwestern,IB,No,No,Yes,1.8,2026-02-15
STU-0000904,School_098,Pine Hill SS,HWDSB,12,89,73,0.852,0.542,N5A,Northern,French Immersion,No,Yes,Yes,2.1,2026-05-28
STU-0000905,School_044,Oak Valley SS,HWDSB,10,50,81,0.666,0.79,K2I,GTA,STEM,Yes,No,No,7.2,2026-07-14
STU-0000906,School_086,Maple Valley PS,HDSB,9,87,85,0.981,0.661,K7A,Northern,Regular,No,No,No,5.1,2026-06-28
STU-0000907,School_055,Oak Creek CI,TDSB,5,88,55,0.881,0.557,N8E,GTA,AP,No,No,No,8.2,2026-03-27
STU-0000908,School_032,Oak Hill SS,PDSB,4,59,93,0.647,0.879,K7D,Eastern,French Immersion,No,No,No,1.3,2026-01-31
STU-0000909,School_038,Pine Valley PS,PDSB,6,76,70,0.716,0.735,N6J,Eastern,Arts,Yes,Yes,No,8.3,2026-01-19
STU-0000910,School_037,Pine Park PS,OCDSB,6,57,97,0.983,0.763,K4L,Ottawa,French Immersion,Yes,No,No,1.4,2026-03-29
STU-0000911,School_023,Cedar Valley SS,OCDSB,8,57,51,0.654,0.781,K9N,Eastern,IB,Yes,Yes,No,7.1,2026-06-20
STU-0000912,School_044,Pine Ridge PS,HDSB,5,68,66,0.953,0.976,P6G,Durham,IB,Yes,Yes,No,5.3,2026-06-14
STU-0000913,School_055,Maple Hill SS,HWDSB,5,54,72,0.686,0.686,N8P,Southwestern,IB,No,No,No,2.1,2026-03-12
STU-0000914,School_078,Maple Creek CI,DDSB,6,50,79,0.974,0.772,N1P,Waterloo,AP,No,Yes,No,1.6,2026-06-13
STU-0000915,School_001,Birch Hill PS,HDSB,8,81,97,0.813,0.874,L9M,Southwestern,STEM,No,No,No,6.4,2026-01-20
STU-0000916,School_087,Pine Ridge SS,DDSB,8,43,91,0.961,0.864,M9F,Niagara,IB,Yes,No,Yes,2.2,2026-04-06
STU-0000917,School_067,Pine Park PS,DDSB,2,66,47,0.656,0.791,L4A,Ottawa,AP,No,No,No,3.3,2026-02-19
STU-0000918,School_062,Maple Valley SS,PDSB,1,62,50,0.798,0.619,P6H,Eastern,Regular,Yes,Yes,No,9.5,2026-01-31
STU-0000919,School_064,Oak Ridge PS,WRDSB,8,69,75,0.611,0.696,K0C,Central,Arts,Yes,Yes,No,1.5,2026-04-25
STU-0000920,School_074,Elm Valley PS,TDSB,12,41,94,0.651,0.64,N3M,Eastern,French Immersion,No,Yes,No,5.1,2026-07-11
STU-0000921,School_002,Cedar Creek CI,HWDSB,8,46,84,0.881,0.584,P3K,Eastern,Arts,No,Yes,No,5.0,2026-02-01
STU-0000922,School_004,Cedar Valley CI,PDSB,6,47,73,0.903,0.854,L9N,Eastern,AP,No,Yes,No,5.5,2026-01-13
STU-0000923,School_004,Elm Valley PS,TDSB,1,82,88,0.733,0.515,P8F,Niagara,STEM,Yes,No,No,7.8,2026-04-17
STU-0000924,School_072,Maple Park PS,DDSB,1,52,74,0.812,0.684,K6P,Ottawa,AP,No,No,No,8.4,2026-05-02
STU-0000925,School_030,Birch Valley SS,OCDSB,11,46,88,0.929,0.818,P0I,Hamilton,Regular,Yes,Yes,No,7.4,2026-01-27
STU-0000926,School_005,Maple Hill PS,HDSB,5,71,42,0.858,0.645,P8K,Niagara,AP,Yes,No,No,1.8,2026-03-06
STU-0000927,School_033,Cedar Park SS,HDSB,7,46,74,0.724,0.816,K8N,Niagara,French Immersion,No,Yes,No,7.9,2026-05-09
STU-0000928,School_036,Pine Hill CI,PDSB,9,61,92,0.694,0.534,K4H,Durham,STEM,Yes,Yes,Yes,3.4,2026-01-01
STU-0000929,School_006,Birch Park SS,OCDSB,12,77,94,0.704,0.838,P9P,Niagara,IB,Yes,Yes,No,5.7,2026-02-11
STU-0000930,School_059,Elm Valley PS,DDSB,6,42,88,0.674,0.819,P0D,Ottawa,AP,Yes,Yes,No,3.3,2026-04-10
STU-0000931,School_095,Pine Creek PS,OCDSB,1,68,55,0.907,0.829,L6E,GTA,French Immersion,Yes,No,No,8.5,2026-01-25
STU-0000932,School_025,Elm Hill CI,WRDSB,11,80,82,0.805,0.655,N0P,Ottawa,STEM,No,Yes,Yes,7.0,2026-01-22
STU-0000933,School_046,Cedar Hill PS,HWDSB,12,77,77,0.7,0.91,N6K,Waterloo,Arts,No,No,No,4.6,2026-01-18
STU-0000934,School_090,Elm Hill CI,DDSB,3,41,67,0.809,0.928,N9N,Ottawa,French Immersion,No,Yes,No,3.0,2026-07-20
STU-0000935,School_062,Maple Hill PS,OCDSB,12,54,59,0.771,0.844,L7E,Waterloo,Regular,Yes,Yes,Yes,6.8,2026-05-26
STU-0000936,School_092,Oak Ridge PS,PDSB,9,71,65,0.697,0.933,M0C,Southwestern,IB,Yes,Yes,Yes,4.7,2026-07-21
STU-0000937,School_073,Elm Park CI,OCDSB,8,88,48,0.86,0.628,P4M,Eastern,IB,No,Yes,No,8.1,2026-01-24
STU-0000938,School_033,Oak Park SS,YRDSB,11,94,94,0.933,0.616,N2P,Eastern,Regular,Yes,No,No,6.1,2026-07-19
STU-0000939,School_050,Cedar Hill CI,WRDSB,7,97,96,0.836,0.678,M4F,Niagara,AP,Yes,No,No,2.7,2026-05-26
STU-0000940,School_022,Elm Hill PS,HWDSB,12,40,41,0.833,0.987,P9G,Waterloo,AP,Yes,No,No,3.8,2026-02-27
STU-0000941,School_095,Pine Valley CI,PDSB,11,93,89,0.648,0.654,N2F,GTA,Regular,Yes,No,No,2.6,2026-05-18
STU-0000942,School_060,Maple Hill SS,WRDSB,9,73,81,0.898,0.775,P8H,Eastern,STEM,No,Yes,No,1.3,2026-02-16
STU-0000943,School_046,Oak Park PS,YRDSB,6,88,82,0.955,0.503,N8N,Central,STEM,No,Yes,No,3.5,2026-04-18
STU-0000944,School_069,Birch Hill CI,PDSB,4,91,58,0.979,0.782,L1K,Central,French Immersion,Yes,Yes,No,4.1,2026-06-13
STU-0000945,School_008,Elm Hill CI,DDSB,7,80,45,0.938,0.779,P0C,Waterloo,French Immersion,No,Yes,No,6.3,2026-05-16
STU-0000946,School_096,Elm Ridge PS,HWDSB,5,59,55,0.82,0.671,P3N,Hamilton,IB,Yes,No,No,9.4,2026-03-20
STU-0000947,School_041,Cedar Park PS,YRDSB,12,50,96,0.912,0.56,K3P,Waterloo,AP,Yes,Yes,Yes,3.8,2026-03-24
STU-0000948,School_044,Elm Creek PS,TDSB,2,82,78,0.934,0.849,N4N,Eastern,Regular,Yes,Yes,No,5.8,2026-06-17
STU-0000949,School_029,Elm Hill PS,TDSB,11,65,91,0.952,0.574,L1E,Southwestern,STEM,Yes,Yes,Yes,5.7,2026-06-04
STU-0000950,School_100,Maple Hill CI,TDSB,10,44,55,0.901,0.686,K1D,Northern,Arts,Yes,No,No,9.1,2026-02-13
STU-0000951,School_100,Cedar Hill PS,HWDSB,12,81,100,0.96,0.893,P5C,Eastern,French Immersion,No,Yes,No,3.2,2026-01-08
STU-0000952,School_029,Pine Ridge SS,DDSB,6,63,87,0.609,0.919,L3N,GTA,IB,Yes,Yes,Yes,3.2,2026-07-30
STU-0000953,School_086,Pine Hill CI,YRDSB,1,91,89,0.936,0.648,L1E,Niagara,STEM,No,No,No,9.9,2026-07-01
STU-0000954,School_035,Pine Valley SS,YRDSB,2,42,77,0.902,0.682,P4J,Central,French Immersion,No,Yes,No,5.7,2026-01-19
STU-0000955,School_085,Elm Valley SS,PDSB,6,71,86,0.831,0.806,K9C,Northern,AP,No,No,Yes,4.5,2026-05-06
STU-0000956,School_014,Maple Hill PS,HDSB,10,75,62,0.63,0.788,M8B,Southwestern,French Immersion,No,Yes,No,8.3,2026-04-25
STU-0000957,School_056,Birch Valley SS,HWDSB,2,96,70,0.744,0.612,M3L,Northern,AP,Yes,Yes,No,5.5,2026-06-05
STU-0000958,School_049,Cedar Valley CI,DDSB,8,52,88,0.721,0.866,K3F,Ottawa,AP,Yes,No,Yes,6.3,2026-03-26
STU-0000959,School_032,Oak Valley CI,WRDSB,1,77,100,0.686,0.801,L2H,Central,Regular,Yes,Yes,No,4.8,2026-04-15
STU-0000960,School_036,Maple Creek PS,YRDSB,3,53,40,0.961,0.583,M7M,Durham,Arts,Yes,Yes,Yes,6.0,2026-04-29
STU-0000961,School_021,Birch Valley SS,OCDSB,10,76,77,0.879,0.941,N3N,Hamilton,AP,Yes,Yes,No,6.9,2026-07-30
STU-0000962,School_024,Elm Park PS,PDSB,3,66,89,0.797,0.606,M7J,Eastern,Regular,Yes,No,Yes,8.3,2026-07-30
STU-0000963,School_073,Birch Hill PS,YRDSB,6,44,87,0.872,0.865,L5B,Waterloo,Arts,No,No,Yes,9.0,2026-03-14
STU-0000964,School_095,Birch Valley SS,HWDSB,1,61,99,0.734,0.605,M9J,Northern,AP,Yes,Yes,Yes,6.0,2026-07-05
STU-0000965,School_023,Birch Creek SS,HDSB,9,62,75,0.839,0.503,M6O,Durham,Regular,No,Yes,No,9.5,2026-06-12
STU-0000966,School_097,Oak Valley CI,PDSB,3,70,88,0.866,0.748,L0D,Niagara,STEM,No,Yes,No,3.8,2026-04-02
STU-0000967,School_049,Maple Valley SS,YRDSB,3,66,51,0.819,0.595,L8O,Niagara,French Immersion,Yes,Yes,Yes,1.7,2026-02-08
STU-0000968,School_013,Cedar Creek SS,TDSB,11,84,46,0.652,0.702,M2K,Eastern,French Immersion,No,No,Yes,4.2,2026-07-13
STU-0000969,School_076,Maple Park SS,TDSB,10,100,88,0.658,0.699,L0M,Southwestern,Arts,Yes,Yes,No,6.4,2026-01-25
STU-0000970,School_089,Oak Park SS,OCDSB,7,87,100,0.633,0.968,P3F,Waterloo,IB,Yes,Yes,Yes,7.4,2026-07-26
STU-0000971,School_095,Cedar Creek SS,YRDSB,11,99,90,0.839,0.763,P0J,Waterloo,IB,Yes,No,Yes,8.3,2026-03-18
STU-0000972,School_003,Pine Hill CI,OCDSB,12,50,71,0.974,0.584,N6H,Southwestern,IB,Yes,Yes,Yes,8.4,2026-05-07
STU-0000973,School_006,Oak Hill CI,WRDSB,12,98,46,0.748,0.862,L4G,Eastern,IB,No,Yes,No,4.9,2026-07-09
STU-0000974,School_008,Birch Park CI,DDSB,1,57,55,0.79,0.599,N1E,Central,AP,Yes,Yes,Yes,7.4,2026-05-01
STU-0000975,School_082,Pine Creek SS,HWDSB,2,72,97,0.65,0.848,N0D,Hamilton,Arts,Yes,Yes,No,6.6,2026-02-25
STU-0000976,School_018,Maple Creek PS,OCDSB,7,58,47,0.735,0.947,P5N,Hamilton,IB,No,No,Yes,8.5,2026-02-15
STU-0000977,School_006,Maple Valley SS,HWDSB,5,50,49,0.983,0.786,K6N,Ottawa,Arts,No,Yes,No,3.3,2026-05-15
STU-0000978,School_057,Oak Creek PS,HWDSB,7,48,49,0.772,0.712,P2O,Waterloo,Regular,No,No,Yes,9.2,2026-02-18
STU-0000979,School_015,Cedar Creek CI,WRDSB,12,67,49,0.695,0.765,N3N,Waterloo,Regular,No,Yes,No,3.0,2026-03-21
STU-0000980,School_035,Elm Hill PS,TDSB,5,68,59,0.757,0.797,K4M,Niagara,French Immersion,Yes,Yes,No,1.2,2026-05-09
STU-0000981,School_001,Birch Hill SS,HWDSB,7,81,82,0.942,0.55,K3F,Hamilton,IB,No,No,No,1.4,2026-03-20
STU-0000982,School_068,Oak Hill CI,TDSB,12,96,90,0.821,0.806,M4H,Hamilton,French Immersion,No,No,No,1.1,2026-06-12
STU-0000983,School_013,Oak Valley SS,HWDSB,4,90,82,0.947,0.513,M9F,Waterloo,STEM,Yes,Yes,No,1.3,2026-04-02
STU-0000984,School_043,Maple Creek SS,YRDSB,10,45,72,0.771,0.851,L9I,Niagara,French Immersion,No,Yes,No,2.5,2026-01-27
STU-0000985,School_056,Birch Valley CI,TDSB,11,75,45,0.748,0.548,K0A,Northern,AP,Yes,Yes,No,9.7,2026-04-22
STU-0000986,School_017,Elm Park PS,WRDSB,5,54,67,0.769,0.925,M4D,GTA,French Immersion,No,Yes,No,3.2,2026-01-09
STU-0000987,School_082,Cedar Ridge CI,DDSB,1,41,96,0.819,0.586,K3L,Ottawa,AP,Yes,Yes,No,9.7,2026-02-22
STU-0000988,School_010,Oak Valley PS,PDSB,10,75,48,0.903,0.979,K5E,Niagara,French Immersion,No,No,No,2.7,2026-06-11
STU-0000989,School_066,Elm Ridge SS,PDSB,6,64,61,0.648,0.881,M1A,Eastern,IB,No,No,No,1.8,2026-02-16
STU-0000990,School_036,Maple Creek PS,HWDSB,6,48,71,0.934,0.702,M7C,Eastern,Arts,No,No,No,2.2,2026-04-29
STU-0000991,School_058,Maple Park PS,OCDSB,6,65,49,0.898,0.927,P7C,Waterloo,Arts,Yes,No,No,9.0,2026-07-25
STU-0000992,School_046,Cedar Valley SS,TDSB,1,72,49,0.724,0.958,K8C,Waterloo,AP,Yes,No,No,6.9,2026-04-20
STU-0000993,School_045,Elm Valley CI,WRDSB,8,69,68,0.692,0.828,K3J,Northern,STEM,No,Yes,No,4.8,2026-01-01
STU-0000994,School_052,Pine Ridge CI,DDSB,4,49,62,0.866,0.919,N3E,Southwestern,Regular,No,Yes,No,4.0,2026-07-15
STU-0000995,School_065,Birch Creek CI,DDSB,11,60,42,0.942,0.882,K0M,Eastern,French Immersion,No,Yes,No,6.8,2026-07-29
STU-0000996,School_059,Birch Hill PS,WRDSB,3,75,90,0.727,0.657,N9P,Eastern,STEM,Yes,Yes,No,2.3,2026-05-24
STU-0000997,School_023,Oak Hill CI,TDSB,12,96,54,0.743,0.808,P7C,Southwestern,French Immersion,Yes,Yes,No,7.6,2026-08-01
STU-0000998,School_097,Cedar Park SS,YRDSB,7,43,58,0.87,0.777,L5H,Northern,Arts,No,Yes,No,5.0,2026-05-11
STU-0000999,School_090,Birch Park SS,PDSB,6,84,88,0.709,0.68,N0L,Southwestern,Regular,Yes,No,No,3.1,2026-03-18
STU-0001000,School_093,Pine Valley PS,DDSB,7,66,85,0.744,0.728,K6F,Central,AP,Yes,No,No,5.8,2026-05-27
