READING_ID,STATION_ID,REGION,READING_TIMESTAMP,POWER_OUTPUT_MW,DEMAND_MW,FREQUENCY_HZ,VOLTAGE_KV,TEMPERATURE_C,WIND_SPEED_KMH,SOLAR_IRRADIANCE,GENERATION_TYPE,CAPACITY_FACTOR,EMISSIONS_TONNES_CO2,GRID_STABILITY_INDEX,OUTAGE_FLAG,LAST_UPDATED
RDG-00000001,STN_0174,Ottawa,2026-01-23 10:00:00,62.7,9248.9,60.008,366.7,-16.4,22.5,256.4,Hydro,0.68,474.3,0.975,No,2026-07-12
RDG-00000002,STN_0121,Ottawa,2026-03-29 11:00:00,508.6,23465.8,59.983,464.8,-26.6,74.9,377.6,Solar,0.43,435.4,0.912,No,2026-05-18
RDG-00000003,STN_0007,Ottawa,2026-01-23 11:00:00,2910.7,24564.5,59.995,292.1,7.8,31.8,586.0,Nuclear,0.23,165.3,0.992,Yes,2026-04-14
RDG-00000004,STN_0177,Durham,2026-07-10 06:00:00,607.3,16966.8,59.966,289.9,8.4,31.8,234.4,Hydro,0.63,285.1,0.802,Yes,2026-05-16
RDG-00000005,STN_0018,Northern,2026-01-25 08:00:00,2316.1,12966.8,60.032,394.0,-18.2,12.2,719.2,Gas,0.18,488.6,0.969,Yes,2026-06-10
RDG-00000006,STN_0070,Southwestern,2026-01-29 20:00:00,600.4,22220.7,60.001,222.9,-19.1,33.9,15.7,Biomass,0.24,176.9,0.944,No,2026-03-10
RDG-00000007,STN_0069,Niagara,2026-03-24 15:00:00,1484.3,18889.4,60.037,213.4,-9.8,12.6,499.4,Gas,0.92,173.2,0.845,Yes,2026-02-26
RDG-00000008,STN_0060,Southwestern,2026-03-03 23:00:00,577.8,11984.4,59.956,435.5,-12.6,39.0,507.9,Nuclear,0.11,362.9,0.86,No,2026-03-10
RDG-00000009,STN_0055,Waterloo,2026-04-09 18:00:00,1687.7,17625.4,60.043,176.4,5.9,30.5,534.0,Biomass,0.78,175.6,0.9,No,2026-07-19
RDG-00000010,STN_0069,Northern,2026-07-20 03:00:00,2561.9,8386.6,60.019,446.8,5.6,7.8,475.2,Gas,0.27,77.0,0.809,No,2026-02-05
RDG-00000011,STN_0027,Eastern,2026-05-30 16:00:00,1782.8,21074.7,59.953,434.3,-22.1,48.7,658.4,Nuclear,0.44,249.1,0.979,No,2026-07-15
RDG-00000012,STN_0090,Ottawa,2026-07-10 00:00:00,3047.1,20547.1,59.98,469.3,-12.3,39.9,265.5,Gas,0.76,218.6,0.863,No,2026-01-09
RDG-00000013,STN_0130,Eastern,2026-04-26 03:00:00,1935.3,9396.2,60.011,182.8,-17.9,73.9,555.6,Nuclear,0.54,499.5,0.982,Yes,2026-03-12
RDG-00000014,STN_0001,Central,2026-05-10 11:00:00,90.3,16832.9,59.976,179.7,-9.9,40.9,600.1,Biomass,0.72,388.6,0.839,No,2026-05-13
RDG-00000015,STN_0101,Niagara,2026-05-23 11:00:00,1009.6,11352.1,59.978,490.6,-23.9,26.0,986.1,Biomass,0.57,216.4,0.974,No,2026-04-13
RDG-00000016,STN_0174,Niagara,2026-04-06 18:00:00,409.7,14966.4,59.999,164.4,15.5,75.8,947.7,Gas,0.29,389.6,0.898,No,2026-07-18
RDG-00000017,STN_0195,Southwestern,2026-01-14 14:00:00,2271.8,22060.7,60.049,484.5,-8.7,55.1,887.4,Gas,0.44,368.9,0.826,No,2026-05-28
RDG-00000018,STN_0022,Waterloo,2026-03-02 02:00:00,3264.1,10170.7,60.01,212.5,6.2,2.5,991.2,Gas,0.9,117.2,0.918,Yes,2026-07-09
RDG-00000019,STN_0087,Southwestern,2026-04-28 20:00:00,2402.2,8341.1,59.966,418.8,-27.8,51.0,243.9,Nuclear,0.36,416.0,0.938,No,2026-05-29
RDG-00000020,STN_0163,Northern,2026-01-15 16:00:00,129.8,22187.2,59.973,248.2,-15.1,12.8,335.1,Biomass,0.46,323.3,0.918,No,2026-02-10
RDG-00000021,STN_0133,Niagara,2026-03-05 08:00:00,1922.9,13484.3,59.983,213.7,15.8,68.4,770.6,Nuclear,0.86,157.8,0.917,No,2026-03-12
RDG-00000022,STN_0167,Ottawa,2026-04-07 16:00:00,1336.2,13193.7,60.038,147.9,-25.1,54.3,354.2,Gas,0.44,56.1,0.932,No,2026-06-17
RDG-00000023,STN_0065,Ottawa,2026-04-14 14:00:00,850.5,18434.3,59.994,159.4,28.1,17.2,318.2,Solar,0.47,480.4,0.809,No,2026-01-21
RDG-00000024,STN_0070,Ottawa,2026-06-19 18:00:00,1983.3,8353.6,59.969,452.8,2.8,11.5,197.9,Gas,0.54,396.8,0.992,No,2026-03-18
RDG-00000025,STN_0016,Niagara,2026-01-23 12:00:00,65.4,10688.5,60.01,464.7,5.5,67.8,491.4,Solar,0.81,216.2,0.865,No,2026-03-12
RDG-00000026,STN_0188,Southwestern,2026-06-15 03:00:00,2329.9,11214.1,60.009,119.4,-4.6,29.7,728.9,Solar,0.14,325.5,0.991,No,2026-01-29
RDG-00000027,STN_0090,Eastern,2026-05-27 01:00:00,1239.2,18811.3,60.01,225.2,28.5,38.0,661.8,Wind,0.36,163.2,0.983,Yes,2026-07-11
RDG-00000028,STN_0154,Hamilton,2026-02-08 20:00:00,3134.0,18204.2,59.997,390.3,8.4,11.1,610.0,Nuclear,0.3,44.6,0.899,No,2026-07-17
RDG-00000029,STN_0146,Ottawa,2026-01-21 01:00:00,3224.8,13510.5,60.041,170.3,-18.8,27.7,163.4,Gas,0.95,395.4,0.896,No,2026-01-01
RDG-00000030,STN_0131,Central,2026-06-30 15:00:00,2191.8,22221.5,59.963,344.3,-12.6,25.2,835.5,Solar,0.37,77.6,0.836,No,2026-03-31
RDG-00000031,STN_0051,Eastern,2026-05-21 08:00:00,714.6,18586.4,59.999,238.5,20.4,8.2,519.1,Solar,0.13,21.9,0.863,No,2026-06-13
RDG-00000032,STN_0051,Eastern,2026-07-10 10:00:00,2563.5,23266.7,60.008,401.4,33.3,59.0,833.6,Nuclear,0.35,155.2,0.847,No,2026-06-15
RDG-00000033,STN_0072,Durham,2026-01-02 04:00:00,195.6,14748.7,59.969,245.1,-3.6,12.5,983.5,Solar,0.28,95.8,0.96,No,2026-07-25
RDG-00000034,STN_0117,Southwestern,2026-01-10 13:00:00,3240.0,14990.5,60.025,282.8,-7.8,8.5,403.3,Solar,0.93,452.0,0.827,No,2026-07-06
RDG-00000035,STN_0025,Central,2026-04-16 21:00:00,1761.4,9950.6,59.956,185.0,11.2,11.2,230.8,Hydro,0.62,391.0,0.932,No,2026-06-25
RDG-00000036,STN_0128,Durham,2026-06-25 19:00:00,2475.6,18552.3,59.962,232.2,32.6,11.9,345.5,Gas,0.84,493.6,0.974,No,2026-02-01
RDG-00000037,STN_0093,Niagara,2026-05-31 21:00:00,1987.4,9615.5,59.974,347.8,0.2,29.5,694.0,Hydro,0.84,15.5,0.922,No,2026-07-09
RDG-00000038,STN_0010,Eastern,2026-04-09 01:00:00,2142.4,24750.5,60.0,342.5,-9.6,35.3,963.4,Solar,0.23,214.8,0.896,Yes,2026-02-19
RDG-00000039,STN_0020,Central,2026-02-08 21:00:00,1485.8,14682.9,59.952,209.7,14.0,70.5,206.2,Solar,0.63,339.1,0.837,No,2026-06-26
RDG-00000040,STN_0073,Eastern,2026-05-02 10:00:00,3317.5,22392.2,59.959,363.6,-21.9,45.4,701.2,Hydro,0.33,0.0,0.977,No,2026-06-14
RDG-00000041,STN_0117,Eastern,2026-07-03 23:00:00,343.2,18957.6,59.974,181.5,-1.1,4.2,280.5,Hydro,0.9,481.2,0.806,No,2026-03-11
RDG-00000042,STN_0160,Eastern,2026-07-10 16:00:00,53.8,17443.6,60.049,116.8,15.0,30.7,412.2,Solar,0.8,419.5,0.936,Yes,2026-05-15
RDG-00000043,STN_0066,Ottawa,2026-03-07 21:00:00,2261.9,14416.0,59.955,352.3,12.4,50.7,29.1,Gas,0.12,483.6,0.808,Yes,2026-03-29
RDG-00000044,STN_0032,Central,2026-06-25 18:00:00,2169.1,18099.4,60.044,293.3,-5.5,25.5,410.1,Solar,0.73,295.0,0.962,No,2026-03-27
RDG-00000045,STN_0035,Hamilton,2026-05-13 06:00:00,2101.9,16422.6,60.03,422.2,-4.4,66.9,278.3,Solar,0.25,381.2,0.895,No,2026-03-27
RDG-00000046,STN_0008,Southwestern,2026-02-10 21:00:00,3130.8,11986.0,60.009,186.6,20.8,65.9,225.7,Hydro,0.41,334.8,0.819,No,2026-04-21
RDG-00000047,STN_0142,Hamilton,2026-03-21 19:00:00,3120.0,24758.0,60.019,127.0,-9.5,40.9,82.2,Wind,0.27,400.2,0.861,No,2026-05-11
RDG-00000048,STN_0115,Hamilton,2026-01-29 01:00:00,3026.7,12781.2,60.012,491.4,7.0,66.7,920.4,Biomass,0.22,175.2,0.937,No,2026-04-03
RDG-00000049,STN_0051,Northern,2026-07-12 08:00:00,187.1,19670.0,60.019,481.6,29.5,30.7,708.0,Nuclear,0.76,61.9,0.866,No,2026-04-22
RDG-00000050,STN_0003,Central,2026-05-03 01:00:00,2235.4,22705.7,59.987,215.6,-9.2,27.1,732.1,Gas,0.56,192.2,0.973,No,2026-05-11
RDG-00000051,STN_0119,Waterloo,2026-05-02 21:00:00,2003.7,11276.9,60.009,370.2,-27.1,36.6,514.6,Wind,0.63,28.9,0.939,No,2026-05-27
RDG-00000052,STN_0054,Central,2026-01-14 15:00:00,613.1,23391.7,59.951,276.3,-24.0,33.5,235.8,Solar,0.79,219.1,0.977,Yes,2026-02-20
RDG-00000053,STN_0090,Southwestern,2026-07-05 19:00:00,2037.0,8297.3,59.952,350.7,-29.4,50.6,889.5,Wind,0.61,86.4,0.823,Yes,2026-01-13
RDG-00000054,STN_0070,Durham,2026-07-21 09:00:00,1159.2,15962.8,60.028,157.8,8.5,45.8,799.6,Hydro,0.24,2.6,0.9,No,2026-07-23
RDG-00000055,STN_0112,Central,2026-06-23 01:00:00,480.9,10260.7,60.002,276.2,-11.5,54.9,21.7,Hydro,0.31,415.3,0.984,No,2026-01-27
RDG-00000056,STN_0071,Waterloo,2026-04-09 02:00:00,140.7,18048.0,60.033,311.1,-15.4,10.0,24.0,Solar,0.56,189.8,0.897,No,2026-01-10
RDG-00000057,STN_0058,Northern,2026-02-02 12:00:00,988.5,12243.9,59.986,240.2,-7.7,49.1,135.6,Nuclear,0.68,211.9,0.978,No,2026-04-14
RDG-00000058,STN_0050,Northern,2026-04-20 13:00:00,210.3,11188.9,59.981,299.2,34.4,39.0,526.5,Gas,0.55,418.5,0.884,Yes,2026-06-25
RDG-00000059,STN_0184,Waterloo,2026-06-17 17:00:00,3237.3,11449.3,60.004,167.1,4.5,68.9,43.1,Wind,0.45,420.0,0.825,No,2026-04-12
RDG-00000060,STN_0041,Waterloo,2026-05-09 11:00:00,2917.0,21752.5,60.002,476.4,-11.2,66.7,837.6,Wind,0.92,130.2,0.88,Yes,2026-04-08
RDG-00000061,STN_0064,Southwestern,2026-04-03 21:00:00,2613.3,16333.0,60.004,180.4,13.7,20.7,599.6,Wind,0.92,96.0,0.815,No,2026-05-22
RDG-00000062,STN_0127,Niagara,2026-03-17 19:00:00,2719.6,14795.6,59.98,274.2,33.3,62.3,12.8,Solar,0.37,313.3,0.869,No,2026-02-18
RDG-00000063,STN_0175,Eastern,2026-03-19 15:00:00,1530.4,12278.2,60.015,141.9,-27.5,16.7,3.6,Nuclear,0.39,4.9,0.934,No,2026-01-19
RDG-00000064,STN_0026,Northern,2026-07-02 16:00:00,3144.1,24897.8,59.983,146.9,7.2,36.7,722.3,Solar,0.53,140.8,0.827,Yes,2026-01-20
RDG-00000065,STN_0118,Northern,2026-02-16 08:00:00,2625.2,24209.7,59.959,401.4,3.6,37.8,126.4,Hydro,0.56,66.0,0.838,No,2026-07-29
RDG-00000066,STN_0129,Southwestern,2026-04-12 03:00:00,1109.3,14476.1,60.041,494.2,32.4,22.5,779.9,Gas,0.93,62.7,0.876,Yes,2026-04-30
RDG-00000067,STN_0178,Ottawa,2026-01-01 21:00:00,2356.6,21426.2,60.042,142.0,-18.5,37.4,118.5,Gas,0.65,408.7,0.83,Yes,2026-03-14
RDG-00000068,STN_0019,Durham,2026-01-24 06:00:00,1801.5,15739.4,59.993,152.0,29.2,16.6,963.3,Nuclear,0.45,87.4,0.896,No,2026-02-23
RDG-00000069,STN_0112,Central,2026-07-06 10:00:00,1868.7,17650.8,60.044,367.4,30.9,12.2,593.8,Nuclear,0.21,80.5,0.859,Yes,2026-06-07
RDG-00000070,STN_0158,Niagara,2026-03-21 04:00:00,2535.6,14734.7,59.95,387.8,-11.4,17.0,760.6,Biomass,0.21,73.9,0.904,Yes,2026-01-16
RDG-00000071,STN_0140,Central,2026-06-16 20:00:00,3242.1,12741.2,59.953,334.0,-6.6,58.6,787.3,Gas,0.48,166.3,0.874,No,2026-03-09
RDG-00000072,STN_0065,Ottawa,2026-01-14 21:00:00,2809.6,22736.2,59.984,447.6,-10.3,78.1,458.1,Gas,0.35,59.1,0.833,No,2026-06-16
RDG-00000073,STN_0091,Southwestern,2026-04-25 03:00:00,803.3,12399.4,60.023,350.4,-0.9,64.8,139.3,Solar,0.91,305.1,0.872,No,2026-02-05
RDG-00000074,STN_0009,Northern,2026-05-06 15:00:00,2682.6,12452.3,59.985,292.0,-19.5,12.6,327.4,Nuclear,0.66,395.2,0.868,No,2026-03-20
RDG-00000075,STN_0189,Northern,2026-04-11 17:00:00,2783.5,20388.7,60.032,481.0,17.5,11.3,2.0,Gas,0.72,81.5,0.893,No,2026-06-11
RDG-00000076,STN_0190,Eastern,2026-04-24 15:00:00,3185.0,10770.2,60.037,190.8,11.3,7.0,941.4,Gas,0.82,403.0,0.875,No,2026-03-06
RDG-00000077,STN_0112,Waterloo,2026-01-23 21:00:00,1989.0,23958.2,60.042,186.9,2.5,78.4,133.5,Gas,0.53,198.8,0.871,No,2026-02-03
RDG-00000078,STN_0170,GTA,2026-03-02 09:00:00,671.3,10168.1,59.981,231.0,-19.5,46.2,602.9,Solar,0.21,433.4,0.805,No,2026-07-05
RDG-00000079,STN_0128,Northern,2026-02-18 15:00:00,3032.2,24566.1,60.023,448.8,-15.6,1.2,920.7,Gas,0.7,379.9,0.907,No,2026-04-05
RDG-00000080,STN_0016,Southwestern,2026-07-22 05:00:00,1670.6,17050.5,59.975,260.8,12.5,43.5,483.0,Hydro,0.84,261.4,0.888,No,2026-06-09
RDG-00000081,STN_0144,Central,2026-06-07 11:00:00,2220.0,18168.5,59.967,473.1,23.9,71.5,90.8,Hydro,0.2,293.2,0.953,No,2026-01-10
RDG-00000082,STN_0106,Central,2026-03-17 06:00:00,2396.7,17140.0,59.99,368.1,-6.0,12.8,985.8,Solar,0.51,255.5,0.938,No,2026-01-25
RDG-00000083,STN_0004,GTA,2026-06-05 23:00:00,2657.0,12973.0,59.995,261.0,-12.5,76.0,13.3,Wind,0.79,142.8,0.943,No,2026-08-01
RDG-00000084,STN_0147,Waterloo,2026-03-16 03:00:00,2355.4,20980.9,60.042,157.3,-4.1,70.5,329.2,Wind,0.62,126.0,0.866,No,2026-02-26
RDG-00000085,STN_0177,Waterloo,2026-01-07 05:00:00,2147.1,9640.2,59.972,147.1,32.6,26.9,330.1,Nuclear,0.24,205.4,0.901,No,2026-03-14
RDG-00000086,STN_0190,Southwestern,2026-03-06 16:00:00,1057.8,8266.9,60.046,281.2,24.1,73.8,912.2,Gas,0.39,436.9,0.995,Yes,2026-07-25
RDG-00000087,STN_0108,GTA,2026-02-02 16:00:00,1737.2,17296.0,59.95,457.7,31.3,20.7,869.6,Wind,0.86,216.1,0.849,Yes,2026-05-21
RDG-00000088,STN_0096,Northern,2026-05-28 04:00:00,3366.7,17134.3,59.97,379.2,0.6,58.2,745.3,Gas,0.25,131.1,0.938,No,2026-03-20
RDG-00000089,STN_0034,Southwestern,2026-02-20 20:00:00,416.1,12432.0,59.991,417.7,22.4,77.4,810.0,Hydro,0.71,364.8,0.953,No,2026-01-19
RDG-00000090,STN_0092,Hamilton,2026-05-25 07:00:00,2062.7,8454.9,60.021,406.2,31.7,28.6,943.3,Wind,0.32,232.4,0.806,Yes,2026-07-19
RDG-00000091,STN_0172,Southwestern,2026-01-06 04:00:00,1963.8,11383.4,59.964,383.3,32.4,14.9,856.1,Biomass,0.7,382.6,0.849,Yes,2026-03-29
RDG-00000092,STN_0051,Ottawa,2026-03-01 22:00:00,2712.8,20138.6,59.992,230.6,30.2,34.4,501.4,Biomass,0.83,59.1,0.929,No,2026-04-26
RDG-00000093,STN_0154,Durham,2026-01-15 11:00:00,1287.0,11646.4,59.976,439.1,30.1,79.4,266.4,Nuclear,0.58,163.7,0.921,Yes,2026-01-07
RDG-00000094,STN_0103,Central,2026-02-20 18:00:00,1456.1,12616.5,60.007,457.5,-26.8,74.1,824.0,Wind,0.2,360.8,0.875,No,2026-02-03
RDG-00000095,STN_0009,Ottawa,2026-06-11 01:00:00,2962.6,16159.7,60.027,268.8,-27.9,9.4,725.2,Hydro,0.34,42.1,0.975,Yes,2026-03-30
RDG-00000096,STN_0106,Eastern,2026-01-17 07:00:00,1539.8,11939.6,59.991,178.6,-8.4,70.9,644.0,Gas,0.64,155.1,0.98,No,2026-04-26
RDG-00000097,STN_0124,Northern,2026-01-15 09:00:00,1315.4,21113.1,59.969,311.9,-21.4,38.2,93.7,Solar,0.87,42.5,0.987,No,2026-03-30
RDG-00000098,STN_0066,Niagara,2026-03-13 03:00:00,2810.4,12553.0,60.0,453.1,-17.7,61.5,497.8,Nuclear,0.16,343.3,0.968,No,2026-03-08
RDG-00000099,STN_0134,Waterloo,2026-01-08 15:00:00,2236.1,17065.4,60.049,326.3,30.1,62.5,335.8,Gas,0.15,30.2,0.839,No,2026-05-15
RDG-00000100,STN_0008,Southwestern,2026-05-28 16:00:00,1308.7,17450.6,59.988,214.0,16.5,76.0,258.7,Wind,0.25,396.7,0.952,No,2026-03-16
RDG-00000101,STN_0102,Northern,2026-07-02 01:00:00,1819.2,15149.0,59.964,178.6,0.8,27.6,797.9,Wind,0.9,316.9,0.983,No,2026-07-04
RDG-00000102,STN_0129,Niagara,2026-01-12 10:00:00,263.4,21796.0,59.98,174.7,26.3,35.5,91.2,Nuclear,0.55,289.7,0.967,No,2026-05-25
RDG-00000103,STN_0007,Hamilton,2026-02-02 16:00:00,2035.7,17806.8,59.96,217.8,6.4,72.2,825.9,Solar,0.35,169.7,0.802,No,2026-07-09
RDG-00000104,STN_0041,Waterloo,2026-06-28 00:00:00,3105.6,10093.3,59.995,225.2,-24.9,17.1,129.4,Wind,0.3,390.5,0.985,Yes,2026-01-30
RDG-00000105,STN_0011,GTA,2026-04-17 12:00:00,226.6,8555.2,59.998,148.0,-25.6,7.5,550.6,Wind,0.74,129.1,0.955,Yes,2026-01-12
RDG-00000106,STN_0020,Eastern,2026-01-21 22:00:00,732.5,11199.4,60.041,400.0,-17.1,7.1,46.8,Biomass,0.71,126.5,0.96,No,2026-07-26
RDG-00000107,STN_0166,Northern,2026-06-27 15:00:00,3427.0,23802.8,60.018,321.8,28.8,20.1,53.8,Nuclear,0.6,178.6,0.925,Yes,2026-02-04
RDG-00000108,STN_0007,Niagara,2026-07-18 00:00:00,3402.2,10324.7,60.033,235.4,-13.1,9.2,735.1,Biomass,0.11,255.3,0.865,No,2026-07-08
RDG-00000109,STN_0094,Central,2026-01-09 22:00:00,2361.3,14295.7,60.024,136.8,17.7,58.7,747.5,Nuclear,0.94,138.9,0.829,No,2026-03-16
RDG-00000110,STN_0093,Niagara,2026-07-20 08:00:00,1438.8,24667.2,60.049,401.8,7.3,6.4,671.1,Wind,0.6,370.3,0.989,Yes,2026-04-13
RDG-00000111,STN_0164,Hamilton,2026-07-14 12:00:00,1182.0,8685.7,59.988,248.3,-7.7,28.2,230.6,Hydro,0.16,114.7,0.816,Yes,2026-06-11
RDG-00000112,STN_0101,Southwestern,2026-03-09 20:00:00,590.7,17313.6,60.044,426.7,16.4,14.0,93.9,Gas,0.73,425.5,0.998,No,2026-04-03
RDG-00000113,STN_0076,Central,2026-07-27 06:00:00,2440.2,22512.5,60.002,156.5,24.6,30.4,659.8,Biomass,0.35,282.9,0.912,No,2026-06-04
RDG-00000114,STN_0137,Southwestern,2026-02-12 06:00:00,27.7,14687.2,60.005,439.0,4.0,77.1,415.8,Nuclear,0.8,193.0,0.875,No,2026-04-19
RDG-00000115,STN_0168,Eastern,2026-02-26 09:00:00,153.1,14589.5,60.009,496.3,-3.8,61.2,11.5,Wind,0.66,240.3,0.867,Yes,2026-02-25
RDG-00000116,STN_0097,Eastern,2026-04-18 18:00:00,1273.1,18485.4,60.046,110.3,15.3,60.4,665.8,Gas,0.8,493.2,0.92,No,2026-07-01
RDG-00000117,STN_0024,GTA,2026-01-09 07:00:00,3172.1,15967.4,59.963,113.5,-5.5,68.0,486.2,Gas,0.78,166.9,0.955,No,2026-03-15
RDG-00000118,STN_0172,Durham,2026-03-17 11:00:00,2391.3,21284.4,59.981,463.4,8.6,76.7,281.6,Biomass,0.17,158.1,0.815,No,2026-02-02
RDG-00000119,STN_0085,Niagara,2026-02-15 10:00:00,375.3,8826.0,60.01,222.3,-20.4,57.7,680.2,Solar,0.74,336.7,0.973,No,2026-02-03
RDG-00000120,STN_0144,Durham,2026-03-01 00:00:00,1725.1,20295.5,59.957,204.6,16.9,55.6,34.9,Gas,0.68,460.8,0.986,Yes,2026-07-07
RDG-00000121,STN_0004,GTA,2026-05-17 02:00:00,128.9,13663.4,59.955,182.4,-1.9,20.0,245.6,Hydro,0.26,417.5,0.868,No,2026-04-27
RDG-00000122,STN_0005,Niagara,2026-05-02 08:00:00,2886.6,23191.0,60.038,224.8,13.5,49.7,307.1,Gas,0.62,155.4,0.921,No,2026-03-21
RDG-00000123,STN_0073,Durham,2026-03-19 10:00:00,1953.0,23426.3,59.955,196.5,-24.0,52.0,827.0,Hydro,0.4,471.5,0.82,No,2026-04-13
RDG-00000124,STN_0068,Eastern,2026-02-05 03:00:00,2676.2,10220.2,59.978,313.3,-16.5,42.2,154.4,Hydro,0.12,488.0,0.994,No,2026-04-17
RDG-00000125,STN_0198,Eastern,2026-02-14 17:00:00,1000.8,22816.4,60.007,402.0,-14.1,49.1,219.1,Gas,0.78,80.0,0.867,Yes,2026-05-10
RDG-00000126,STN_0118,GTA,2026-02-10 00:00:00,907.6,23050.5,59.974,384.0,19.8,52.3,933.0,Gas,0.9,428.4,0.957,No,2026-06-27
RDG-00000127,STN_0031,Hamilton,2026-04-02 21:00:00,1704.0,17605.7,59.981,261.4,9.6,2.7,474.7,Gas,0.92,206.8,0.889,No,2026-02-09
RDG-00000128,STN_0097,Waterloo,2026-07-08 17:00:00,1552.0,23495.2,60.045,266.3,33.1,54.9,858.4,Gas,0.2,421.3,0.834,No,2026-06-20
RDG-00000129,STN_0077,Southwestern,2026-03-25 11:00:00,3409.8,18962.7,59.992,455.2,-12.8,72.8,16.3,Hydro,0.54,231.1,0.871,Yes,2026-01-01
RDG-00000130,STN_0014,Ottawa,2026-04-02 03:00:00,1087.4,19816.5,59.997,277.1,10.9,19.8,112.7,Hydro,0.5,192.4,0.803,Yes,2026-07-30
RDG-00000131,STN_0077,Durham,2026-01-20 20:00:00,2706.3,18543.2,59.985,406.0,-10.5,74.5,973.8,Gas,0.66,325.3,0.917,No,2026-02-10
RDG-00000132,STN_0143,Central,2026-04-10 00:00:00,96.3,16018.3,60.043,433.0,11.8,17.0,749.4,Solar,0.91,326.1,0.97,No,2026-04-24
RDG-00000133,STN_0059,Southwestern,2026-03-10 12:00:00,780.7,12685.0,60.013,166.0,-5.9,67.8,36.2,Biomass,0.31,4.0,0.8,No,2026-03-31
RDG-00000134,STN_0103,Durham,2026-01-13 09:00:00,3327.5,16933.2,59.971,301.4,-22.9,21.3,293.6,Gas,0.16,498.4,0.834,Yes,2026-04-03
RDG-00000135,STN_0009,Southwestern,2026-01-17 13:00:00,3035.1,14994.9,59.959,316.9,-11.6,9.7,636.7,Solar,0.21,192.3,0.845,No,2026-03-07
RDG-00000136,STN_0040,Central,2026-04-04 03:00:00,96.4,22322.4,59.993,209.7,17.3,38.1,146.5,Hydro,0.86,421.4,0.999,No,2026-07-28
RDG-00000137,STN_0161,Ottawa,2026-06-11 18:00:00,2591.4,23575.5,60.009,129.9,-6.6,71.3,404.9,Solar,0.4,482.9,0.934,No,2026-03-29
RDG-00000138,STN_0164,Niagara,2026-05-28 22:00:00,1542.2,11509.6,60.036,381.3,9.1,60.6,49.3,Nuclear,0.34,221.3,0.918,No,2026-04-12
RDG-00000139,STN_0170,Waterloo,2026-05-11 22:00:00,2862.2,24199.8,59.991,319.7,30.1,34.5,253.2,Biomass,0.67,413.6,0.984,No,2026-06-22
RDG-00000140,STN_0160,Hamilton,2026-05-28 08:00:00,2760.0,9777.6,59.981,184.5,31.7,36.2,956.5,Hydro,0.26,118.6,0.857,Yes,2026-05-25
RDG-00000141,STN_0048,GTA,2026-07-27 04:00:00,265.8,20366.1,60.039,361.7,-4.9,46.7,698.9,Nuclear,0.18,381.2,0.811,No,2026-02-02
RDG-00000142,STN_0114,Central,2026-04-16 00:00:00,355.9,20907.1,60.038,496.7,-15.9,42.8,370.0,Biomass,0.57,467.2,0.968,No,2026-06-15
RDG-00000143,STN_0093,Northern,2026-06-26 14:00:00,1355.5,9782.7,60.006,446.0,18.2,45.6,334.3,Biomass,0.41,49.4,0.99,No,2026-01-21
RDG-00000144,STN_0052,Central,2026-03-22 15:00:00,176.7,9025.6,59.995,147.1,-23.3,0.9,569.8,Solar,0.62,202.6,0.921,No,2026-02-10
RDG-00000145,STN_0006,Ottawa,2026-02-15 04:00:00,47.1,17058.1,59.965,120.3,-7.9,50.7,312.5,Gas,0.62,365.4,0.917,No,2026-05-02
RDG-00000146,STN_0200,Southwestern,2026-02-18 15:00:00,26.7,15715.8,60.026,411.7,-24.6,54.0,458.3,Biomass,0.17,252.3,0.846,No,2026-04-17
RDG-00000147,STN_0168,Ottawa,2026-04-10 21:00:00,2434.2,14049.4,59.991,221.8,16.4,72.4,566.0,Hydro,0.54,416.7,0.977,No,2026-04-03
RDG-00000148,STN_0095,Central,2026-03-26 17:00:00,3100.5,13994.1,60.008,425.6,8.4,54.3,497.0,Hydro,0.24,348.1,0.859,Yes,2026-06-21
RDG-00000149,STN_0020,Durham,2026-03-06 07:00:00,2776.0,12563.2,60.015,422.8,-27.5,77.4,125.4,Wind,0.27,127.2,0.93,Yes,2026-06-25
RDG-00000150,STN_0187,Waterloo,2026-05-07 05:00:00,2289.9,21248.5,60.035,129.1,17.0,72.8,538.7,Gas,0.85,161.2,0.838,No,2026-07-20
RDG-00000151,STN_0113,Northern,2026-02-16 04:00:00,1096.2,24650.7,60.002,401.2,15.2,2.3,61.0,Gas,0.92,62.3,0.851,No,2026-06-14
RDG-00000152,STN_0100,Ottawa,2026-04-29 12:00:00,2634.7,15535.7,59.987,446.2,31.4,39.5,296.1,Biomass,0.66,1.5,0.942,Yes,2026-07-07
RDG-00000153,STN_0109,Durham,2026-04-05 04:00:00,2280.3,15850.0,59.972,144.8,-23.4,77.6,614.4,Nuclear,0.57,486.6,0.948,No,2026-03-12
RDG-00000154,STN_0175,Eastern,2026-01-03 03:00:00,2327.0,17937.7,59.957,377.0,4.4,32.1,165.1,Gas,0.51,195.0,0.988,No,2026-03-07
RDG-00000155,STN_0095,Eastern,2026-04-25 13:00:00,2108.5,24076.7,60.036,360.7,-8.2,77.8,54.9,Hydro,0.34,348.5,0.878,No,2026-05-23
RDG-00000156,STN_0175,Durham,2026-02-24 19:00:00,1424.1,19537.8,59.99,178.2,10.2,37.1,224.0,Biomass,0.72,231.4,0.969,No,2026-05-03
RDG-00000157,STN_0068,Hamilton,2026-06-26 16:00:00,968.9,19457.1,59.969,293.6,-4.2,1.2,113.2,Wind,0.63,255.5,0.913,No,2026-02-12
RDG-00000158,STN_0002,Ottawa,2026-03-08 18:00:00,2260.5,22165.9,59.98,320.8,-17.6,53.9,593.1,Biomass,0.39,327.3,0.882,No,2026-05-15
RDG-00000159,STN_0150,Central,2026-05-30 08:00:00,2503.6,15882.8,60.039,424.5,-6.3,51.7,33.4,Wind,0.81,7.6,0.806,No,2026-01-06
RDG-00000160,STN_0170,Central,2026-04-06 11:00:00,3194.5,21189.7,60.02,391.4,20.9,4.1,690.8,Wind,0.22,94.0,0.877,No,2026-04-12
RDG-00000161,STN_0075,Southwestern,2026-03-23 08:00:00,680.1,14846.7,59.961,451.9,9.3,73.8,685.8,Wind,0.16,455.4,0.856,No,2026-02-09
RDG-00000162,STN_0071,Eastern,2026-01-27 21:00:00,471.7,13545.4,59.987,287.4,-4.1,35.1,705.4,Gas,0.3,220.7,0.991,No,2026-08-01
RDG-00000163,STN_0014,Niagara,2026-05-15 23:00:00,1511.9,10937.9,60.005,283.1,13.0,35.1,722.9,Gas,0.32,109.0,0.872,No,2026-05-28
RDG-00000164,STN_0178,Waterloo,2026-04-22 01:00:00,1150.4,15906.6,59.993,359.2,19.1,23.6,290.4,Biomass,0.76,218.1,0.906,No,2026-01-03
RDG-00000165,STN_0068,Niagara,2026-06-02 16:00:00,1077.7,15948.9,59.958,414.8,12.3,17.6,501.0,Nuclear,0.67,118.7,0.966,Yes,2026-03-16
RDG-00000166,STN_0142,Niagara,2026-05-13 14:00:00,818.9,21584.3,60.031,360.6,21.8,73.4,562.1,Nuclear,0.37,102.0,0.953,No,2026-07-07
RDG-00000167,STN_0200,Durham,2026-04-20 17:00:00,1701.0,20769.5,60.041,214.0,-6.0,16.9,53.0,Solar,0.92,205.4,0.861,No,2026-02-06
RDG-00000168,STN_0119,Southwestern,2026-01-24 01:00:00,2925.7,16312.2,60.019,120.8,5.3,45.1,706.9,Hydro,0.95,336.0,0.899,No,2026-03-20
RDG-00000169,STN_0037,Northern,2026-02-14 03:00:00,1011.3,10982.7,59.952,423.8,34.6,24.4,534.2,Solar,0.89,344.9,0.842,No,2026-05-19
RDG-00000170,STN_0098,Central,2026-02-13 03:00:00,149.5,13240.4,59.962,447.2,20.5,71.1,498.6,Solar,0.59,166.4,0.85,No,2026-03-24
RDG-00000171,STN_0167,Ottawa,2026-01-09 03:00:00,1120.4,18036.1,60.029,330.3,-1.4,68.5,302.8,Nuclear,0.22,426.7,0.985,Yes,2026-05-18
RDG-00000172,STN_0044,Waterloo,2026-03-24 04:00:00,1817.3,24434.7,60.031,205.5,-27.6,76.1,959.1,Wind,0.62,10.8,0.957,No,2026-05-18
RDG-00000173,STN_0162,Waterloo,2026-06-14 18:00:00,1295.3,21851.8,60.04,273.7,-23.8,30.2,382.5,Hydro,0.55,438.7,0.805,Yes,2026-04-21
RDG-00000174,STN_0129,Eastern,2026-01-29 22:00:00,862.1,8452.9,60.008,314.3,-1.2,76.8,414.7,Hydro,0.7,419.6,0.919,No,2026-07-25
RDG-00000175,STN_0017,Eastern,2026-01-11 14:00:00,3110.5,21647.6,60.046,179.2,0.7,18.9,611.2,Hydro,0.89,314.9,0.821,No,2026-01-16
RDG-00000176,STN_0110,Northern,2026-04-19 18:00:00,2979.5,13968.9,60.001,118.0,20.7,43.9,127.4,Nuclear,0.69,292.1,0.939,No,2026-07-09
RDG-00000177,STN_0087,Southwestern,2026-04-07 19:00:00,2339.1,18005.6,59.977,183.2,0.8,41.4,457.7,Hydro,0.49,474.9,0.866,No,2026-07-22
RDG-00000178,STN_0082,Eastern,2026-01-21 18:00:00,760.3,12438.6,60.008,414.8,29.8,56.8,543.4,Wind,0.44,340.9,0.867,No,2026-04-21
RDG-00000179,STN_0017,Durham,2026-01-05 18:00:00,482.5,13496.5,60.03,438.9,32.4,4.9,923.5,Gas,0.71,77.2,0.895,Yes,2026-03-05
RDG-00000180,STN_0174,Durham,2026-03-11 22:00:00,434.8,14831.0,59.951,445.8,33.4,61.2,865.3,Biomass,0.32,242.7,0.818,No,2026-01-17
RDG-00000181,STN_0105,Hamilton,2026-07-19 23:00:00,2451.9,14711.7,59.967,229.6,32.0,55.9,375.6,Wind,0.7,342.3,0.858,No,2026-04-23
RDG-00000182,STN_0079,GTA,2026-01-28 20:00:00,753.5,10930.4,60.03,442.7,34.2,14.3,185.3,Hydro,0.46,49.3,0.85,No,2026-06-23
RDG-00000183,STN_0117,Niagara,2026-07-23 00:00:00,2408.1,8482.6,59.972,299.7,-0.8,19.7,264.9,Wind,0.25,345.8,0.846,No,2026-07-09
RDG-00000184,STN_0140,Niagara,2026-03-05 03:00:00,3294.6,18460.5,60.024,300.0,-17.6,57.8,449.1,Wind,0.6,82.6,0.997,No,2026-04-17
RDG-00000185,STN_0053,Niagara,2026-01-04 07:00:00,2880.5,21708.2,60.037,328.4,23.4,26.4,214.1,Hydro,0.47,446.6,0.977,No,2026-05-05
RDG-00000186,STN_0104,GTA,2026-06-11 03:00:00,3391.8,17647.8,60.043,457.2,20.4,77.2,993.9,Hydro,0.83,99.1,0.92,Yes,2026-01-25
RDG-00000187,STN_0184,Eastern,2026-06-23 21:00:00,2153.4,13051.8,60.006,214.2,6.3,39.7,157.3,Solar,0.53,396.7,0.946,No,2026-05-06
RDG-00000188,STN_0011,Waterloo,2026-02-02 17:00:00,1693.9,19927.4,60.014,258.1,-11.2,4.4,254.3,Nuclear,0.87,259.6,0.832,No,2026-03-31
RDG-00000189,STN_0076,Durham,2026-06-26 05:00:00,2160.6,10923.4,59.953,153.9,21.5,66.1,371.6,Hydro,0.23,27.3,0.862,No,2026-01-22
RDG-00000190,STN_0084,Durham,2026-04-09 18:00:00,1290.3,15214.2,59.992,421.2,25.1,76.3,726.4,Hydro,0.43,489.4,0.953,Yes,2026-05-07
RDG-00000191,STN_0009,Niagara,2026-06-05 04:00:00,2771.7,21107.4,59.95,416.3,10.0,4.1,712.7,Hydro,0.73,228.2,0.979,No,2026-04-17
RDG-00000192,STN_0134,Central,2026-06-13 00:00:00,1033.8,24664.7,60.015,450.0,-28.5,57.9,844.5,Nuclear,0.57,42.5,0.961,Yes,2026-03-02
RDG-00000193,STN_0054,Eastern,2026-07-15 00:00:00,1142.4,19271.5,60.03,255.8,-16.7,15.2,731.7,Solar,0.82,440.6,0.898,No,2026-01-08
RDG-00000194,STN_0148,GTA,2026-02-19 00:00:00,1375.4,11816.9,60.013,112.7,13.8,6.9,482.4,Gas,0.13,452.1,0.915,Yes,2026-01-19
RDG-00000195,STN_0147,GTA,2026-01-20 00:00:00,407.2,10570.5,60.037,442.3,-24.0,17.8,49.0,Gas,0.86,374.8,0.924,No,2026-03-09
RDG-00000196,STN_0083,Waterloo,2026-02-10 20:00:00,1772.9,15957.0,59.978,229.5,4.1,72.8,89.8,Solar,0.91,360.8,0.969,Yes,2026-03-08
RDG-00000197,STN_0021,Northern,2026-03-10 22:00:00,1804.9,12679.5,59.968,284.8,34.3,4.0,313.0,Biomass,0.72,403.2,0.927,No,2026-02-04
RDG-00000198,STN_0058,Niagara,2026-02-05 06:00:00,1324.5,21316.2,59.972,219.1,-14.0,9.2,245.4,Biomass,0.71,288.0,0.837,No,2026-07-18
RDG-00000199,STN_0082,Northern,2026-01-14 12:00:00,2455.0,16592.5,59.968,475.5,21.5,41.2,947.2,Wind,0.35,364.2,0.802,No,2026-05-02
RDG-00000200,STN_0132,Southwestern,2026-05-07 08:00:00,272.9,18062.7,59.976,163.1,28.1,21.5,141.2,Solar,0.92,255.4,0.939,Yes,2026-01-29
RDG-00000201,STN_0028,Hamilton,2026-01-27 15:00:00,1119.1,18679.7,59.973,311.9,-4.1,79.1,864.2,Solar,0.83,118.3,0.975,No,2026-02-14
RDG-00000202,STN_0053,Durham,2026-04-29 10:00:00,829.0,18788.1,59.954,168.9,6.0,69.9,240.5,Solar,0.28,164.1,0.95,No,2026-04-25
RDG-00000203,STN_0019,Hamilton,2026-07-08 19:00:00,584.4,15567.1,59.985,191.2,-23.6,28.5,183.1,Biomass,0.77,178.8,0.808,No,2026-03-17
RDG-00000204,STN_0140,Eastern,2026-03-01 16:00:00,193.2,24176.9,60.043,349.5,2.7,14.2,20.9,Nuclear,0.43,2.1,0.97,No,2026-02-20
RDG-00000205,STN_0177,Central,2026-06-01 13:00:00,1567.0,9019.0,60.018,264.7,28.3,46.1,800.0,Gas,0.3,362.8,0.835,No,2026-05-20
RDG-00000206,STN_0198,Central,2026-02-27 20:00:00,715.6,12243.6,59.956,322.2,-0.1,72.8,762.2,Nuclear,0.93,66.4,0.809,No,2026-07-31
RDG-00000207,STN_0123,Ottawa,2026-05-28 14:00:00,3294.3,21602.6,59.975,129.1,-20.2,67.9,467.8,Solar,0.52,381.4,0.941,No,2026-06-16
RDG-00000208,STN_0162,Central,2026-05-03 21:00:00,86.6,14266.5,60.05,461.8,-29.0,54.6,832.3,Biomass,0.72,429.0,0.995,No,2026-05-09
RDG-00000209,STN_0167,Northern,2026-06-22 03:00:00,2481.0,24572.1,59.953,434.4,27.0,33.6,693.2,Hydro,0.86,193.3,0.819,No,2026-01-04
RDG-00000210,STN_0146,Niagara,2026-04-13 13:00:00,3381.8,15661.9,60.018,309.9,-11.0,11.3,168.7,Hydro,0.4,111.0,0.902,No,2026-07-19
RDG-00000211,STN_0187,Waterloo,2026-06-02 21:00:00,1931.6,23511.8,59.961,298.7,-26.4,9.3,399.2,Solar,0.78,297.4,0.944,No,2026-02-18
RDG-00000212,STN_0050,Northern,2026-03-30 21:00:00,3380.8,24005.6,60.044,351.2,18.6,26.1,844.8,Biomass,0.92,45.0,0.923,No,2026-06-13
RDG-00000213,STN_0153,Waterloo,2026-07-04 13:00:00,2201.8,21411.0,60.004,162.9,32.8,29.5,805.4,Solar,0.67,20.5,0.955,No,2026-03-07
RDG-00000214,STN_0123,Ottawa,2026-06-02 21:00:00,670.2,10142.1,59.975,490.6,-6.6,57.7,85.7,Wind,0.84,335.7,0.8,No,2026-03-12
RDG-00000215,STN_0159,Ottawa,2026-02-18 17:00:00,232.2,12586.8,59.977,258.6,5.4,15.9,336.2,Gas,0.15,449.1,0.914,Yes,2026-06-30
RDG-00000216,STN_0060,Eastern,2026-04-14 22:00:00,476.9,9234.5,59.986,340.2,26.7,48.5,123.1,Nuclear,0.27,164.8,0.942,No,2026-05-06
RDG-00000217,STN_0086,Southwestern,2026-02-24 16:00:00,884.0,11480.6,60.038,410.2,-13.8,26.2,735.3,Nuclear,0.34,314.5,0.877,No,2026-01-25
RDG-00000218,STN_0165,Northern,2026-03-27 06:00:00,1762.6,15769.6,59.957,389.4,-18.6,17.5,990.0,Solar,0.48,387.3,0.924,No,2026-05-23
RDG-00000219,STN_0081,Southwestern,2026-03-25 06:00:00,1905.8,19968.7,60.013,488.5,-7.2,2.2,290.0,Hydro,0.13,293.4,0.85,Yes,2026-05-30
RDG-00000220,STN_0108,Central,2026-02-14 02:00:00,682.1,15198.4,60.011,202.7,12.6,36.0,220.6,Hydro,0.63,156.8,0.847,No,2026-01-06
RDG-00000221,STN_0121,Central,2026-05-11 01:00:00,2637.3,9943.2,59.973,408.2,-23.5,15.0,519.2,Wind,0.3,432.3,0.81,No,2026-03-13
RDG-00000222,STN_0036,Waterloo,2026-03-04 10:00:00,1891.9,9438.5,60.009,335.8,12.0,68.9,440.2,Wind,0.24,473.6,0.916,Yes,2026-04-12
RDG-00000223,STN_0022,Durham,2026-05-05 18:00:00,2467.0,19927.9,59.968,415.7,-1.2,15.6,203.1,Solar,0.29,101.3,0.864,No,2026-06-04
RDG-00000224,STN_0073,Niagara,2026-05-29 03:00:00,170.9,11409.5,59.96,211.5,9.2,56.7,744.3,Biomass,0.68,316.1,0.808,No,2026-06-14
RDG-00000225,STN_0171,Durham,2026-04-05 16:00:00,366.8,10938.6,59.98,320.9,-2.6,51.0,850.9,Gas,0.81,362.7,0.995,No,2026-07-20
RDG-00000226,STN_0162,Northern,2026-04-19 18:00:00,35.3,11808.8,60.0,269.6,20.5,43.3,7.5,Hydro,0.31,211.0,0.863,Yes,2026-03-12
RDG-00000227,STN_0071,Northern,2026-05-25 18:00:00,2225.5,19821.6,60.017,242.2,-12.0,73.0,334.8,Nuclear,0.36,252.3,0.9,No,2026-01-20
RDG-00000228,STN_0031,Hamilton,2026-01-17 18:00:00,613.5,20420.6,60.013,445.2,15.1,6.2,347.0,Solar,0.69,19.3,0.802,No,2026-02-10
RDG-00000229,STN_0120,Northern,2026-03-01 07:00:00,1957.6,16645.7,60.011,267.7,11.0,57.8,44.6,Wind,0.59,260.3,0.847,No,2026-04-13
RDG-00000230,STN_0054,Northern,2026-04-24 12:00:00,52.6,23924.8,60.005,263.9,4.7,10.9,446.4,Nuclear,0.61,382.8,0.9,No,2026-02-27
RDG-00000231,STN_0074,Waterloo,2026-06-20 18:00:00,1110.2,10156.3,59.987,184.9,-1.7,78.7,471.5,Nuclear,0.4,69.1,0.89,No,2026-07-31
RDG-00000232,STN_0039,Northern,2026-03-30 11:00:00,826.0,20089.3,60.037,249.2,-22.2,60.8,545.5,Wind,0.74,435.2,0.871,No,2026-03-28
RDG-00000233,STN_0061,Waterloo,2026-04-02 04:00:00,1654.5,16626.0,60.006,152.1,6.3,36.3,889.1,Biomass,0.6,121.4,0.944,Yes,2026-07-05
RDG-00000234,STN_0131,Eastern,2026-06-04 16:00:00,1507.6,22061.8,59.993,255.4,12.2,61.3,407.3,Gas,0.28,417.6,0.96,No,2026-07-15
RDG-00000235,STN_0056,Waterloo,2026-01-21 18:00:00,568.9,23232.9,59.951,413.1,29.7,20.0,908.9,Biomass,0.7,416.5,0.86,No,2026-07-06
RDG-00000236,STN_0068,Ottawa,2026-03-31 22:00:00,2151.5,9726.7,60.001,410.8,-2.0,42.1,209.8,Wind,0.1,319.5,0.87,No,2026-05-22
RDG-00000237,STN_0053,Ottawa,2026-07-12 17:00:00,3154.0,17676.8,59.995,478.1,-28.0,11.6,277.6,Solar,0.56,145.5,0.848,Yes,2026-03-12
RDG-00000238,STN_0042,Ottawa,2026-05-14 05:00:00,1224.0,11313.2,59.986,355.2,-14.0,48.8,31.8,Biomass,0.67,447.5,0.817,No,2026-06-24
RDG-00000239,STN_0150,Hamilton,2026-06-02 21:00:00,3042.9,13942.0,59.994,385.9,16.0,21.5,429.7,Biomass,0.24,409.1,0.919,No,2026-07-19
RDG-00000240,STN_0145,Northern,2026-01-29 12:00:00,2684.6,16059.3,60.029,126.9,15.6,75.4,42.1,Hydro,0.87,404.4,0.975,No,2026-02-07
RDG-00000241,STN_0130,Southwestern,2026-04-20 07:00:00,2916.1,11710.5,60.018,205.4,-21.2,16.2,873.7,Solar,0.29,119.9,0.956,No,2026-03-28
RDG-00000242,STN_0075,Southwestern,2026-03-29 11:00:00,3473.2,16370.3,60.035,244.1,23.7,62.1,282.2,Hydro,0.52,198.2,0.952,No,2026-03-31
RDG-00000243,STN_0152,Central,2026-07-22 19:00:00,1534.4,9103.3,59.976,422.7,-10.2,75.3,967.2,Gas,0.41,2.6,0.8,No,2026-02-12
RDG-00000244,STN_0033,Central,2026-07-08 19:00:00,1209.3,22872.7,59.977,270.4,26.7,11.9,457.4,Nuclear,0.37,207.7,0.985,No,2026-02-05
RDG-00000245,STN_0159,Niagara,2026-06-02 19:00:00,2500.8,22027.0,59.965,353.6,20.5,63.1,943.2,Biomass,0.31,267.8,0.908,No,2026-03-22
RDG-00000246,STN_0033,Durham,2026-01-19 10:00:00,1617.3,12185.5,59.981,235.4,30.0,19.5,128.1,Solar,0.22,481.1,0.809,No,2026-04-01
RDG-00000247,STN_0160,Eastern,2026-07-24 15:00:00,962.9,20544.0,59.954,295.7,1.4,20.3,935.5,Gas,0.69,146.0,0.868,No,2026-01-16
RDG-00000248,STN_0199,GTA,2026-04-21 11:00:00,79.9,17346.3,59.965,448.5,-4.0,28.0,246.2,Hydro,0.52,471.4,0.9,No,2026-04-30
RDG-00000249,STN_0104,Eastern,2026-05-12 20:00:00,2202.5,9145.7,59.998,163.2,24.6,7.4,587.0,Solar,0.19,448.9,0.867,Yes,2026-07-01
RDG-00000250,STN_0159,Niagara,2026-04-06 10:00:00,40.2,19061.9,59.953,202.1,-15.4,29.8,548.2,Nuclear,0.83,385.5,0.915,No,2026-07-10
RDG-00000251,STN_0147,Waterloo,2026-02-10 05:00:00,644.0,24188.4,60.041,129.2,-5.9,21.9,667.4,Wind,0.5,161.5,0.952,No,2026-01-22
RDG-00000252,STN_0137,Central,2026-02-08 21:00:00,2418.0,16925.0,60.02,340.3,-5.6,50.8,490.3,Nuclear,0.91,344.1,0.823,No,2026-04-30
RDG-00000253,STN_0149,Southwestern,2026-04-18 19:00:00,872.2,11884.0,59.959,160.6,-29.0,61.9,971.1,Nuclear,0.41,420.8,0.977,No,2026-01-30
RDG-00000254,STN_0062,Central,2026-07-18 21:00:00,484.7,23086.0,59.99,436.5,-23.3,12.1,58.1,Wind,0.93,11.9,0.918,No,2026-06-14
RDG-00000255,STN_0197,Hamilton,2026-06-20 22:00:00,3298.6,11011.0,60.039,435.9,12.5,40.3,578.9,Wind,0.95,187.4,0.859,No,2026-01-31
RDG-00000256,STN_0061,Eastern,2026-05-13 16:00:00,395.6,18613.0,60.019,436.5,-24.1,74.6,369.4,Solar,0.28,191.9,0.96,No,2026-02-23
RDG-00000257,STN_0048,Niagara,2026-02-01 02:00:00,3194.5,16549.4,59.954,283.6,2.8,73.5,690.2,Solar,0.86,290.8,0.844,No,2026-06-03
RDG-00000258,STN_0178,Northern,2026-06-29 14:00:00,112.6,24649.0,59.967,351.3,11.4,70.0,955.8,Wind,0.7,497.3,0.976,Yes,2026-06-03
RDG-00000259,STN_0076,Southwestern,2026-01-15 09:00:00,1315.6,23276.8,60.043,374.0,-26.7,52.3,996.2,Wind,0.78,423.1,0.897,No,2026-06-03
RDG-00000260,STN_0093,Eastern,2026-07-10 22:00:00,1589.2,20861.2,60.039,469.0,-13.6,79.4,769.7,Hydro,0.74,471.6,0.922,No,2026-02-20
RDG-00000261,STN_0112,Waterloo,2026-01-25 11:00:00,3482.3,19459.1,60.013,253.8,14.3,20.9,977.8,Solar,0.29,17.3,0.91,No,2026-05-15
RDG-00000262,STN_0106,Southwestern,2026-01-12 20:00:00,2790.6,13540.3,60.02,190.7,10.8,39.5,188.7,Gas,0.23,440.9,0.862,No,2026-04-14
RDG-00000263,STN_0096,Northern,2026-04-20 05:00:00,669.2,16604.6,60.049,460.2,28.8,15.6,17.2,Hydro,0.77,184.2,0.927,Yes,2026-07-14
RDG-00000264,STN_0034,Ottawa,2026-01-09 11:00:00,2762.0,18402.8,59.996,419.1,25.5,37.2,114.1,Biomass,0.49,143.7,0.906,Yes,2026-06-27
RDG-00000265,STN_0037,Central,2026-03-23 03:00:00,2884.0,14781.7,60.021,177.5,31.4,1.0,670.0,Wind,0.91,220.7,0.985,No,2026-05-10
RDG-00000266,STN_0081,Ottawa,2026-03-27 07:00:00,3384.3,10504.0,60.027,339.4,23.8,57.0,241.4,Hydro,0.48,396.3,0.825,No,2026-04-29
RDG-00000267,STN_0180,Ottawa,2026-02-27 21:00:00,2298.5,16152.5,60.0,488.2,26.2,75.9,152.9,Biomass,0.27,52.3,0.876,No,2026-05-19
RDG-00000268,STN_0126,Hamilton,2026-05-18 11:00:00,2143.1,19583.8,59.955,426.8,12.9,39.0,918.5,Wind,0.35,47.4,0.849,Yes,2026-04-06
RDG-00000269,STN_0185,Ottawa,2026-05-31 23:00:00,2427.3,12994.9,59.971,297.4,9.6,73.4,662.3,Hydro,0.68,30.9,0.816,No,2026-05-10
RDG-00000270,STN_0198,Northern,2026-05-11 05:00:00,279.3,20598.5,59.951,378.7,30.0,31.3,784.4,Gas,0.31,224.3,0.846,No,2026-04-29
RDG-00000271,STN_0191,Central,2026-06-28 18:00:00,925.3,19542.2,59.992,442.0,-21.6,11.2,914.0,Biomass,0.67,469.8,0.955,No,2026-05-11
RDG-00000272,STN_0040,Ottawa,2026-04-22 23:00:00,404.7,17519.0,60.034,469.5,-23.3,2.9,818.6,Wind,0.77,120.0,0.993,No,2026-06-03
RDG-00000273,STN_0057,Ottawa,2026-04-03 06:00:00,1809.3,8611.0,59.983,422.2,8.7,60.3,958.5,Wind,0.34,412.9,0.994,No,2026-01-18
RDG-00000274,STN_0172,Northern,2026-04-14 01:00:00,1877.0,19126.7,60.003,333.0,-23.4,74.8,102.7,Hydro,0.56,300.1,0.814,Yes,2026-06-19
RDG-00000275,STN_0098,Waterloo,2026-07-02 04:00:00,1075.0,18874.6,60.017,473.2,-20.8,1.7,202.5,Gas,0.78,359.9,0.804,Yes,2026-05-30
RDG-00000276,STN_0063,Hamilton,2026-05-08 06:00:00,3031.9,17213.5,59.983,163.5,29.7,52.7,878.1,Solar,0.66,496.0,0.958,No,2026-06-13
RDG-00000277,STN_0141,GTA,2026-02-18 18:00:00,2294.1,24786.5,59.964,345.7,19.8,17.2,182.9,Hydro,0.19,106.1,0.959,No,2026-07-08
RDG-00000278,STN_0050,Waterloo,2026-07-21 21:00:00,1269.2,10375.4,60.027,271.4,20.7,28.2,324.0,Gas,0.48,73.0,0.849,No,2026-01-18
RDG-00000279,STN_0099,Durham,2026-06-04 04:00:00,3472.5,8670.5,59.963,174.9,19.3,10.6,147.9,Biomass,0.64,369.0,0.87,No,2026-04-05
RDG-00000280,STN_0164,Northern,2026-02-07 15:00:00,2646.8,23097.7,60.008,312.0,-14.5,27.8,344.9,Gas,0.43,219.2,0.88,Yes,2026-04-10
RDG-00000281,STN_0159,Southwestern,2026-01-23 03:00:00,292.9,11519.4,60.028,426.6,7.5,15.5,94.7,Hydro,0.55,93.0,0.832,No,2026-07-26
RDG-00000282,STN_0181,Southwestern,2026-07-16 11:00:00,3255.9,23521.7,59.97,408.6,-27.2,28.2,677.8,Nuclear,0.36,270.4,0.833,No,2026-05-18
RDG-00000283,STN_0150,Ottawa,2026-02-09 16:00:00,2499.0,10060.2,60.021,418.0,-28.1,61.5,997.7,Solar,0.9,253.8,0.854,No,2026-02-27
RDG-00000284,STN_0106,Southwestern,2026-05-21 02:00:00,489.7,19396.5,59.999,340.1,-14.5,14.9,150.1,Gas,0.11,138.3,0.967,No,2026-03-13
RDG-00000285,STN_0182,Niagara,2026-04-29 23:00:00,2475.9,14992.9,59.962,427.8,-12.9,45.4,692.9,Gas,0.42,250.5,0.945,No,2026-03-30
RDG-00000286,STN_0065,Waterloo,2026-06-23 04:00:00,3246.4,17315.0,60.006,420.1,-29.1,28.3,137.6,Solar,0.37,226.7,0.816,No,2026-03-27
RDG-00000287,STN_0076,Waterloo,2026-02-16 16:00:00,3247.0,23673.1,60.034,161.0,29.1,78.8,193.7,Nuclear,0.61,207.3,0.969,No,2026-03-16
RDG-00000288,STN_0200,Central,2026-04-02 21:00:00,2246.9,22904.8,60.008,161.2,-12.0,19.6,656.8,Gas,0.44,314.7,0.835,No,2026-07-09
RDG-00000289,STN_0094,Ottawa,2026-03-18 17:00:00,2720.3,12717.5,59.971,483.8,22.7,2.1,896.9,Hydro,0.21,187.9,0.939,No,2026-01-03
RDG-00000290,STN_0147,Hamilton,2026-05-16 03:00:00,2260.6,9831.2,59.967,385.0,5.3,63.5,915.3,Hydro,0.84,109.6,0.822,No,2026-05-03
RDG-00000291,STN_0017,Niagara,2026-02-14 14:00:00,445.3,17623.7,60.019,200.5,24.9,54.1,793.7,Nuclear,0.54,466.5,0.852,No,2026-01-27
RDG-00000292,STN_0127,GTA,2026-03-21 09:00:00,1079.1,14428.5,60.02,473.7,-29.9,46.6,736.2,Solar,0.6,344.6,0.839,No,2026-01-26
RDG-00000293,STN_0183,Northern,2026-03-22 13:00:00,3136.4,22891.8,60.019,122.6,-14.2,57.1,970.0,Hydro,0.23,383.1,0.825,Yes,2026-03-22
RDG-00000294,STN_0078,Niagara,2026-07-03 22:00:00,3243.1,15497.7,60.035,426.8,-8.8,52.8,470.7,Solar,0.16,265.8,0.983,No,2026-04-11
RDG-00000295,STN_0190,Southwestern,2026-01-13 12:00:00,2299.8,20121.2,59.978,374.9,26.6,59.2,711.2,Solar,0.1,383.4,0.984,No,2026-06-11
RDG-00000296,STN_0037,Niagara,2026-07-08 16:00:00,2200.3,14778.0,59.974,263.6,27.8,70.1,652.0,Nuclear,0.51,433.9,0.932,No,2026-03-17
RDG-00000297,STN_0059,Niagara,2026-02-20 01:00:00,1112.9,21527.0,59.968,190.5,-5.8,78.6,56.5,Hydro,0.79,489.1,0.918,No,2026-02-19
RDG-00000298,STN_0141,Central,2026-07-20 20:00:00,2076.7,14978.7,59.965,426.6,30.5,46.7,337.6,Solar,0.73,420.0,0.825,No,2026-05-04
RDG-00000299,STN_0036,Ottawa,2026-01-24 22:00:00,249.6,9076.0,59.98,315.2,-27.1,59.5,402.0,Wind,0.79,448.0,0.86,No,2026-01-26
RDG-00000300,STN_0028,Eastern,2026-04-03 21:00:00,1761.6,11993.0,59.978,259.4,-23.7,49.1,72.0,Hydro,0.55,491.0,0.988,Yes,2026-06-15
RDG-00000301,STN_0142,Waterloo,2026-01-26 00:00:00,2312.1,22013.6,60.03,263.1,14.8,53.5,519.3,Hydro,0.1,0.2,0.839,Yes,2026-05-26
RDG-00000302,STN_0058,Northern,2026-01-14 11:00:00,1423.0,22544.7,60.035,419.5,23.4,17.6,116.6,Wind,0.14,66.6,0.967,No,2026-05-28
RDG-00000303,STN_0195,Durham,2026-02-08 08:00:00,2749.4,22465.2,60.016,260.8,-8.9,41.8,734.0,Solar,0.64,288.5,0.922,Yes,2026-03-24
RDG-00000304,STN_0192,Ottawa,2026-05-25 20:00:00,622.3,24382.4,59.988,431.2,30.6,61.3,105.8,Hydro,0.71,82.7,0.82,No,2026-04-06
RDG-00000305,STN_0141,Central,2026-06-24 01:00:00,1714.7,12058.3,59.986,443.2,4.1,0.5,908.6,Wind,0.7,230.2,0.831,Yes,2026-06-25
RDG-00000306,STN_0177,Waterloo,2026-06-10 18:00:00,744.3,17091.6,59.962,157.3,-1.5,13.1,744.6,Solar,0.5,248.4,0.978,No,2026-05-14
RDG-00000307,STN_0024,Hamilton,2026-07-01 02:00:00,1886.0,17971.5,60.034,125.4,32.3,60.4,75.4,Wind,0.68,475.1,0.881,No,2026-04-13
RDG-00000308,STN_0096,Central,2026-07-09 23:00:00,2119.4,8567.1,59.996,227.5,-3.0,19.9,728.7,Hydro,0.47,116.2,0.847,No,2026-02-24
RDG-00000309,STN_0144,Central,2026-04-15 00:00:00,2358.2,19861.1,60.006,206.5,6.0,78.3,845.0,Gas,0.23,105.3,0.887,No,2026-04-17
RDG-00000310,STN_0042,Central,2026-04-15 20:00:00,2859.4,11601.0,60.026,127.7,-29.6,40.0,802.6,Biomass,0.9,336.9,0.865,No,2026-02-16
RDG-00000311,STN_0088,Durham,2026-01-27 11:00:00,181.5,20538.3,59.991,285.9,17.1,58.2,860.2,Hydro,0.34,393.9,0.947,No,2026-07-22
RDG-00000312,STN_0001,Hamilton,2026-07-13 21:00:00,1717.5,20118.4,60.012,414.2,-23.4,6.2,200.8,Hydro,0.8,166.4,0.917,No,2026-02-17
RDG-00000313,STN_0167,Southwestern,2026-04-12 05:00:00,1419.1,14641.3,60.043,304.8,1.3,50.2,273.1,Wind,0.31,174.8,0.951,Yes,2026-01-30
RDG-00000314,STN_0045,Niagara,2026-02-04 20:00:00,2203.5,19396.2,59.952,487.8,27.5,41.7,28.9,Biomass,0.89,229.3,0.843,No,2026-05-16
RDG-00000315,STN_0151,Ottawa,2026-03-10 03:00:00,1369.2,19929.0,60.032,122.8,-5.3,54.8,219.3,Wind,0.57,406.4,0.927,No,2026-05-19
RDG-00000316,STN_0091,Niagara,2026-02-22 12:00:00,487.0,8722.4,60.0,172.8,24.6,65.6,849.7,Gas,0.39,449.5,0.915,No,2026-05-10
RDG-00000317,STN_0147,Waterloo,2026-05-25 01:00:00,16.4,14045.4,59.994,450.8,-17.8,48.9,142.9,Wind,0.74,303.2,0.9,Yes,2026-04-02
RDG-00000318,STN_0047,Southwestern,2026-06-25 06:00:00,31.5,10080.9,59.957,445.2,-21.9,63.4,959.2,Nuclear,0.25,103.6,0.878,No,2026-03-22
RDG-00000319,STN_0068,GTA,2026-01-19 11:00:00,1718.4,22445.9,60.029,150.2,-17.3,9.4,297.3,Biomass,0.85,414.2,0.891,No,2026-05-20
RDG-00000320,STN_0056,Hamilton,2026-04-25 03:00:00,1889.1,23448.6,59.999,380.4,-29.3,76.2,176.0,Gas,0.35,462.9,0.96,Yes,2026-02-28
RDG-00000321,STN_0043,Ottawa,2026-04-22 06:00:00,655.5,16562.6,60.031,365.4,26.5,71.6,960.9,Wind,0.45,305.9,0.944,No,2026-07-24
RDG-00000322,STN_0178,Northern,2026-01-03 18:00:00,325.0,15082.3,60.025,192.6,9.6,29.0,612.9,Solar,0.26,126.7,0.866,Yes,2026-07-30
RDG-00000323,STN_0177,Ottawa,2026-02-17 09:00:00,1449.0,17947.4,59.996,229.4,-29.3,22.9,23.9,Nuclear,0.9,37.4,0.938,No,2026-06-03
RDG-00000324,STN_0009,Southwestern,2026-06-22 00:00:00,3386.8,10363.1,59.983,298.1,-12.4,54.7,280.1,Nuclear,0.49,436.2,1.0,No,2026-01-30
RDG-00000325,STN_0131,Southwestern,2026-05-05 09:00:00,136.5,8913.0,59.987,201.3,29.9,4.1,743.2,Hydro,0.75,50.5,0.925,No,2026-06-20
RDG-00000326,STN_0035,Southwestern,2026-04-11 14:00:00,290.6,13287.1,59.984,468.3,-6.5,6.5,228.8,Solar,0.41,422.3,0.844,No,2026-04-20
RDG-00000327,STN_0184,Hamilton,2026-05-13 17:00:00,1410.0,15143.5,59.952,490.7,32.5,2.8,361.3,Wind,0.43,390.1,0.989,No,2026-01-27
RDG-00000328,STN_0138,Southwestern,2026-05-13 09:00:00,1844.2,12619.2,59.978,399.0,-11.6,6.3,388.5,Solar,0.51,190.9,0.807,No,2026-07-28
RDG-00000329,STN_0020,Northern,2026-03-24 23:00:00,25.4,24042.8,60.034,169.9,8.9,58.8,565.5,Wind,0.74,59.9,0.933,Yes,2026-06-28
RDG-00000330,STN_0137,Hamilton,2026-01-17 03:00:00,1716.6,17147.0,59.959,182.7,-23.2,45.0,684.5,Wind,0.54,482.4,0.934,Yes,2026-06-25
RDG-00000331,STN_0137,Northern,2026-01-31 22:00:00,1577.3,10110.5,59.974,354.5,22.1,23.7,257.2,Biomass,0.15,177.0,0.808,Yes,2026-02-03
RDG-00000332,STN_0038,Niagara,2026-05-03 12:00:00,2636.7,20548.4,60.004,151.9,-5.4,45.7,150.1,Gas,0.52,76.7,0.944,No,2026-05-19
RDG-00000333,STN_0033,Niagara,2026-06-11 16:00:00,438.7,12050.1,59.986,251.4,11.9,8.9,790.8,Gas,0.46,408.9,0.995,No,2026-06-20
RDG-00000334,STN_0139,Ottawa,2026-04-09 15:00:00,2364.8,12296.7,60.032,232.2,-13.6,10.8,832.8,Gas,0.72,209.1,0.829,No,2026-01-13
RDG-00000335,STN_0090,Eastern,2026-06-16 03:00:00,440.4,18267.5,59.972,226.8,-12.4,27.6,684.6,Nuclear,0.81,359.3,0.835,No,2026-06-15
RDG-00000336,STN_0062,Waterloo,2026-02-07 09:00:00,2129.0,17405.5,60.015,414.7,33.7,28.4,873.7,Biomass,0.27,207.4,0.943,Yes,2026-05-15
RDG-00000337,STN_0110,Southwestern,2026-06-06 04:00:00,2833.1,18451.9,60.027,162.6,34.1,59.2,470.0,Hydro,0.59,0.1,0.905,No,2026-06-13
RDG-00000338,STN_0021,Niagara,2026-03-04 20:00:00,3157.1,14765.7,59.977,325.6,-19.8,1.3,174.1,Biomass,0.42,279.0,0.853,Yes,2026-07-19
RDG-00000339,STN_0136,Central,2026-06-10 06:00:00,342.3,24932.4,60.047,447.4,23.3,59.5,759.5,Solar,0.49,0.1,0.859,Yes,2026-01-23
RDG-00000340,STN_0118,Northern,2026-01-04 05:00:00,1596.4,8591.0,60.008,166.9,11.7,64.3,62.6,Nuclear,0.78,430.3,0.949,Yes,2026-03-27
RDG-00000341,STN_0136,Hamilton,2026-04-05 22:00:00,1600.7,12164.9,59.987,115.8,34.7,49.9,807.8,Gas,0.93,195.7,0.826,Yes,2026-03-08
RDG-00000342,STN_0160,Waterloo,2026-06-03 02:00:00,667.1,14680.5,60.001,319.6,9.3,16.7,783.5,Hydro,0.45,371.8,0.932,No,2026-04-03
RDG-00000343,STN_0194,Southwestern,2026-03-27 12:00:00,267.3,8447.8,60.011,266.9,-4.1,58.1,275.7,Wind,0.18,21.2,0.968,Yes,2026-06-13
RDG-00000344,STN_0040,GTA,2026-02-26 03:00:00,2708.5,8408.8,60.036,466.4,31.1,62.6,528.8,Gas,0.87,350.2,0.805,No,2026-06-25
RDG-00000345,STN_0074,Southwestern,2026-07-12 01:00:00,2248.0,21849.6,59.966,305.2,-1.2,4.2,717.7,Solar,0.23,163.9,0.853,Yes,2026-04-05
RDG-00000346,STN_0154,Northern,2026-03-27 16:00:00,1684.9,23030.1,60.002,167.6,27.8,1.6,664.8,Biomass,0.56,483.7,0.896,No,2026-03-01
RDG-00000347,STN_0104,Northern,2026-02-16 23:00:00,1985.2,18467.3,59.985,145.6,-25.8,18.5,683.8,Hydro,0.29,244.8,0.997,No,2026-02-19
RDG-00000348,STN_0054,Eastern,2026-04-03 00:00:00,668.9,8029.0,59.98,192.6,5.6,5.2,267.8,Biomass,0.28,292.4,0.827,No,2026-04-01
RDG-00000349,STN_0133,Durham,2026-07-24 22:00:00,1675.7,8918.0,60.008,361.0,9.6,36.1,627.6,Solar,0.31,472.8,0.838,No,2026-06-24
RDG-00000350,STN_0188,Northern,2026-04-25 20:00:00,2391.5,9331.6,60.047,261.5,-28.5,57.8,429.0,Hydro,0.67,441.2,0.89,No,2026-02-03
RDG-00000351,STN_0005,Niagara,2026-03-02 01:00:00,2349.5,17290.1,60.025,178.7,14.0,30.6,354.0,Hydro,0.91,10.4,0.916,No,2026-05-26
RDG-00000352,STN_0063,Southwestern,2026-03-13 12:00:00,3231.5,21478.8,60.014,258.6,-5.5,14.4,677.0,Gas,0.5,326.1,0.852,No,2026-05-03
RDG-00000353,STN_0012,Southwestern,2026-03-29 10:00:00,1930.4,17404.2,60.034,304.8,-2.2,13.4,133.4,Gas,0.58,432.3,0.857,No,2026-05-03
RDG-00000354,STN_0065,Eastern,2026-02-23 08:00:00,2006.1,18834.2,59.966,136.9,11.2,41.7,243.7,Hydro,0.86,10.8,0.988,No,2026-04-12
RDG-00000355,STN_0180,Southwestern,2026-03-08 09:00:00,2923.5,11939.5,60.003,472.8,-21.3,12.7,161.6,Solar,0.82,472.4,0.833,No,2026-06-16
RDG-00000356,STN_0004,Southwestern,2026-01-22 13:00:00,10.3,10518.9,60.033,393.7,-15.6,28.2,704.8,Biomass,0.15,411.6,0.984,No,2026-06-13
RDG-00000357,STN_0191,GTA,2026-04-27 16:00:00,737.0,23671.4,59.964,359.1,33.3,19.7,174.9,Gas,0.6,364.9,0.937,No,2026-06-10
RDG-00000358,STN_0105,Hamilton,2026-03-13 16:00:00,3251.0,19831.0,60.046,203.9,-9.0,12.4,714.4,Gas,0.19,260.9,0.943,Yes,2026-01-02
RDG-00000359,STN_0189,Hamilton,2026-04-12 19:00:00,350.9,23078.0,60.02,130.8,-12.7,29.2,784.8,Wind,0.78,227.5,0.804,No,2026-02-14
RDG-00000360,STN_0075,Hamilton,2026-01-08 02:00:00,1937.9,24319.5,59.989,406.6,-2.3,59.1,755.5,Wind,0.15,367.2,0.967,Yes,2026-06-13
RDG-00000361,STN_0015,Waterloo,2026-01-26 01:00:00,2340.4,15390.5,60.024,433.8,-7.9,67.8,588.9,Solar,0.6,448.9,0.857,No,2026-03-17
RDG-00000362,STN_0083,Hamilton,2026-02-05 21:00:00,263.7,10483.4,60.022,279.9,33.0,41.3,452.3,Nuclear,0.23,265.1,0.93,Yes,2026-07-05
RDG-00000363,STN_0026,Durham,2026-05-01 23:00:00,34.2,11494.9,59.975,283.6,7.2,39.9,853.7,Nuclear,0.41,2.0,0.831,Yes,2026-01-15
RDG-00000364,STN_0083,Hamilton,2026-03-26 16:00:00,249.1,10405.4,60.013,130.2,-25.5,61.0,973.4,Biomass,0.25,137.5,0.967,No,2026-07-16
RDG-00000365,STN_0035,Ottawa,2026-07-23 21:00:00,1697.6,21359.7,59.966,215.1,-20.3,2.4,369.5,Nuclear,0.22,244.2,0.865,No,2026-01-15
RDG-00000366,STN_0021,GTA,2026-03-26 22:00:00,2929.9,23168.8,59.986,307.5,19.9,61.3,595.0,Solar,0.83,342.0,0.927,No,2026-03-10
RDG-00000367,STN_0199,Southwestern,2026-03-18 13:00:00,2495.9,12577.0,59.995,331.6,14.9,64.5,731.2,Solar,0.5,454.5,0.858,No,2026-07-22
RDG-00000368,STN_0117,Hamilton,2026-03-22 11:00:00,856.2,14088.5,60.042,119.1,-0.5,54.1,785.6,Wind,0.57,150.5,0.855,Yes,2026-03-08
RDG-00000369,STN_0101,Waterloo,2026-02-17 23:00:00,1332.0,12258.7,59.963,354.5,22.2,75.3,830.8,Gas,0.92,295.5,0.956,No,2026-05-09
RDG-00000370,STN_0181,Northern,2026-01-20 18:00:00,792.9,23283.9,59.965,319.8,30.6,20.3,291.7,Wind,0.53,213.0,0.836,Yes,2026-06-04
RDG-00000371,STN_0075,Waterloo,2026-02-21 15:00:00,1570.9,12229.8,60.007,294.7,-21.3,67.2,893.1,Nuclear,0.13,22.5,0.87,Yes,2026-06-09
RDG-00000372,STN_0153,Waterloo,2026-05-22 22:00:00,1100.0,8166.5,60.005,438.4,0.9,2.6,438.9,Gas,0.11,351.7,0.963,No,2026-07-21
RDG-00000373,STN_0171,Niagara,2026-02-17 09:00:00,3472.6,22811.7,59.988,156.5,-1.0,64.4,74.2,Solar,0.69,112.0,0.802,No,2026-03-16
RDG-00000374,STN_0037,Northern,2026-04-29 13:00:00,2730.9,12002.7,59.975,391.9,21.3,15.8,838.4,Gas,0.93,211.5,0.917,Yes,2026-03-11
RDG-00000375,STN_0187,Durham,2026-03-12 01:00:00,1454.8,8118.0,59.954,242.6,-24.6,40.8,509.8,Nuclear,0.37,327.2,0.999,No,2026-05-25
RDG-00000376,STN_0107,Northern,2026-01-28 23:00:00,324.8,21243.1,60.018,235.9,-23.7,37.8,304.2,Wind,0.39,437.5,0.879,No,2026-07-26
RDG-00000377,STN_0008,Ottawa,2026-01-24 08:00:00,1533.2,21423.4,60.004,494.5,-17.2,29.8,925.4,Biomass,0.3,155.6,0.847,No,2026-03-31
RDG-00000378,STN_0001,GTA,2026-02-05 09:00:00,1771.5,9774.6,60.037,416.0,12.5,67.9,623.3,Nuclear,0.76,243.0,0.831,No,2026-05-16
RDG-00000379,STN_0081,Southwestern,2026-04-14 06:00:00,679.2,15461.8,59.984,173.7,-23.8,69.4,664.6,Gas,0.79,339.0,0.8,Yes,2026-05-15
RDG-00000380,STN_0156,GTA,2026-01-17 13:00:00,2239.5,21167.9,60.01,489.4,1.8,62.4,564.2,Hydro,0.69,124.0,0.81,No,2026-07-11
RDG-00000381,STN_0030,Durham,2026-02-20 10:00:00,1208.8,23967.9,59.988,221.9,-12.7,40.3,449.9,Solar,0.91,111.7,0.992,No,2026-03-17
RDG-00000382,STN_0184,Waterloo,2026-03-20 00:00:00,426.3,22033.6,60.02,132.8,27.0,24.3,145.2,Solar,0.55,272.4,0.954,No,2026-02-12
RDG-00000383,STN_0031,Northern,2026-02-04 19:00:00,2481.1,15053.8,59.963,488.2,13.8,33.7,928.1,Gas,0.43,325.3,0.964,No,2026-02-26
RDG-00000384,STN_0178,Southwestern,2026-03-27 18:00:00,3467.2,14141.2,59.961,239.3,15.9,39.8,225.5,Biomass,0.77,361.6,0.855,No,2026-06-30
RDG-00000385,STN_0059,Durham,2026-07-15 21:00:00,506.5,8267.3,60.048,347.1,-18.9,54.3,399.2,Gas,0.89,134.1,0.855,Yes,2026-01-19
RDG-00000386,STN_0158,Niagara,2026-03-12 23:00:00,3262.3,16709.0,59.973,125.1,22.7,43.5,322.1,Solar,0.41,245.0,0.828,No,2026-02-26
RDG-00000387,STN_0192,Southwestern,2026-07-09 20:00:00,1429.3,19338.7,60.026,197.5,-21.6,30.7,251.9,Wind,0.36,179.3,0.829,No,2026-01-18
RDG-00000388,STN_0171,Eastern,2026-01-04 07:00:00,718.5,16242.4,59.959,237.0,16.8,17.5,108.5,Wind,0.54,284.2,0.808,No,2026-03-17
RDG-00000389,STN_0029,Ottawa,2026-05-27 07:00:00,256.8,22250.0,59.97,249.8,26.7,2.6,73.3,Solar,0.18,113.1,0.881,No,2026-02-15
RDG-00000390,STN_0026,Northern,2026-04-04 21:00:00,80.1,14557.9,60.014,431.6,13.1,16.6,629.9,Wind,0.88,311.4,0.933,No,2026-04-29
RDG-00000391,STN_0137,Eastern,2026-01-27 02:00:00,116.5,22575.1,59.963,466.3,22.4,59.4,628.2,Wind,0.19,269.6,0.872,No,2026-07-16
RDG-00000392,STN_0094,Northern,2026-01-20 09:00:00,2858.8,22807.3,60.018,273.5,-21.0,15.3,429.9,Hydro,0.22,248.2,0.874,No,2026-05-10
RDG-00000393,STN_0077,Eastern,2026-06-10 07:00:00,1138.1,18789.8,60.012,377.2,4.1,34.3,708.0,Wind,0.38,360.1,0.978,No,2026-04-05
RDG-00000394,STN_0158,Southwestern,2026-02-03 06:00:00,1852.3,19264.2,59.986,374.6,31.8,9.7,585.8,Biomass,0.13,218.8,0.94,No,2026-05-09
RDG-00000395,STN_0002,Northern,2026-07-09 23:00:00,421.5,18828.7,60.05,328.1,28.8,63.8,348.5,Nuclear,0.56,102.5,0.829,No,2026-07-30
RDG-00000396,STN_0033,Northern,2026-02-23 15:00:00,2999.8,20456.8,59.953,362.5,32.4,33.7,840.4,Wind,0.51,149.3,0.967,No,2026-04-13
RDG-00000397,STN_0128,Ottawa,2026-01-27 15:00:00,356.5,22371.4,59.956,151.1,19.2,37.3,57.4,Nuclear,0.91,304.8,0.905,Yes,2026-05-11
RDG-00000398,STN_0122,Southwestern,2026-02-24 20:00:00,2088.7,20146.3,59.98,468.2,26.1,21.2,974.8,Solar,0.53,39.1,0.862,No,2026-01-15
RDG-00000399,STN_0099,Ottawa,2026-02-13 01:00:00,1261.3,12854.5,59.958,326.9,-9.7,23.1,604.9,Biomass,0.61,130.5,0.836,Yes,2026-02-01
RDG-00000400,STN_0110,Hamilton,2026-03-23 23:00:00,482.9,13224.1,60.048,171.8,18.2,69.8,609.0,Gas,0.43,40.5,0.978,Yes,2026-06-18
RDG-00000401,STN_0007,Durham,2026-04-07 01:00:00,1502.3,9119.4,60.0,213.8,29.0,58.2,14.5,Solar,0.13,68.3,0.825,No,2026-04-13
RDG-00000402,STN_0154,Durham,2026-05-08 12:00:00,389.6,11092.8,60.017,225.9,5.7,35.2,956.6,Solar,0.8,334.2,0.965,Yes,2026-01-27
RDG-00000403,STN_0125,Eastern,2026-02-07 03:00:00,774.8,12183.4,60.035,373.7,18.6,14.1,915.7,Nuclear,0.79,15.4,0.814,No,2026-05-23
RDG-00000404,STN_0128,Southwestern,2026-02-01 10:00:00,1409.6,16859.8,59.988,389.1,4.7,14.1,609.4,Gas,0.22,20.6,0.928,Yes,2026-03-03
RDG-00000405,STN_0147,Niagara,2026-06-02 12:00:00,2179.9,10762.6,60.045,411.3,-8.2,65.0,952.6,Biomass,0.8,189.1,0.991,No,2026-05-26
RDG-00000406,STN_0184,GTA,2026-05-01 14:00:00,501.1,14585.5,60.021,419.1,18.9,3.5,447.2,Gas,0.65,58.5,0.941,No,2026-04-22
RDG-00000407,STN_0183,Northern,2026-01-19 16:00:00,1605.4,16153.2,60.024,266.4,16.5,42.0,907.4,Hydro,0.62,197.7,0.877,No,2026-07-01
RDG-00000408,STN_0076,Hamilton,2026-07-26 19:00:00,2382.9,8401.2,59.972,345.7,12.3,6.1,572.0,Nuclear,0.34,112.7,0.915,No,2026-03-27
RDG-00000409,STN_0088,Southwestern,2026-01-06 15:00:00,55.8,24146.0,59.993,465.1,-25.6,57.6,908.4,Gas,0.45,196.4,0.947,No,2026-05-23
RDG-00000410,STN_0192,Central,2026-03-04 23:00:00,2967.5,15252.5,59.969,353.1,-23.0,75.4,455.9,Biomass,0.9,293.8,0.858,No,2026-06-18
RDG-00000411,STN_0146,Waterloo,2026-06-11 18:00:00,2408.3,11124.1,60.018,253.4,8.6,3.2,89.8,Gas,0.3,386.1,0.895,No,2026-01-02
RDG-00000412,STN_0113,Northern,2026-01-29 00:00:00,1730.8,19148.0,60.048,446.9,-20.3,26.9,634.3,Hydro,0.76,263.2,0.801,No,2026-02-28
RDG-00000413,STN_0056,Central,2026-03-22 23:00:00,1358.6,16982.8,60.04,480.9,4.0,25.1,237.3,Biomass,0.21,448.5,0.931,No,2026-04-05
RDG-00000414,STN_0030,Northern,2026-06-08 10:00:00,2356.1,16853.2,59.989,397.6,10.1,34.1,971.9,Biomass,0.16,116.0,0.939,No,2026-03-08
RDG-00000415,STN_0021,GTA,2026-03-14 02:00:00,1420.9,19374.1,60.047,205.9,-22.1,29.3,516.8,Biomass,0.35,143.2,0.862,No,2026-05-19
RDG-00000416,STN_0140,Southwestern,2026-05-31 18:00:00,2960.9,23948.8,59.985,283.6,33.6,49.0,757.5,Wind,0.53,247.7,0.909,No,2026-01-09
RDG-00000417,STN_0127,Central,2026-06-14 15:00:00,3007.1,23746.0,59.964,424.6,-17.0,43.7,297.8,Nuclear,0.92,467.1,0.875,No,2026-05-20
RDG-00000418,STN_0163,Central,2026-01-19 03:00:00,1997.8,24256.4,60.04,392.3,18.0,31.9,680.4,Hydro,0.92,411.7,0.949,No,2026-04-16
RDG-00000419,STN_0130,Durham,2026-03-13 16:00:00,2524.8,11774.6,59.987,461.0,-6.6,15.6,830.4,Wind,0.33,176.3,0.932,No,2026-06-28
RDG-00000420,STN_0136,Southwestern,2026-06-30 16:00:00,2921.1,12810.8,60.016,346.9,-17.4,41.3,145.5,Solar,0.91,247.6,0.878,Yes,2026-02-07
RDG-00000421,STN_0084,Southwestern,2026-02-21 08:00:00,1995.4,14071.2,60.027,288.8,34.6,7.5,598.0,Solar,0.42,438.2,0.861,No,2026-06-10
RDG-00000422,STN_0014,Southwestern,2026-02-07 12:00:00,2290.4,16047.1,60.007,483.1,27.3,59.4,409.6,Gas,0.18,273.0,0.843,Yes,2026-06-23
RDG-00000423,STN_0194,Waterloo,2026-06-17 08:00:00,1837.4,21802.8,59.983,439.5,16.8,44.5,2.6,Nuclear,0.44,369.3,0.804,No,2026-06-14
RDG-00000424,STN_0073,Durham,2026-04-12 19:00:00,2664.6,12364.3,60.042,336.7,-23.0,46.5,684.5,Gas,0.31,363.8,0.82,No,2026-06-29
RDG-00000425,STN_0070,Niagara,2026-04-25 17:00:00,1478.5,20794.5,59.988,286.5,-0.3,60.3,589.7,Nuclear,0.49,171.1,0.957,No,2026-05-24
RDG-00000426,STN_0137,GTA,2026-02-21 10:00:00,739.2,10212.8,60.008,192.1,-1.8,38.1,788.4,Wind,0.73,192.3,0.988,No,2026-07-08
RDG-00000427,STN_0176,Waterloo,2026-02-23 22:00:00,1573.1,24960.3,60.048,307.0,24.2,75.9,168.8,Biomass,0.32,417.6,0.839,No,2026-06-13
RDG-00000428,STN_0057,Southwestern,2026-05-06 20:00:00,1579.2,19336.2,60.031,409.8,28.0,18.0,662.3,Nuclear,0.57,364.4,0.843,No,2026-02-08
RDG-00000429,STN_0083,Central,2026-03-28 10:00:00,3257.9,12518.6,59.988,476.4,-16.3,76.0,158.7,Wind,0.93,494.1,0.822,No,2026-01-05
RDG-00000430,STN_0176,Eastern,2026-07-13 01:00:00,3026.2,12247.5,59.981,213.1,-27.8,75.1,907.4,Wind,0.86,174.9,0.972,No,2026-06-27
RDG-00000431,STN_0158,Northern,2026-07-22 17:00:00,2873.8,17635.1,59.986,199.3,-12.1,58.7,490.5,Biomass,0.91,216.3,0.971,Yes,2026-06-26
RDG-00000432,STN_0005,Durham,2026-03-12 07:00:00,1903.5,16608.4,59.97,162.8,-8.4,21.7,133.6,Nuclear,0.11,254.3,0.807,Yes,2026-02-06
RDG-00000433,STN_0166,Waterloo,2026-03-18 18:00:00,2757.7,15466.3,59.956,221.5,24.2,34.6,646.1,Hydro,0.79,8.0,0.97,No,2026-01-21
RDG-00000434,STN_0077,Northern,2026-01-16 07:00:00,1280.0,12887.6,59.954,449.6,28.4,11.5,278.7,Solar,0.62,437.4,0.991,No,2026-05-20
RDG-00000435,STN_0038,Northern,2026-01-21 08:00:00,1036.9,23549.3,60.007,240.6,9.8,77.6,603.9,Gas,0.11,305.4,0.9,No,2026-06-21
RDG-00000436,STN_0094,Niagara,2026-02-18 23:00:00,2619.7,24447.4,60.029,230.0,-2.6,13.3,89.7,Wind,0.33,7.1,0.924,No,2026-03-16
RDG-00000437,STN_0078,GTA,2026-04-02 13:00:00,2675.8,9269.0,60.049,251.7,-27.1,8.4,713.8,Hydro,0.76,263.8,0.992,No,2026-01-23
RDG-00000438,STN_0022,GTA,2026-03-07 12:00:00,1017.5,18478.7,60.032,424.9,-22.4,7.8,140.9,Biomass,0.53,33.7,0.875,Yes,2026-05-06
RDG-00000439,STN_0155,Waterloo,2026-07-22 06:00:00,2647.1,21702.2,60.01,262.6,3.0,17.7,720.2,Wind,0.4,195.1,0.905,Yes,2026-02-07
RDG-00000440,STN_0188,Ottawa,2026-05-06 02:00:00,2127.4,18697.0,59.973,290.4,-19.3,47.7,267.8,Nuclear,0.82,181.7,0.875,No,2026-03-13
RDG-00000441,STN_0056,Central,2026-02-16 19:00:00,1617.3,9846.9,60.026,324.5,-3.2,79.1,634.7,Biomass,0.17,29.0,0.865,No,2026-06-17
RDG-00000442,STN_0104,Central,2026-05-14 14:00:00,1690.3,16797.1,60.011,211.5,31.5,21.9,190.9,Solar,0.43,170.9,0.893,No,2026-01-03
RDG-00000443,STN_0151,Waterloo,2026-04-13 09:00:00,962.6,17644.0,59.95,360.7,10.1,10.8,921.8,Hydro,0.43,361.0,0.994,No,2026-07-21
RDG-00000444,STN_0023,Ottawa,2026-03-19 00:00:00,1587.3,18287.7,59.968,341.6,23.6,15.1,924.1,Gas,0.91,16.8,0.865,No,2026-01-06
RDG-00000445,STN_0139,Waterloo,2026-03-04 12:00:00,1815.1,23668.3,59.989,493.8,5.3,59.9,827.7,Gas,0.37,159.3,0.961,No,2026-06-05
RDG-00000446,STN_0126,Ottawa,2026-06-17 10:00:00,2890.8,23102.2,60.013,343.2,33.1,6.9,430.1,Hydro,0.64,69.3,0.853,No,2026-07-11
RDG-00000447,STN_0125,Northern,2026-05-10 01:00:00,2047.5,13888.2,60.028,169.1,-10.5,29.6,480.0,Gas,0.3,287.8,0.91,No,2026-05-17
RDG-00000448,STN_0061,Central,2026-04-05 21:00:00,2025.5,23814.9,59.989,424.0,9.5,72.6,856.9,Biomass,0.26,213.1,0.865,No,2026-07-25
RDG-00000449,STN_0028,Southwestern,2026-02-27 20:00:00,166.2,13495.8,60.048,220.6,5.9,60.3,950.6,Gas,0.29,123.2,0.91,Yes,2026-07-04
RDG-00000450,STN_0144,Eastern,2026-04-21 18:00:00,42.8,13967.5,60.044,424.0,-6.8,50.2,206.5,Biomass,0.26,15.4,0.99,No,2026-02-26
RDG-00000451,STN_0183,Waterloo,2026-03-31 18:00:00,2069.7,17253.9,59.982,386.4,-25.2,55.1,394.8,Wind,0.29,403.9,0.944,No,2026-01-07
RDG-00000452,STN_0064,Eastern,2026-04-02 23:00:00,790.6,13239.2,60.041,346.3,17.3,34.6,615.3,Gas,0.79,254.4,0.84,No,2026-03-22
RDG-00000453,STN_0038,Niagara,2026-02-18 13:00:00,646.0,18817.1,60.017,126.2,18.6,7.2,848.9,Wind,0.67,417.3,0.86,No,2026-04-22
RDG-00000454,STN_0039,Niagara,2026-04-02 20:00:00,2217.2,20940.2,60.027,431.5,-2.0,41.3,439.4,Wind,0.48,176.5,0.899,No,2026-06-01
RDG-00000455,STN_0111,Durham,2026-07-20 05:00:00,165.5,21978.1,59.971,420.2,13.5,74.4,250.2,Gas,0.74,224.6,0.894,No,2026-03-21
RDG-00000456,STN_0015,Eastern,2026-07-11 23:00:00,2340.5,11355.7,60.021,355.9,32.2,36.8,253.6,Wind,0.46,389.8,0.966,Yes,2026-01-21
RDG-00000457,STN_0058,Hamilton,2026-02-19 19:00:00,1754.6,20386.2,59.989,442.9,-2.2,9.3,792.9,Biomass,0.66,137.9,0.879,No,2026-01-03
RDG-00000458,STN_0192,Southwestern,2026-04-26 21:00:00,1275.2,12483.7,60.001,491.3,-11.5,70.8,434.8,Nuclear,0.28,392.9,0.937,No,2026-06-06
RDG-00000459,STN_0113,Hamilton,2026-05-15 19:00:00,1966.6,14698.7,60.004,392.5,-7.1,73.5,713.4,Wind,0.86,86.1,0.95,Yes,2026-02-09
RDG-00000460,STN_0136,Niagara,2026-01-28 20:00:00,821.9,23279.8,59.974,226.8,33.2,33.3,851.1,Wind,0.82,195.5,0.92,No,2026-04-09
RDG-00000461,STN_0053,Hamilton,2026-01-15 11:00:00,2840.6,20742.3,59.981,233.7,4.9,16.2,339.1,Gas,0.89,45.7,0.865,No,2026-03-18
RDG-00000462,STN_0009,Niagara,2026-07-22 07:00:00,1995.2,11368.0,60.014,144.7,-25.7,33.2,425.5,Wind,0.76,13.7,0.837,Yes,2026-05-14
RDG-00000463,STN_0130,Ottawa,2026-05-01 05:00:00,1539.5,12749.5,59.973,463.7,27.0,3.8,61.0,Nuclear,0.29,134.2,0.905,No,2026-05-16
RDG-00000464,STN_0080,Northern,2026-03-29 06:00:00,3446.4,16023.5,59.963,168.4,32.9,1.2,85.9,Solar,0.94,103.1,0.969,No,2026-05-19
RDG-00000465,STN_0170,Niagara,2026-06-22 23:00:00,1507.2,12364.9,60.011,228.0,10.3,68.7,973.2,Nuclear,0.41,390.5,0.941,No,2026-06-03
RDG-00000466,STN_0079,Ottawa,2026-01-21 08:00:00,2293.6,11405.1,59.987,421.7,34.6,10.1,990.0,Wind,0.25,80.3,0.837,No,2026-07-12
RDG-00000467,STN_0097,Southwestern,2026-06-14 18:00:00,1796.1,13732.5,59.993,361.8,15.6,4.0,454.0,Solar,0.21,17.8,0.973,No,2026-06-28
RDG-00000468,STN_0009,Niagara,2026-06-12 11:00:00,549.1,17396.2,59.974,320.0,23.3,26.6,95.6,Hydro,0.86,119.6,0.855,No,2026-07-28
RDG-00000469,STN_0111,Eastern,2026-01-15 03:00:00,125.9,10961.5,60.04,344.4,-8.4,8.1,686.8,Hydro,0.11,235.1,0.801,No,2026-01-02
RDG-00000470,STN_0178,Hamilton,2026-03-10 00:00:00,2312.2,23253.7,60.033,318.1,-4.9,9.9,260.5,Solar,0.19,269.2,0.971,Yes,2026-02-04
RDG-00000471,STN_0181,Niagara,2026-05-29 11:00:00,3255.7,23428.3,60.018,119.4,17.3,2.4,236.2,Hydro,0.64,170.9,0.907,No,2026-02-13
RDG-00000472,STN_0176,Durham,2026-01-17 19:00:00,2720.9,11038.4,60.033,491.8,9.5,8.5,308.8,Hydro,0.62,434.9,0.902,No,2026-05-17
RDG-00000473,STN_0127,Eastern,2026-05-30 10:00:00,2900.4,22189.0,59.973,469.4,3.9,75.8,691.9,Biomass,0.43,276.5,0.825,No,2026-06-11
RDG-00000474,STN_0178,Ottawa,2026-02-01 03:00:00,401.9,18712.9,59.998,225.9,-16.6,78.1,869.5,Gas,0.7,250.3,0.976,No,2026-03-12
RDG-00000475,STN_0108,Eastern,2026-05-17 23:00:00,1150.6,21219.5,60.039,136.6,-4.1,70.0,831.9,Nuclear,0.78,142.0,0.955,No,2026-03-05
RDG-00000476,STN_0110,Southwestern,2026-01-20 11:00:00,2933.5,22895.2,59.978,459.7,-29.1,32.2,741.4,Solar,0.82,445.8,0.824,No,2026-01-18
RDG-00000477,STN_0199,Southwestern,2026-07-16 20:00:00,896.0,20589.8,59.988,279.6,30.3,37.4,844.4,Nuclear,0.34,430.3,0.832,Yes,2026-02-23
RDG-00000478,STN_0098,Durham,2026-03-20 02:00:00,3384.9,9643.9,59.979,338.1,-25.4,57.0,198.6,Nuclear,0.38,178.2,0.896,No,2026-05-24
RDG-00000479,STN_0034,Ottawa,2026-03-24 17:00:00,675.9,11617.1,59.988,152.1,-2.7,71.5,695.0,Solar,0.28,75.5,0.873,No,2026-04-02
RDG-00000480,STN_0108,Eastern,2026-03-30 10:00:00,909.1,24867.2,60.006,381.1,-1.2,76.1,386.2,Biomass,0.31,496.0,0.997,No,2026-06-29
RDG-00000481,STN_0009,Durham,2026-04-20 15:00:00,1546.2,24555.0,59.965,310.6,-13.8,52.1,726.3,Gas,0.57,124.7,0.987,No,2026-07-18
RDG-00000482,STN_0141,Central,2026-05-31 23:00:00,3092.4,16030.8,60.013,214.4,-22.6,39.8,535.3,Gas,0.82,274.2,0.959,No,2026-03-08
RDG-00000483,STN_0125,Southwestern,2026-06-05 19:00:00,418.1,19390.2,59.981,322.6,-17.7,72.0,286.0,Wind,0.24,46.4,0.869,No,2026-05-04
RDG-00000484,STN_0170,Durham,2026-01-02 07:00:00,844.1,18576.2,59.991,167.4,-29.2,27.6,767.3,Wind,0.34,130.8,0.813,No,2026-06-19
RDG-00000485,STN_0080,Central,2026-03-17 22:00:00,902.6,24745.1,59.966,452.5,7.2,75.7,706.8,Solar,0.27,494.3,0.865,No,2026-01-07
RDG-00000486,STN_0050,Hamilton,2026-07-22 20:00:00,1609.9,10957.6,60.028,221.8,-4.0,8.0,776.7,Gas,0.14,449.2,0.955,No,2026-03-31
RDG-00000487,STN_0112,Northern,2026-06-23 10:00:00,795.7,12188.6,59.95,491.7,7.5,7.9,137.9,Wind,0.36,457.8,0.853,No,2026-07-22
RDG-00000488,STN_0175,GTA,2026-05-14 05:00:00,848.1,24093.2,59.99,358.2,-17.7,46.1,728.9,Nuclear,0.56,387.3,0.956,Yes,2026-01-02
RDG-00000489,STN_0151,GTA,2026-05-06 21:00:00,1818.0,18029.0,60.048,427.8,34.1,5.8,871.2,Hydro,0.44,373.1,0.811,No,2026-01-03
RDG-00000490,STN_0074,Waterloo,2026-05-11 22:00:00,2272.8,11008.2,59.985,305.4,31.0,33.3,350.4,Biomass,0.13,227.6,0.896,No,2026-04-27
RDG-00000491,STN_0109,GTA,2026-03-17 11:00:00,1868.2,22634.3,59.953,241.0,17.6,34.8,634.9,Hydro,0.31,46.4,0.917,No,2026-06-01
RDG-00000492,STN_0042,Durham,2026-05-07 15:00:00,2738.2,19058.7,59.954,150.0,-24.2,7.2,354.5,Hydro,0.62,163.5,0.91,Yes,2026-06-07
RDG-00000493,STN_0147,GTA,2026-04-06 20:00:00,1303.5,10331.6,60.037,157.4,15.5,7.1,457.9,Gas,0.12,350.9,0.863,No,2026-07-09
RDG-00000494,STN_0004,Hamilton,2026-07-28 02:00:00,2542.4,21148.9,60.01,488.9,15.1,50.0,67.4,Hydro,0.16,425.9,0.927,No,2026-07-07
RDG-00000495,STN_0156,Niagara,2026-03-25 18:00:00,2630.3,18828.1,59.962,218.5,11.5,60.6,279.3,Solar,0.92,218.6,0.866,No,2026-07-30
RDG-00000496,STN_0055,Niagara,2026-03-19 13:00:00,2237.8,11603.2,60.048,166.9,19.8,62.9,918.0,Gas,0.37,214.0,0.877,No,2026-01-09
RDG-00000497,STN_0093,Ottawa,2026-07-26 11:00:00,489.3,12773.1,59.997,363.6,-18.6,42.8,20.8,Biomass,0.75,297.5,0.964,No,2026-05-13
RDG-00000498,STN_0004,Durham,2026-05-07 17:00:00,2756.9,9978.4,60.01,473.2,-1.1,14.6,943.1,Biomass,0.29,478.9,0.911,No,2026-05-12
RDG-00000499,STN_0013,Durham,2026-03-22 16:00:00,1174.5,13328.6,60.016,394.4,-26.5,6.6,477.3,Gas,0.87,176.2,0.802,Yes,2026-02-25
RDG-00000500,STN_0072,Ottawa,2026-06-12 09:00:00,741.0,13612.2,60.0,450.6,-21.2,68.9,491.5,Biomass,0.11,281.4,0.97,No,2026-02-28
RDG-00000501,STN_0172,Waterloo,2026-06-06 08:00:00,2542.9,15576.1,60.023,436.3,26.3,19.2,358.3,Biomass,0.65,192.8,0.891,No,2026-04-14
RDG-00000502,STN_0111,Southwestern,2026-06-29 04:00:00,2119.0,8351.1,60.033,296.5,21.0,71.0,385.4,Hydro,0.92,369.2,0.848,No,2026-03-16
RDG-00000503,STN_0110,Ottawa,2026-02-10 06:00:00,3053.3,19636.0,59.959,364.1,33.8,58.5,520.6,Gas,0.75,320.5,0.899,Yes,2026-04-04
RDG-00000504,STN_0159,Southwestern,2026-01-09 06:00:00,1120.9,11089.8,59.971,197.3,-9.2,13.0,313.7,Nuclear,0.76,385.3,0.859,No,2026-07-20
RDG-00000505,STN_0084,GTA,2026-03-23 16:00:00,694.6,16592.7,60.016,170.9,-11.7,26.7,303.5,Nuclear,0.16,457.2,0.909,No,2026-07-06
RDG-00000506,STN_0141,Hamilton,2026-01-22 16:00:00,1103.6,8223.6,60.024,339.6,22.3,6.4,860.5,Hydro,0.21,290.0,0.85,Yes,2026-07-04
RDG-00000507,STN_0191,Northern,2026-06-09 08:00:00,2645.0,22211.9,59.965,394.4,-14.3,9.4,857.5,Biomass,0.31,161.2,0.839,No,2026-07-24
RDG-00000508,STN_0073,Niagara,2026-07-20 03:00:00,2527.7,22166.5,59.982,250.8,20.4,2.4,501.7,Biomass,0.15,61.3,0.992,No,2026-04-14
RDG-00000509,STN_0178,Hamilton,2026-01-22 00:00:00,370.6,17692.1,59.955,157.4,20.9,69.3,240.9,Wind,0.19,168.9,0.898,No,2026-04-03
RDG-00000510,STN_0016,Southwestern,2026-03-07 04:00:00,2100.9,13216.7,60.001,211.9,2.3,12.7,625.1,Solar,0.15,392.6,0.972,No,2026-02-06
RDG-00000511,STN_0010,Waterloo,2026-05-13 12:00:00,1230.0,17668.6,60.008,178.1,-21.5,74.1,649.3,Solar,0.26,148.7,0.891,No,2026-06-10
RDG-00000512,STN_0080,Hamilton,2026-06-03 01:00:00,3104.5,14064.7,59.993,495.5,29.2,24.1,996.6,Nuclear,0.76,3.7,0.911,No,2026-03-18
RDG-00000513,STN_0055,Central,2026-02-02 17:00:00,319.1,22223.8,59.986,297.1,-22.7,72.3,416.0,Solar,0.37,79.7,0.929,No,2026-02-10
RDG-00000514,STN_0176,Central,2026-07-05 17:00:00,976.6,14191.8,59.96,372.2,8.1,32.0,644.6,Solar,0.27,75.4,0.996,No,2026-06-09
RDG-00000515,STN_0147,Hamilton,2026-01-04 15:00:00,313.4,23926.8,59.983,214.8,-24.6,74.0,435.4,Biomass,0.22,405.2,0.822,No,2026-07-13
RDG-00000516,STN_0142,Durham,2026-01-08 18:00:00,2742.2,12414.1,59.954,324.9,24.1,60.6,573.5,Gas,0.41,169.6,0.935,No,2026-07-28
RDG-00000517,STN_0162,Hamilton,2026-04-30 01:00:00,1899.7,16997.5,60.036,418.8,-16.2,44.8,317.3,Biomass,0.18,499.2,0.894,Yes,2026-05-13
RDG-00000518,STN_0001,Southwestern,2026-03-06 13:00:00,438.4,13731.0,59.98,228.7,15.5,72.1,36.8,Solar,0.16,186.5,0.952,Yes,2026-03-05
RDG-00000519,STN_0137,Durham,2026-04-24 07:00:00,2134.0,9753.4,59.966,195.0,-0.7,15.2,460.8,Biomass,0.13,338.6,0.921,No,2026-02-23
RDG-00000520,STN_0067,Hamilton,2026-03-06 16:00:00,1704.4,15960.9,59.968,248.0,-3.2,60.0,537.9,Nuclear,0.93,475.7,0.875,Yes,2026-05-22
RDG-00000521,STN_0028,Waterloo,2026-07-07 00:00:00,95.7,17243.4,59.982,250.1,-16.0,75.9,265.7,Nuclear,0.83,222.9,0.932,No,2026-05-24
RDG-00000522,STN_0055,Southwestern,2026-02-09 13:00:00,720.7,14961.5,60.016,435.4,13.6,46.5,733.9,Hydro,0.14,277.9,0.895,Yes,2026-06-20
RDG-00000523,STN_0071,Ottawa,2026-06-27 11:00:00,3260.0,18705.6,59.982,222.6,-7.5,28.1,397.0,Nuclear,0.62,53.4,0.836,No,2026-02-28
RDG-00000524,STN_0138,Southwestern,2026-04-17 14:00:00,1816.3,17044.1,60.026,316.0,5.7,16.3,59.9,Solar,0.63,79.1,0.907,No,2026-03-04
RDG-00000525,STN_0041,Northern,2026-03-10 03:00:00,3385.7,18701.8,60.016,136.5,27.6,11.8,542.4,Solar,0.88,386.7,0.967,No,2026-04-08
RDG-00000526,STN_0054,GTA,2026-07-19 13:00:00,32.0,19335.3,60.017,333.8,27.4,29.7,505.6,Wind,0.33,41.0,0.932,No,2026-01-25
RDG-00000527,STN_0111,Ottawa,2026-05-22 05:00:00,3437.2,19009.2,60.023,441.6,-13.4,19.8,858.9,Gas,0.16,491.9,0.925,No,2026-04-22
RDG-00000528,STN_0144,Waterloo,2026-07-16 16:00:00,3399.0,16980.0,60.03,320.9,-11.3,52.0,731.1,Gas,0.8,371.2,0.991,No,2026-06-03
RDG-00000529,STN_0040,Ottawa,2026-06-21 21:00:00,3310.3,15229.2,59.975,414.9,30.9,12.3,695.0,Biomass,0.95,493.6,0.976,No,2026-05-10
RDG-00000530,STN_0066,Durham,2026-01-01 13:00:00,1150.7,19248.4,59.986,386.2,-24.4,4.5,120.3,Biomass,0.2,353.4,0.833,No,2026-06-11
RDG-00000531,STN_0153,Northern,2026-07-02 20:00:00,641.8,9388.5,59.985,300.5,4.4,80.0,944.7,Wind,0.52,404.2,0.854,No,2026-05-17
RDG-00000532,STN_0120,Ottawa,2026-04-30 20:00:00,2812.5,9687.9,60.047,392.1,22.4,39.5,300.1,Gas,0.29,235.5,0.863,No,2026-05-19
RDG-00000533,STN_0198,GTA,2026-04-19 17:00:00,1422.2,22895.4,59.965,236.7,23.9,62.4,125.6,Gas,0.53,398.7,0.848,No,2026-06-09
RDG-00000534,STN_0013,Southwestern,2026-06-29 10:00:00,1036.1,22892.5,60.021,322.9,8.9,26.0,892.4,Biomass,0.4,44.8,0.973,Yes,2026-01-11
RDG-00000535,STN_0164,Hamilton,2026-07-18 17:00:00,1562.8,13263.8,60.017,331.0,-9.9,5.2,806.8,Wind,0.47,200.5,0.807,Yes,2026-06-21
RDG-00000536,STN_0033,Northern,2026-01-16 03:00:00,378.7,15508.6,59.966,488.3,1.1,43.3,849.1,Wind,0.47,30.5,0.835,No,2026-04-25
RDG-00000537,STN_0039,GTA,2026-04-08 14:00:00,1836.6,10187.8,60.013,488.1,10.5,1.6,711.8,Biomass,0.2,240.4,0.992,No,2026-05-27
RDG-00000538,STN_0154,Southwestern,2026-01-30 06:00:00,858.2,13823.2,59.956,309.8,-0.1,16.4,183.7,Nuclear,0.54,250.7,0.806,No,2026-07-14
RDG-00000539,STN_0107,Ottawa,2026-06-16 04:00:00,177.1,15910.2,59.961,449.5,-17.7,24.6,485.8,Solar,0.79,123.6,0.993,No,2026-06-26
RDG-00000540,STN_0150,Southwestern,2026-07-25 22:00:00,2197.0,22425.5,60.023,348.1,-26.4,8.7,986.7,Gas,0.36,497.4,0.86,No,2026-06-13
RDG-00000541,STN_0101,Niagara,2026-02-25 02:00:00,1888.0,24088.8,60.005,146.2,-22.3,52.8,394.7,Biomass,0.73,339.6,0.876,No,2026-05-18
RDG-00000542,STN_0177,Niagara,2026-04-07 23:00:00,3001.4,11376.7,60.043,119.1,24.7,21.1,134.1,Hydro,0.92,188.2,0.888,No,2026-03-05
RDG-00000543,STN_0118,Waterloo,2026-06-15 07:00:00,390.3,22968.9,59.991,358.6,25.2,47.0,892.1,Solar,0.49,3.2,0.979,No,2026-02-11
RDG-00000544,STN_0019,Niagara,2026-07-07 06:00:00,2329.8,17845.7,59.975,471.9,-21.2,36.0,567.2,Wind,0.43,402.1,0.855,No,2026-04-13
RDG-00000545,STN_0068,GTA,2026-03-28 22:00:00,3439.4,11303.1,59.971,300.7,10.3,13.4,684.1,Wind,0.49,291.7,0.918,No,2026-02-04
RDG-00000546,STN_0172,Niagara,2026-02-06 23:00:00,1040.9,19521.8,60.003,251.7,15.5,48.9,847.3,Hydro,0.91,218.3,0.943,No,2026-06-15
RDG-00000547,STN_0033,Ottawa,2026-06-16 14:00:00,971.7,19985.1,59.954,219.5,24.5,50.1,659.7,Wind,0.64,117.3,0.837,Yes,2026-05-07
RDG-00000548,STN_0130,Hamilton,2026-06-10 18:00:00,3489.7,17713.7,60.009,177.2,-21.3,45.3,520.3,Biomass,0.29,197.0,0.864,No,2026-02-26
RDG-00000549,STN_0169,Waterloo,2026-06-06 07:00:00,1966.5,23749.8,59.994,149.8,-7.9,3.2,20.9,Gas,0.19,65.7,0.879,No,2026-05-16
RDG-00000550,STN_0033,Waterloo,2026-05-02 19:00:00,1150.4,9089.0,59.961,449.7,8.3,72.9,766.5,Biomass,0.75,231.6,0.89,Yes,2026-04-24
RDG-00000551,STN_0095,Southwestern,2026-05-07 21:00:00,2392.1,18482.3,60.047,368.2,-28.2,19.2,810.3,Nuclear,0.71,22.4,0.891,Yes,2026-07-13
RDG-00000552,STN_0037,Central,2026-03-23 01:00:00,3095.0,23153.0,59.978,327.6,7.1,20.6,717.8,Biomass,0.63,239.8,0.941,No,2026-01-02
RDG-00000553,STN_0131,Northern,2026-04-27 19:00:00,1320.4,8362.0,60.039,268.2,23.8,0.1,66.7,Wind,0.84,196.6,0.842,Yes,2026-05-29
RDG-00000554,STN_0026,Niagara,2026-05-08 19:00:00,61.4,21465.7,60.035,229.3,-3.6,9.7,882.8,Wind,0.17,109.4,0.895,Yes,2026-05-18
RDG-00000555,STN_0010,Ottawa,2026-04-03 01:00:00,222.2,24094.4,59.978,475.9,12.9,21.4,176.9,Nuclear,0.24,170.1,0.841,No,2026-05-15
RDG-00000556,STN_0010,Ottawa,2026-02-10 01:00:00,1988.5,24486.0,60.008,459.5,2.7,41.7,728.4,Hydro,0.16,14.9,0.928,No,2026-02-19
RDG-00000557,STN_0114,Waterloo,2026-01-14 18:00:00,3380.5,18265.4,59.982,274.1,21.4,42.9,520.9,Gas,0.29,6.3,0.851,No,2026-06-17
RDG-00000558,STN_0058,Durham,2026-06-08 00:00:00,3252.3,15015.2,59.997,497.9,10.2,35.9,56.2,Solar,0.86,166.7,0.977,No,2026-03-19
RDG-00000559,STN_0177,Hamilton,2026-07-06 21:00:00,772.6,9039.0,59.953,372.4,-3.3,0.1,814.9,Hydro,0.62,373.9,0.889,Yes,2026-07-14
RDG-00000560,STN_0160,GTA,2026-01-31 11:00:00,2547.4,10843.0,60.041,389.0,19.5,7.2,743.7,Wind,0.82,119.1,0.872,No,2026-05-14
RDG-00000561,STN_0066,Northern,2026-04-27 14:00:00,1641.7,19889.5,59.992,172.6,-4.8,1.3,877.8,Biomass,0.2,495.2,0.833,No,2026-05-08
RDG-00000562,STN_0182,Central,2026-06-03 18:00:00,1456.1,11159.2,59.961,210.1,29.4,76.9,39.2,Wind,0.83,307.8,0.884,No,2026-07-05
RDG-00000563,STN_0101,Niagara,2026-03-15 05:00:00,2575.7,19656.2,60.041,387.3,3.8,27.6,98.2,Solar,0.85,107.7,0.822,No,2026-02-28
RDG-00000564,STN_0166,GTA,2026-02-11 11:00:00,750.5,14796.4,59.974,347.1,12.1,21.2,203.2,Solar,0.46,76.7,0.921,Yes,2026-06-03
RDG-00000565,STN_0111,Hamilton,2026-02-28 18:00:00,594.9,14887.7,59.952,216.9,3.8,42.7,557.3,Gas,0.71,192.1,0.86,No,2026-02-15
RDG-00000566,STN_0017,Eastern,2026-04-15 04:00:00,180.5,14046.7,59.98,212.0,2.0,24.9,727.8,Gas,0.91,330.6,0.958,Yes,2026-03-14
RDG-00000567,STN_0167,Eastern,2026-06-03 13:00:00,447.7,17441.6,59.962,267.1,-13.6,20.0,890.9,Nuclear,0.25,495.4,0.818,No,2026-04-29
RDG-00000568,STN_0110,Eastern,2026-04-13 06:00:00,290.8,8690.2,60.016,165.8,13.4,12.5,772.4,Nuclear,0.4,486.7,0.947,No,2026-06-25
RDG-00000569,STN_0111,Northern,2026-04-21 04:00:00,2387.1,10128.3,59.977,319.4,27.5,66.1,659.1,Nuclear,0.91,495.5,0.81,No,2026-03-02
RDG-00000570,STN_0171,Eastern,2026-02-25 00:00:00,1920.2,16380.4,59.984,151.1,16.5,57.9,624.3,Solar,0.55,497.2,0.963,No,2026-01-20
RDG-00000571,STN_0164,Central,2026-04-12 22:00:00,1951.4,9278.3,60.022,389.0,-9.4,65.0,551.2,Biomass,0.79,256.2,0.933,No,2026-02-08
RDG-00000572,STN_0086,Ottawa,2026-05-06 01:00:00,732.0,20867.5,59.977,174.5,20.7,23.3,899.0,Biomass,0.73,424.0,0.873,Yes,2026-07-19
RDG-00000573,STN_0194,Northern,2026-05-25 14:00:00,2187.2,21641.4,60.005,110.9,-29.6,24.6,288.3,Hydro,0.84,405.6,0.918,No,2026-06-12
RDG-00000574,STN_0179,GTA,2026-04-07 17:00:00,3214.9,13840.5,59.965,142.4,-6.6,31.5,359.9,Solar,0.5,267.6,0.826,No,2026-06-07
RDG-00000575,STN_0120,Durham,2026-06-27 06:00:00,876.6,13745.8,60.037,257.7,17.7,4.0,737.9,Nuclear,0.49,85.6,0.973,No,2026-04-19
RDG-00000576,STN_0153,Central,2026-02-01 13:00:00,825.7,19936.4,60.013,219.6,23.3,56.9,718.5,Wind,0.13,106.7,0.901,No,2026-01-22
RDG-00000577,STN_0175,Ottawa,2026-03-10 06:00:00,2595.0,22892.0,59.979,409.6,-21.9,8.4,929.2,Gas,0.33,425.6,0.836,No,2026-04-24
RDG-00000578,STN_0199,Central,2026-04-27 13:00:00,2013.1,18800.2,59.963,361.9,18.9,50.6,103.2,Solar,0.94,485.6,0.859,No,2026-02-12
RDG-00000579,STN_0011,Niagara,2026-03-15 20:00:00,3067.3,20097.0,59.985,410.0,-23.8,56.0,881.7,Nuclear,0.2,265.2,0.968,No,2026-04-25
RDG-00000580,STN_0156,Southwestern,2026-02-22 11:00:00,2806.6,8051.3,60.008,450.6,-6.5,56.8,678.8,Wind,0.86,139.1,0.954,No,2026-01-23
RDG-00000581,STN_0179,Waterloo,2026-04-05 07:00:00,1321.8,19893.5,59.988,313.6,-22.7,56.5,60.1,Wind,0.77,250.3,0.852,No,2026-04-23
RDG-00000582,STN_0093,Southwestern,2026-03-30 16:00:00,2456.2,23675.8,59.969,359.7,24.4,51.4,937.8,Biomass,0.26,142.4,0.963,No,2026-02-21
RDG-00000583,STN_0083,Northern,2026-07-09 06:00:00,979.0,12274.4,59.957,245.2,-28.5,38.3,904.1,Biomass,0.94,444.8,0.84,No,2026-02-26
RDG-00000584,STN_0026,Central,2026-06-12 01:00:00,2076.2,23952.1,60.032,112.4,-16.5,33.4,701.3,Hydro,0.33,401.7,0.88,No,2026-03-19
RDG-00000585,STN_0165,Ottawa,2026-03-07 04:00:00,89.1,22373.9,59.985,134.5,-23.7,55.2,999.4,Hydro,0.63,136.7,0.975,No,2026-07-30
RDG-00000586,STN_0026,Central,2026-06-19 17:00:00,919.5,19676.8,59.975,291.4,34.2,46.1,763.7,Nuclear,0.45,418.6,0.801,No,2026-04-08
RDG-00000587,STN_0018,Central,2026-04-17 13:00:00,902.0,24069.7,59.973,114.7,7.6,15.6,680.2,Nuclear,0.47,381.6,0.955,No,2026-03-31
RDG-00000588,STN_0046,Southwestern,2026-01-13 04:00:00,1614.6,9147.9,60.006,288.1,-29.4,78.9,641.0,Wind,0.61,24.7,0.87,No,2026-06-01
RDG-00000589,STN_0029,Northern,2026-02-21 11:00:00,3093.3,8339.1,60.018,408.1,19.8,60.6,905.6,Nuclear,0.38,148.9,0.916,No,2026-04-04
RDG-00000590,STN_0136,GTA,2026-07-05 19:00:00,3142.1,13585.7,59.994,179.9,3.0,62.8,129.8,Hydro,0.58,269.8,0.982,No,2026-02-07
RDG-00000591,STN_0029,Eastern,2026-04-26 23:00:00,1982.1,22680.1,60.036,129.5,-10.7,42.3,807.1,Biomass,0.42,72.2,0.982,No,2026-07-06
RDG-00000592,STN_0187,Hamilton,2026-05-03 19:00:00,1110.2,9169.1,60.019,299.2,-18.5,18.5,752.5,Nuclear,0.2,268.5,0.982,No,2026-04-27
RDG-00000593,STN_0111,Ottawa,2026-06-24 07:00:00,1560.8,10023.2,60.036,428.4,-11.1,33.0,386.9,Solar,0.5,305.1,0.936,No,2026-05-18
RDG-00000594,STN_0194,GTA,2026-01-23 12:00:00,304.5,24778.3,60.029,154.5,-13.7,9.9,174.6,Biomass,0.11,113.6,0.904,No,2026-04-05
RDG-00000595,STN_0175,Niagara,2026-01-07 02:00:00,2687.5,11769.1,60.008,304.6,10.1,12.9,488.5,Solar,0.21,87.9,0.856,No,2026-06-06
RDG-00000596,STN_0030,Hamilton,2026-02-08 04:00:00,2448.8,8744.0,60.014,207.7,-24.9,52.3,192.4,Nuclear,0.81,241.7,0.995,No,2026-01-03
RDG-00000597,STN_0112,Niagara,2026-05-23 10:00:00,3404.7,13741.2,59.974,367.2,33.3,16.5,248.1,Solar,0.69,181.6,0.872,No,2026-03-25
RDG-00000598,STN_0086,Hamilton,2026-04-28 09:00:00,2944.2,8272.1,59.975,351.0,-20.8,55.8,678.4,Wind,0.11,407.3,0.969,Yes,2026-01-27
RDG-00000599,STN_0040,Central,2026-01-23 16:00:00,3294.7,22858.1,59.973,463.2,-14.1,5.1,43.0,Nuclear,0.38,490.2,0.824,No,2026-01-11
RDG-00000600,STN_0009,GTA,2026-01-20 12:00:00,440.4,8920.5,59.998,217.2,-20.8,2.9,530.0,Nuclear,0.37,326.3,0.992,No,2026-02-03
RDG-00000601,STN_0009,Durham,2026-07-07 07:00:00,393.6,8489.1,60.022,281.0,-26.7,40.8,24.1,Wind,0.81,178.0,0.955,No,2026-05-30
RDG-00000602,STN_0024,Durham,2026-05-13 01:00:00,488.2,11743.6,60.009,473.4,-2.3,39.5,404.8,Gas,0.5,150.8,0.879,No,2026-04-01
RDG-00000603,STN_0065,GTA,2026-05-01 10:00:00,1732.4,22940.4,59.998,324.6,-16.5,70.6,65.4,Hydro,0.11,257.7,0.804,No,2026-02-21
RDG-00000604,STN_0065,Durham,2026-03-20 02:00:00,866.3,20548.1,60.04,314.0,18.6,62.2,79.1,Solar,0.67,35.7,0.888,Yes,2026-07-16
RDG-00000605,STN_0074,Waterloo,2026-06-28 03:00:00,3032.5,8847.3,59.99,229.9,-19.4,54.9,208.9,Biomass,0.33,207.1,0.912,No,2026-07-19
RDG-00000606,STN_0033,Hamilton,2026-01-25 10:00:00,3228.6,8801.6,59.953,195.2,-13.7,66.4,767.9,Solar,0.34,445.1,0.959,No,2026-05-12
RDG-00000607,STN_0058,Hamilton,2026-01-07 04:00:00,1407.8,21850.3,59.963,240.5,-13.6,78.7,80.9,Gas,0.16,19.6,0.978,Yes,2026-05-19
RDG-00000608,STN_0027,Central,2026-06-25 12:00:00,136.5,17989.1,60.0,477.1,-21.8,57.1,302.0,Solar,0.23,327.1,0.996,Yes,2026-07-07
RDG-00000609,STN_0030,Durham,2026-03-03 23:00:00,1570.8,10400.9,59.979,198.7,-10.6,1.7,345.5,Hydro,0.36,154.8,0.883,No,2026-01-18
RDG-00000610,STN_0041,Hamilton,2026-06-22 09:00:00,1997.5,14688.1,59.985,198.5,34.1,79.8,988.5,Nuclear,0.85,365.2,0.825,No,2026-05-23
RDG-00000611,STN_0198,Ottawa,2026-05-28 19:00:00,50.9,11481.1,59.981,468.4,27.0,32.7,940.3,Biomass,0.86,320.8,0.929,No,2026-03-27
RDG-00000612,STN_0015,Central,2026-07-17 15:00:00,1545.7,22716.4,60.001,320.3,-28.0,55.1,176.8,Solar,0.22,182.6,0.947,Yes,2026-05-06
RDG-00000613,STN_0082,Waterloo,2026-01-11 05:00:00,699.0,11409.9,59.965,180.1,6.6,5.6,619.5,Gas,0.61,454.8,0.894,Yes,2026-05-03
RDG-00000614,STN_0184,Ottawa,2026-01-05 10:00:00,3278.3,19317.6,60.0,250.5,33.4,4.5,403.3,Biomass,0.36,456.2,0.983,No,2026-02-22
RDG-00000615,STN_0024,Durham,2026-07-03 18:00:00,433.4,9388.0,59.965,401.7,-18.3,10.1,809.3,Wind,0.23,174.4,0.997,No,2026-03-11
RDG-00000616,STN_0077,Ottawa,2026-01-15 13:00:00,3064.7,21656.1,60.015,236.0,-7.3,21.7,245.8,Gas,0.73,213.1,0.804,No,2026-01-31
RDG-00000617,STN_0078,Eastern,2026-06-27 03:00:00,92.5,22533.4,59.96,424.0,3.5,35.5,120.0,Solar,0.14,181.1,0.935,No,2026-02-27
RDG-00000618,STN_0186,GTA,2026-03-15 20:00:00,2701.8,20377.6,59.994,426.7,20.7,17.7,177.1,Solar,0.39,386.9,0.974,No,2026-01-28
RDG-00000619,STN_0119,Ottawa,2026-04-29 20:00:00,746.7,15686.6,59.981,312.0,23.3,76.3,284.9,Solar,0.12,189.2,0.865,No,2026-06-21
RDG-00000620,STN_0141,Niagara,2026-04-18 13:00:00,1024.6,20724.7,59.985,202.0,10.5,26.4,150.3,Wind,0.58,117.1,0.845,No,2026-04-09
RDG-00000621,STN_0018,Hamilton,2026-04-13 15:00:00,238.1,24757.0,60.011,352.1,-10.6,23.3,444.4,Hydro,0.19,104.8,0.849,No,2026-02-15
RDG-00000622,STN_0010,Ottawa,2026-06-07 03:00:00,1998.0,22722.8,60.003,347.3,9.6,56.3,634.0,Wind,0.79,438.1,0.9,No,2026-04-16
RDG-00000623,STN_0040,Hamilton,2026-03-27 22:00:00,1833.0,9367.7,60.03,310.9,-26.9,17.6,897.9,Nuclear,0.5,215.9,0.803,No,2026-01-28
RDG-00000624,STN_0176,Northern,2026-05-12 17:00:00,1949.3,21273.6,59.961,416.2,-24.6,38.9,422.1,Solar,0.3,335.0,0.927,No,2026-06-29
RDG-00000625,STN_0051,Southwestern,2026-04-27 08:00:00,138.4,18766.1,59.986,208.5,-1.6,26.3,575.4,Nuclear,0.34,276.7,0.87,No,2026-01-30
RDG-00000626,STN_0112,Niagara,2026-02-06 02:00:00,457.1,20270.4,59.968,158.8,-3.3,59.4,497.7,Solar,0.68,76.0,0.812,No,2026-03-21
RDG-00000627,STN_0017,Eastern,2026-01-31 09:00:00,1483.0,23724.1,59.966,431.6,23.4,67.4,75.9,Nuclear,0.2,217.4,0.809,No,2026-05-06
RDG-00000628,STN_0155,Niagara,2026-03-19 06:00:00,1789.0,17503.0,60.004,328.3,-17.8,16.5,102.1,Gas,0.79,185.4,0.975,No,2026-03-31
RDG-00000629,STN_0122,Ottawa,2026-04-15 10:00:00,21.5,15986.5,59.961,459.7,-28.0,35.2,35.3,Nuclear,0.7,217.9,0.959,Yes,2026-06-05
RDG-00000630,STN_0034,Southwestern,2026-04-11 05:00:00,2484.6,8246.5,59.989,294.8,30.3,8.9,174.0,Wind,0.86,276.1,0.856,Yes,2026-03-05
RDG-00000631,STN_0152,Southwestern,2026-02-15 09:00:00,1178.4,16043.4,59.972,130.9,0.5,15.5,348.2,Wind,0.5,466.7,0.889,No,2026-02-03
RDG-00000632,STN_0175,Ottawa,2026-06-13 13:00:00,2690.9,9005.3,60.035,367.7,28.3,47.1,808.2,Biomass,0.83,66.2,0.928,No,2026-06-02
RDG-00000633,STN_0143,GTA,2026-05-16 19:00:00,2635.7,11296.7,59.975,335.5,15.8,71.0,404.1,Wind,0.76,402.9,0.817,No,2026-05-11
RDG-00000634,STN_0151,Waterloo,2026-06-02 10:00:00,64.0,18409.5,60.022,310.9,-29.5,15.6,753.8,Gas,0.68,103.8,0.813,No,2026-07-16
RDG-00000635,STN_0158,Niagara,2026-04-23 21:00:00,2169.5,9456.0,60.023,492.0,26.2,58.0,49.6,Hydro,0.3,37.4,0.819,No,2026-05-02
RDG-00000636,STN_0157,Waterloo,2026-04-11 09:00:00,3272.0,13728.0,59.984,496.1,8.9,2.6,279.3,Biomass,0.2,42.0,0.968,No,2026-06-23
RDG-00000637,STN_0005,Ottawa,2026-03-08 01:00:00,401.4,24102.5,59.956,188.5,-11.4,58.7,241.4,Biomass,0.64,383.3,0.928,No,2026-01-23
RDG-00000638,STN_0085,Niagara,2026-06-26 20:00:00,1493.0,11854.0,60.042,450.2,9.3,47.7,78.7,Gas,0.72,217.4,0.886,No,2026-01-03
RDG-00000639,STN_0114,Hamilton,2026-06-10 07:00:00,795.8,19813.5,59.978,176.3,-18.9,8.5,307.3,Biomass,0.67,415.8,0.805,No,2026-03-07
RDG-00000640,STN_0163,Southwestern,2026-03-31 05:00:00,170.1,17049.5,60.003,428.7,1.3,51.1,167.5,Solar,0.26,161.5,0.846,No,2026-02-03
RDG-00000641,STN_0174,Southwestern,2026-01-10 12:00:00,3023.2,15481.5,60.016,267.3,-27.5,55.6,353.8,Solar,0.24,445.5,0.901,No,2026-07-31
RDG-00000642,STN_0153,Hamilton,2026-03-17 10:00:00,1936.8,16589.0,59.976,249.5,24.5,42.2,444.9,Hydro,0.16,184.7,0.988,No,2026-01-07
RDG-00000643,STN_0002,Eastern,2026-07-07 14:00:00,169.6,9377.0,59.99,170.1,-21.4,27.1,196.7,Wind,0.28,109.0,0.873,No,2026-06-12
RDG-00000644,STN_0119,Waterloo,2026-04-13 02:00:00,2034.0,19636.6,60.048,222.8,-19.7,43.4,446.8,Hydro,0.75,218.5,0.863,No,2026-07-30
RDG-00000645,STN_0139,Niagara,2026-01-18 02:00:00,1901.6,17722.1,59.984,232.1,27.9,44.3,842.9,Hydro,0.26,271.1,0.967,Yes,2026-02-27
RDG-00000646,STN_0028,Eastern,2026-03-04 03:00:00,3165.8,15041.9,60.033,308.5,-0.7,56.8,940.7,Biomass,0.86,41.1,0.842,No,2026-06-04
RDG-00000647,STN_0200,GTA,2026-05-18 02:00:00,2147.3,8568.6,59.999,350.9,-29.3,28.1,30.8,Hydro,0.67,0.9,0.901,No,2026-07-26
RDG-00000648,STN_0147,Niagara,2026-03-30 08:00:00,256.5,18136.2,59.963,322.7,-22.6,59.3,905.4,Nuclear,0.18,411.4,0.807,No,2026-07-22
RDG-00000649,STN_0132,Eastern,2026-04-29 14:00:00,2500.8,9554.3,59.951,284.2,1.1,12.0,989.9,Biomass,0.49,276.5,0.985,Yes,2026-07-03
RDG-00000650,STN_0121,Eastern,2026-04-30 15:00:00,2396.6,22566.9,60.012,293.2,-0.4,39.1,108.2,Gas,0.21,7.3,0.96,No,2026-03-01
RDG-00000651,STN_0195,Northern,2026-03-06 09:00:00,2602.7,18193.0,60.047,205.4,19.7,24.2,644.0,Biomass,0.68,399.0,0.907,No,2026-05-11
RDG-00000652,STN_0167,Niagara,2026-01-25 13:00:00,891.0,10757.5,59.951,132.9,31.6,55.2,100.7,Solar,0.36,257.1,0.876,No,2026-04-03
RDG-00000653,STN_0092,Eastern,2026-04-22 14:00:00,850.2,10737.7,59.971,214.7,21.3,46.7,536.8,Solar,0.37,298.5,0.963,No,2026-04-03
RDG-00000654,STN_0063,Durham,2026-03-19 05:00:00,2980.3,18168.8,60.006,458.4,26.9,59.9,629.4,Biomass,0.84,57.2,0.824,No,2026-06-02
RDG-00000655,STN_0014,Southwestern,2026-02-14 19:00:00,1053.4,23036.6,59.979,380.1,31.3,35.9,475.2,Nuclear,0.55,349.2,0.825,No,2026-06-04
RDG-00000656,STN_0158,Southwestern,2026-03-20 12:00:00,3353.0,11712.3,59.981,361.8,34.1,77.7,893.6,Gas,0.45,46.1,0.943,No,2026-04-16
RDG-00000657,STN_0075,Central,2026-02-14 10:00:00,108.8,11284.8,60.007,356.6,31.8,68.0,486.0,Gas,0.75,360.7,0.903,No,2026-02-10
RDG-00000658,STN_0019,Ottawa,2026-01-17 08:00:00,2114.9,8708.7,60.037,403.8,9.8,10.6,784.8,Solar,0.27,5.6,0.809,No,2026-06-21
RDG-00000659,STN_0099,GTA,2026-07-21 05:00:00,1070.5,11501.7,59.992,189.3,15.4,66.0,871.4,Hydro,0.37,445.0,0.911,Yes,2026-03-11
RDG-00000660,STN_0170,Waterloo,2026-07-05 07:00:00,538.7,16392.2,59.979,366.7,1.3,77.1,407.4,Hydro,0.51,325.7,0.877,No,2026-06-10
RDG-00000661,STN_0077,Northern,2026-05-29 22:00:00,1809.1,23290.6,60.0,209.9,5.9,1.8,286.8,Gas,0.95,432.1,0.853,No,2026-03-12
RDG-00000662,STN_0026,Southwestern,2026-01-12 10:00:00,2307.2,23661.9,59.957,227.5,-15.6,41.5,500.2,Gas,0.58,5.2,0.981,No,2026-07-31
RDG-00000663,STN_0187,Eastern,2026-03-22 13:00:00,1592.1,15337.8,59.998,383.4,-0.5,36.7,174.1,Hydro,0.94,173.0,0.811,No,2026-07-29
RDG-00000664,STN_0024,Durham,2026-04-01 05:00:00,3095.7,8761.4,60.018,232.8,-9.2,71.2,30.1,Hydro,0.79,460.6,0.856,No,2026-07-03
RDG-00000665,STN_0194,Ottawa,2026-04-16 11:00:00,2576.0,13930.1,60.032,438.5,-22.3,74.3,874.4,Gas,0.2,331.9,0.887,Yes,2026-03-27
RDG-00000666,STN_0168,Hamilton,2026-03-15 10:00:00,523.2,20342.7,60.031,327.6,7.8,9.4,964.3,Hydro,0.26,192.7,0.864,No,2026-04-10
RDG-00000667,STN_0143,Eastern,2026-03-25 06:00:00,1567.1,15773.7,59.958,496.3,-14.3,8.6,352.1,Solar,0.15,281.6,0.931,Yes,2026-05-03
RDG-00000668,STN_0110,Central,2026-02-23 01:00:00,2215.7,13238.9,60.049,268.8,31.0,5.1,700.9,Solar,0.32,213.1,0.823,Yes,2026-05-09
RDG-00000669,STN_0148,Durham,2026-04-18 23:00:00,76.4,24098.3,60.025,221.5,27.3,48.5,862.9,Nuclear,0.79,17.5,0.856,Yes,2026-05-13
RDG-00000670,STN_0110,GTA,2026-02-20 18:00:00,48.2,19330.4,59.993,486.6,-29.1,5.1,202.4,Nuclear,0.89,488.4,0.851,No,2026-02-26
RDG-00000671,STN_0026,Niagara,2026-01-13 20:00:00,1662.5,8036.4,59.953,200.4,34.9,50.8,564.7,Wind,0.53,414.9,0.864,No,2026-03-22
RDG-00000672,STN_0108,Niagara,2026-02-14 06:00:00,1802.0,17397.9,60.029,409.0,31.7,0.5,698.3,Biomass,0.45,141.1,0.85,Yes,2026-01-17
RDG-00000673,STN_0162,Ottawa,2026-02-22 14:00:00,1377.8,17461.2,60.004,245.7,30.2,79.2,172.4,Gas,0.49,406.6,0.987,Yes,2026-07-28
RDG-00000674,STN_0066,Waterloo,2026-02-10 22:00:00,2378.6,10577.1,60.049,273.7,-26.6,74.8,617.0,Solar,0.17,301.5,0.95,No,2026-07-27
RDG-00000675,STN_0028,Ottawa,2026-05-11 23:00:00,2401.9,11038.9,60.013,315.9,-22.9,22.3,240.2,Gas,0.35,109.1,0.845,No,2026-04-22
RDG-00000676,STN_0157,Eastern,2026-03-16 19:00:00,264.2,9167.0,60.013,124.7,-11.6,41.3,510.1,Nuclear,0.47,143.4,0.854,No,2026-03-23
RDG-00000677,STN_0175,Waterloo,2026-06-14 23:00:00,2275.4,15512.9,59.994,178.9,-20.7,8.9,125.1,Nuclear,0.67,306.4,0.861,No,2026-04-21
RDG-00000678,STN_0021,GTA,2026-05-25 16:00:00,1496.2,23034.8,59.975,380.5,5.5,27.0,365.2,Biomass,0.7,18.0,0.888,No,2026-06-15
RDG-00000679,STN_0055,Durham,2026-02-24 21:00:00,1257.6,18414.6,59.96,394.6,12.4,11.4,185.4,Biomass,0.33,66.9,0.88,No,2026-05-17
RDG-00000680,STN_0096,Waterloo,2026-03-11 07:00:00,2619.1,14864.5,59.97,438.8,-12.6,32.0,384.0,Gas,0.78,11.9,0.802,No,2026-05-08
RDG-00000681,STN_0079,Durham,2026-05-09 10:00:00,2572.2,18481.0,60.032,488.6,12.5,32.3,635.0,Nuclear,0.83,188.7,0.807,Yes,2026-01-08
RDG-00000682,STN_0113,Ottawa,2026-01-18 07:00:00,1851.6,13150.5,59.985,298.1,20.4,0.6,45.9,Wind,0.71,12.3,0.882,No,2026-07-10
RDG-00000683,STN_0098,Durham,2026-06-12 07:00:00,2328.4,20180.6,59.97,466.4,15.0,77.3,783.8,Wind,0.75,61.4,0.904,No,2026-07-05
RDG-00000684,STN_0130,Eastern,2026-07-07 03:00:00,705.3,12281.9,60.043,420.9,-16.2,32.7,969.0,Hydro,0.67,336.5,0.876,No,2026-06-24
RDG-00000685,STN_0180,Niagara,2026-06-14 04:00:00,2980.1,24589.3,60.017,289.0,-19.4,63.6,25.6,Gas,0.39,450.1,0.866,No,2026-02-18
RDG-00000686,STN_0165,Waterloo,2026-04-09 10:00:00,1064.5,8351.8,59.955,117.6,-29.3,62.3,71.5,Solar,0.13,313.5,0.985,Yes,2026-07-15
RDG-00000687,STN_0036,Hamilton,2026-07-03 23:00:00,3219.4,13777.0,59.955,476.5,2.2,48.8,456.7,Hydro,0.78,417.8,0.896,No,2026-02-12
RDG-00000688,STN_0004,Eastern,2026-01-17 16:00:00,615.3,20368.0,60.021,201.7,-12.4,43.7,723.2,Solar,0.52,253.1,0.859,No,2026-02-05
RDG-00000689,STN_0054,GTA,2026-04-05 10:00:00,1624.5,21973.7,59.994,323.9,31.2,36.8,668.2,Gas,0.75,410.0,0.916,No,2026-03-06
RDG-00000690,STN_0010,Niagara,2026-07-06 09:00:00,466.7,21844.7,59.97,416.5,34.2,28.4,78.7,Hydro,0.33,267.1,0.901,No,2026-05-05
RDG-00000691,STN_0142,Southwestern,2026-07-17 08:00:00,529.4,21264.3,60.033,121.5,-4.9,22.6,567.8,Gas,0.8,85.5,0.815,No,2026-01-20
RDG-00000692,STN_0132,GTA,2026-02-13 13:00:00,1992.1,23195.9,59.993,274.9,30.5,42.2,487.5,Nuclear,0.15,209.8,0.816,Yes,2026-06-05
RDG-00000693,STN_0006,Niagara,2026-05-19 22:00:00,1800.0,8735.3,59.966,177.9,-19.2,3.6,529.5,Solar,0.18,362.1,0.916,No,2026-01-06
RDG-00000694,STN_0029,Niagara,2026-01-06 04:00:00,2785.4,17054.4,59.981,375.3,18.8,36.6,186.4,Solar,0.52,83.6,0.927,No,2026-02-28
RDG-00000695,STN_0158,Hamilton,2026-02-04 10:00:00,1397.2,10840.2,60.032,470.9,-0.8,19.0,40.6,Hydro,0.74,265.1,0.928,No,2026-03-16
RDG-00000696,STN_0043,GTA,2026-07-27 05:00:00,2457.6,16643.9,60.019,164.9,10.0,68.2,64.0,Solar,0.37,19.0,0.978,Yes,2026-05-06
RDG-00000697,STN_0133,Central,2026-05-13 15:00:00,114.1,14033.1,59.959,304.0,26.9,14.6,356.3,Gas,0.36,342.1,0.839,Yes,2026-04-10
RDG-00000698,STN_0151,Waterloo,2026-07-14 23:00:00,712.4,24827.3,59.979,387.3,19.2,60.8,163.9,Gas,0.24,376.1,0.86,No,2026-01-14
RDG-00000699,STN_0045,Eastern,2026-05-29 22:00:00,391.3,22313.6,59.998,189.0,-11.1,36.9,319.5,Gas,0.6,418.3,0.901,No,2026-02-07
RDG-00000700,STN_0148,GTA,2026-05-21 00:00:00,833.9,16046.5,60.03,325.3,22.7,25.1,938.1,Hydro,0.24,409.0,0.848,No,2026-07-09
RDG-00000701,STN_0050,Central,2026-04-09 10:00:00,1226.7,9943.2,59.969,124.1,-3.7,9.6,108.4,Nuclear,0.17,101.0,0.958,Yes,2026-06-02
RDG-00000702,STN_0137,Northern,2026-07-03 20:00:00,3226.0,10996.7,59.97,281.8,18.9,16.2,297.0,Nuclear,0.26,84.4,0.882,Yes,2026-03-03
RDG-00000703,STN_0101,Northern,2026-04-02 10:00:00,1109.7,22500.2,59.955,152.6,-28.8,37.0,71.1,Wind,0.67,214.5,0.998,No,2026-06-27
RDG-00000704,STN_0092,Ottawa,2026-05-12 08:00:00,378.2,11040.7,60.018,325.8,10.7,39.5,935.3,Hydro,0.63,263.2,0.955,Yes,2026-05-24
RDG-00000705,STN_0072,Central,2026-03-12 21:00:00,2446.8,9993.3,60.031,365.9,-9.0,50.5,515.5,Biomass,0.69,410.0,0.878,No,2026-01-14
RDG-00000706,STN_0036,GTA,2026-07-12 11:00:00,1358.4,11590.7,59.954,334.4,-25.7,0.8,222.5,Biomass,0.74,168.4,0.941,No,2026-03-19
RDG-00000707,STN_0182,Northern,2026-04-27 19:00:00,1884.6,11259.6,59.965,403.5,-5.9,30.5,689.0,Hydro,0.93,154.3,0.888,Yes,2026-07-08
RDG-00000708,STN_0075,Southwestern,2026-06-20 00:00:00,1858.2,11035.8,60.017,304.1,-15.1,11.3,172.0,Wind,0.65,92.9,0.825,No,2026-07-23
RDG-00000709,STN_0107,GTA,2026-01-10 17:00:00,1074.5,19336.5,60.037,330.5,-5.2,75.5,559.4,Nuclear,0.39,395.6,0.94,No,2026-01-03
RDG-00000710,STN_0078,Niagara,2026-07-09 20:00:00,3181.4,17448.9,60.04,383.4,19.9,31.1,632.1,Hydro,0.36,221.6,0.99,No,2026-03-03
RDG-00000711,STN_0155,Ottawa,2026-06-22 13:00:00,2710.4,13527.1,59.996,411.3,10.5,37.2,528.3,Solar,0.53,493.3,0.978,No,2026-04-14
RDG-00000712,STN_0094,Hamilton,2026-02-21 12:00:00,1545.8,11907.5,59.959,478.4,8.4,34.3,515.2,Solar,0.58,362.1,0.889,No,2026-06-12
RDG-00000713,STN_0185,Central,2026-05-14 09:00:00,347.7,10584.8,59.982,408.9,-21.9,39.9,812.0,Wind,0.69,49.6,0.966,No,2026-02-09
RDG-00000714,STN_0089,GTA,2026-03-31 23:00:00,2358.5,21903.5,60.015,123.0,8.1,64.6,932.3,Solar,0.36,263.9,0.966,No,2026-07-14
RDG-00000715,STN_0106,Niagara,2026-02-05 22:00:00,2445.6,11009.7,59.987,257.7,12.2,56.8,891.5,Hydro,0.15,33.1,0.917,No,2026-03-08
RDG-00000716,STN_0088,Central,2026-05-16 19:00:00,921.3,15068.9,60.045,160.8,3.4,58.8,717.9,Hydro,0.69,141.3,0.93,No,2026-05-27
RDG-00000717,STN_0158,Hamilton,2026-01-16 05:00:00,264.1,10783.0,60.044,353.8,-5.9,75.1,321.0,Gas,0.57,96.5,0.907,No,2026-07-15
RDG-00000718,STN_0170,Waterloo,2026-02-15 20:00:00,2421.2,14712.7,59.97,372.2,8.8,27.8,529.7,Gas,0.62,267.2,0.955,No,2026-03-23
RDG-00000719,STN_0036,Niagara,2026-07-08 07:00:00,50.2,19567.7,59.959,341.6,3.4,50.1,574.1,Biomass,0.72,215.0,0.989,No,2026-05-25
RDG-00000720,STN_0140,Eastern,2026-04-09 23:00:00,2934.9,10196.6,59.971,417.4,-2.2,2.9,444.3,Hydro,0.43,300.7,0.848,No,2026-06-27
RDG-00000721,STN_0138,Northern,2026-03-08 01:00:00,1736.2,19540.1,60.03,441.5,1.9,4.0,962.8,Hydro,0.73,396.0,0.834,Yes,2026-03-24
RDG-00000722,STN_0115,Hamilton,2026-07-02 14:00:00,1188.9,22338.8,59.96,165.0,-25.8,57.2,571.3,Wind,0.75,185.8,0.977,No,2026-07-26
RDG-00000723,STN_0023,Ottawa,2026-03-28 04:00:00,94.2,11972.0,59.95,246.5,19.9,68.0,229.7,Wind,0.93,74.2,0.822,No,2026-07-20
RDG-00000724,STN_0178,Eastern,2026-06-09 22:00:00,2976.0,16511.8,59.984,225.3,9.9,75.8,360.6,Gas,0.46,342.5,0.837,No,2026-07-26
RDG-00000725,STN_0012,Eastern,2026-04-29 17:00:00,2596.1,8302.3,59.98,496.6,-10.4,12.4,184.1,Biomass,0.48,434.4,0.898,No,2026-01-08
RDG-00000726,STN_0153,Ottawa,2026-02-26 09:00:00,1291.6,21504.7,60.038,247.4,-22.3,42.4,732.8,Hydro,0.64,235.4,0.839,No,2026-06-09
RDG-00000727,STN_0163,Eastern,2026-07-18 05:00:00,3487.8,23608.6,59.961,129.6,6.2,68.8,992.7,Nuclear,0.45,448.5,0.92,No,2026-04-19
RDG-00000728,STN_0031,Waterloo,2026-04-30 00:00:00,453.2,14643.7,59.972,247.7,-22.0,62.0,237.7,Gas,0.63,128.5,0.93,No,2026-05-07
RDG-00000729,STN_0012,Niagara,2026-02-09 16:00:00,2444.9,20541.9,60.022,401.4,-21.2,68.2,643.2,Biomass,0.31,4.4,0.814,No,2026-05-11
RDG-00000730,STN_0104,Ottawa,2026-04-27 09:00:00,1982.0,16016.9,59.969,498.8,-2.3,15.4,595.0,Gas,0.89,242.2,0.998,No,2026-04-05
RDG-00000731,STN_0048,Niagara,2026-01-18 18:00:00,2984.8,24266.1,59.957,227.1,17.4,33.5,331.7,Wind,0.2,400.4,0.84,No,2026-05-02
RDG-00000732,STN_0014,Central,2026-05-18 21:00:00,1422.4,10505.6,59.995,414.3,24.1,9.5,525.2,Biomass,0.38,372.3,0.932,Yes,2026-05-28
RDG-00000733,STN_0129,Ottawa,2026-04-06 08:00:00,2274.1,24297.1,59.991,382.1,32.9,53.1,423.6,Solar,0.93,23.4,0.98,No,2026-02-26
RDG-00000734,STN_0009,Hamilton,2026-05-27 00:00:00,2097.5,20593.7,60.021,489.5,32.2,69.2,285.1,Solar,0.74,136.4,0.816,No,2026-05-26
RDG-00000735,STN_0131,Durham,2026-01-13 07:00:00,2218.4,17690.1,60.046,329.6,4.4,4.9,783.8,Nuclear,0.35,6.7,0.91,No,2026-01-18
RDG-00000736,STN_0096,Eastern,2026-03-16 18:00:00,184.6,23760.9,59.995,343.7,25.2,39.8,639.7,Solar,0.45,268.7,0.874,No,2026-02-01
RDG-00000737,STN_0110,Ottawa,2026-07-25 17:00:00,1400.8,14627.4,60.01,349.4,20.5,4.9,160.9,Nuclear,0.47,353.6,0.907,No,2026-08-01
RDG-00000738,STN_0124,Eastern,2026-05-25 10:00:00,2925.1,8406.5,59.997,254.5,-26.4,23.8,805.5,Gas,0.72,347.6,0.99,No,2026-07-19
RDG-00000739,STN_0045,Eastern,2026-06-10 11:00:00,2349.2,19325.2,59.972,358.9,11.5,6.0,650.1,Hydro,0.26,383.9,0.978,No,2026-03-21
RDG-00000740,STN_0181,GTA,2026-05-21 13:00:00,2641.1,10663.6,60.049,390.6,-11.3,10.2,803.5,Solar,0.85,182.8,0.819,Yes,2026-02-10
RDG-00000741,STN_0036,Hamilton,2026-01-15 01:00:00,170.2,12565.5,59.972,298.9,0.9,65.7,657.3,Nuclear,0.63,452.5,0.893,No,2026-03-05
RDG-00000742,STN_0169,Hamilton,2026-05-24 19:00:00,2403.7,24859.7,59.99,330.7,-5.7,38.9,953.4,Nuclear,0.37,81.8,0.978,No,2026-02-05
RDG-00000743,STN_0112,Waterloo,2026-01-08 05:00:00,2699.2,11578.9,60.024,111.9,28.1,76.7,609.7,Wind,0.34,340.9,0.829,No,2026-01-31
RDG-00000744,STN_0079,Eastern,2026-07-21 12:00:00,1147.3,23983.9,59.953,237.5,-25.5,62.7,627.0,Gas,0.35,180.7,0.834,No,2026-02-22
RDG-00000745,STN_0163,Eastern,2026-07-14 18:00:00,893.5,17258.1,60.001,277.7,-15.2,53.0,72.7,Nuclear,0.74,285.1,0.877,Yes,2026-03-03
RDG-00000746,STN_0133,GTA,2026-01-25 04:00:00,1053.4,23073.2,59.965,183.6,15.0,15.9,158.8,Hydro,0.92,273.5,0.899,No,2026-03-12
RDG-00000747,STN_0116,Northern,2026-02-09 22:00:00,965.6,14242.0,59.955,438.4,16.9,37.9,264.7,Gas,0.42,163.6,0.984,Yes,2026-07-17
RDG-00000748,STN_0144,GTA,2026-07-01 12:00:00,1833.7,19835.7,60.001,136.8,-14.3,71.7,108.7,Hydro,0.65,422.2,0.948,Yes,2026-07-13
RDG-00000749,STN_0047,Durham,2026-06-14 14:00:00,1809.2,16045.1,60.029,253.4,11.9,53.5,704.9,Gas,0.74,303.7,0.821,No,2026-03-19
RDG-00000750,STN_0041,Northern,2026-01-20 05:00:00,1290.4,17927.0,60.039,219.6,26.5,4.5,659.3,Solar,0.21,379.2,0.876,No,2026-01-06
RDG-00000751,STN_0172,Northern,2026-04-06 19:00:00,802.8,24212.2,59.966,486.4,-17.8,64.6,309.6,Hydro,0.27,369.4,0.871,Yes,2026-03-20
RDG-00000752,STN_0158,Waterloo,2026-03-26 23:00:00,1141.7,21047.9,60.016,287.6,-16.0,74.2,96.0,Solar,0.95,214.7,0.941,No,2026-06-28
RDG-00000753,STN_0056,GTA,2026-04-17 09:00:00,619.0,21569.2,59.997,395.9,-6.3,19.9,728.8,Wind,0.2,110.0,0.96,No,2026-03-11
RDG-00000754,STN_0043,Central,2026-01-13 04:00:00,3126.2,23350.1,59.997,481.2,-13.8,62.3,16.4,Biomass,0.3,238.7,0.907,Yes,2026-03-23
RDG-00000755,STN_0004,Niagara,2026-06-30 17:00:00,68.6,21814.9,60.002,256.2,-23.0,39.5,632.8,Hydro,0.39,178.0,0.955,Yes,2026-01-26
RDG-00000756,STN_0137,GTA,2026-07-21 05:00:00,3235.9,22210.7,60.042,261.1,11.7,62.2,445.1,Gas,0.42,31.5,0.905,No,2026-06-14
RDG-00000757,STN_0199,Waterloo,2026-01-23 10:00:00,3466.2,23614.7,59.961,411.5,-19.0,64.1,599.0,Nuclear,0.89,99.6,0.968,Yes,2026-05-15
RDG-00000758,STN_0102,Hamilton,2026-06-01 15:00:00,1073.1,17551.8,59.987,268.0,21.3,17.1,304.8,Nuclear,0.19,454.9,0.882,No,2026-04-06
RDG-00000759,STN_0003,Northern,2026-02-05 12:00:00,2668.3,13251.9,60.005,365.4,-3.4,3.2,216.3,Nuclear,0.93,231.2,0.892,No,2026-05-14
RDG-00000760,STN_0016,Niagara,2026-01-22 10:00:00,3097.3,14324.7,59.974,305.7,28.4,69.5,385.4,Gas,0.32,116.5,0.955,No,2026-07-20
RDG-00000761,STN_0197,GTA,2026-01-02 08:00:00,1304.8,23768.0,60.026,430.0,-26.3,66.9,895.7,Biomass,0.69,221.4,0.869,Yes,2026-05-15
RDG-00000762,STN_0120,Hamilton,2026-07-19 13:00:00,1238.7,17021.1,59.985,462.6,33.9,79.9,569.7,Hydro,0.73,378.0,0.966,No,2026-02-13
RDG-00000763,STN_0114,GTA,2026-06-23 08:00:00,998.8,21307.9,59.982,171.5,-29.9,55.7,196.3,Nuclear,0.47,451.5,0.82,No,2026-07-24
RDG-00000764,STN_0065,Waterloo,2026-03-15 04:00:00,3157.7,23547.6,59.994,487.8,-25.0,28.3,541.4,Solar,0.54,390.4,0.818,No,2026-04-22
RDG-00000765,STN_0061,Central,2026-01-08 11:00:00,3232.5,20022.0,59.997,420.6,14.0,45.6,264.8,Wind,0.32,248.7,0.914,Yes,2026-06-06
RDG-00000766,STN_0106,Durham,2026-07-20 12:00:00,636.2,11153.4,60.0,192.5,28.2,7.1,498.0,Gas,0.18,182.4,0.876,No,2026-07-31
RDG-00000767,STN_0154,Eastern,2026-04-03 22:00:00,2913.2,12161.5,60.02,116.8,-24.2,16.3,893.2,Gas,0.3,94.9,0.871,No,2026-03-25
RDG-00000768,STN_0048,Niagara,2026-01-31 21:00:00,2235.7,21942.3,60.046,475.2,30.8,17.4,446.1,Wind,0.3,150.1,0.902,No,2026-07-02
RDG-00000769,STN_0037,Niagara,2026-03-09 21:00:00,2146.8,15287.8,60.016,145.8,2.4,72.0,51.1,Gas,0.61,29.9,0.897,No,2026-06-24
RDG-00000770,STN_0008,Hamilton,2026-02-22 04:00:00,2787.0,9131.3,59.964,414.4,1.1,76.7,648.8,Hydro,0.73,229.3,0.991,No,2026-01-30
RDG-00000771,STN_0156,Eastern,2026-05-30 15:00:00,1929.3,16377.2,59.973,374.5,-3.5,26.3,659.4,Nuclear,0.19,79.7,0.86,No,2026-01-19
RDG-00000772,STN_0081,Waterloo,2026-03-28 11:00:00,1565.3,9536.9,59.985,371.4,15.1,37.7,192.5,Solar,0.75,457.9,0.893,No,2026-06-26
RDG-00000773,STN_0200,Southwestern,2026-01-24 20:00:00,342.9,11323.1,60.027,318.9,-5.7,15.8,490.4,Wind,0.42,155.8,0.827,No,2026-05-25
RDG-00000774,STN_0105,Waterloo,2026-07-20 12:00:00,1123.3,22982.7,60.009,222.2,-29.8,2.5,238.0,Nuclear,0.22,47.4,0.89,No,2026-02-04
RDG-00000775,STN_0090,Northern,2026-02-08 19:00:00,94.7,23554.5,60.026,162.2,27.9,52.7,59.5,Wind,0.92,225.0,0.874,No,2026-02-27
RDG-00000776,STN_0105,Central,2026-01-19 01:00:00,2917.3,19852.2,60.005,324.1,18.2,59.5,664.4,Gas,0.76,451.0,0.937,Yes,2026-07-08
RDG-00000777,STN_0122,GTA,2026-03-06 08:00:00,1812.2,15631.1,59.959,216.3,0.0,15.1,885.8,Nuclear,0.6,259.1,0.823,No,2026-07-22
RDG-00000778,STN_0128,Southwestern,2026-06-08 20:00:00,2311.1,15639.3,60.046,182.9,-11.3,28.5,903.7,Nuclear,0.4,335.0,0.925,No,2026-07-14
RDG-00000779,STN_0106,Southwestern,2026-02-03 14:00:00,658.0,15438.4,59.97,244.9,11.5,10.3,744.3,Solar,0.39,408.3,0.917,No,2026-05-16
RDG-00000780,STN_0147,Southwestern,2026-03-05 14:00:00,3418.1,13195.4,59.992,124.2,2.3,10.3,680.2,Wind,0.86,264.4,0.957,No,2026-03-13
RDG-00000781,STN_0162,Eastern,2026-03-28 12:00:00,2720.9,9705.6,59.988,196.6,-9.4,63.4,80.6,Gas,0.27,457.4,0.803,No,2026-07-26
RDG-00000782,STN_0178,GTA,2026-05-08 20:00:00,2284.9,11993.4,59.996,382.5,23.4,61.0,411.4,Solar,0.7,241.2,0.888,Yes,2026-03-19
RDG-00000783,STN_0129,Hamilton,2026-05-23 05:00:00,2893.7,9475.1,59.966,334.9,10.3,23.7,170.1,Wind,0.37,273.7,0.862,No,2026-06-05
RDG-00000784,STN_0044,Niagara,2026-01-20 11:00:00,2597.5,21829.7,59.971,216.6,-16.8,40.0,912.2,Solar,0.46,73.8,0.922,Yes,2026-06-27
RDG-00000785,STN_0049,Central,2026-02-05 15:00:00,1490.7,9559.7,59.97,428.6,0.2,6.1,73.9,Gas,0.38,334.1,0.864,No,2026-03-17
RDG-00000786,STN_0169,Niagara,2026-03-20 21:00:00,557.5,9662.9,60.037,193.5,-3.7,7.4,238.9,Wind,0.41,404.7,0.896,No,2026-04-14
RDG-00000787,STN_0048,Waterloo,2026-06-15 10:00:00,3303.8,18305.7,59.996,273.8,10.1,18.4,843.0,Solar,0.26,131.4,0.917,No,2026-07-26
RDG-00000788,STN_0127,Southwestern,2026-07-18 13:00:00,2153.2,14016.5,60.029,125.2,-13.8,25.9,120.8,Biomass,0.24,266.1,0.985,No,2026-06-11
RDG-00000789,STN_0145,Niagara,2026-06-18 14:00:00,761.0,18539.3,60.006,255.5,-4.7,79.9,205.2,Nuclear,0.71,218.2,0.906,No,2026-03-01
RDG-00000790,STN_0109,Central,2026-07-10 09:00:00,901.3,16812.7,60.02,247.3,5.4,67.3,818.7,Gas,0.54,320.8,0.997,No,2026-02-25
RDG-00000791,STN_0107,GTA,2026-07-16 08:00:00,1841.2,14190.0,60.001,205.5,31.5,61.2,712.8,Biomass,0.81,283.0,0.938,No,2026-02-15
RDG-00000792,STN_0033,Waterloo,2026-01-15 08:00:00,1506.6,16916.4,60.011,342.6,-9.9,28.9,269.9,Biomass,0.69,392.0,0.834,No,2026-06-14
RDG-00000793,STN_0184,Eastern,2026-05-21 23:00:00,297.0,17658.2,60.01,456.6,25.7,52.9,54.1,Wind,0.87,61.5,0.86,Yes,2026-05-27
RDG-00000794,STN_0160,GTA,2026-06-14 00:00:00,2760.3,16094.5,60.004,125.6,-17.6,73.1,617.2,Hydro,0.26,488.9,0.814,No,2026-05-01
RDG-00000795,STN_0156,Ottawa,2026-04-22 20:00:00,84.2,11943.7,59.968,478.3,-11.7,56.6,703.0,Solar,0.38,110.1,0.995,No,2026-05-01
RDG-00000796,STN_0191,Hamilton,2026-04-04 12:00:00,3309.8,23481.1,60.006,254.2,13.2,26.3,170.7,Wind,0.71,412.7,0.931,No,2026-06-15
RDG-00000797,STN_0116,Hamilton,2026-02-13 13:00:00,367.8,17707.1,59.965,409.8,-16.1,79.7,541.9,Gas,0.45,42.3,0.862,No,2026-04-17
RDG-00000798,STN_0198,Central,2026-05-03 19:00:00,242.7,15137.8,60.037,176.7,4.9,58.6,45.2,Biomass,0.38,193.9,0.862,No,2026-02-08
RDG-00000799,STN_0074,Southwestern,2026-03-06 15:00:00,352.9,23670.8,59.974,220.3,8.1,29.3,340.7,Hydro,0.65,444.6,0.825,No,2026-01-07
RDG-00000800,STN_0131,Northern,2026-01-04 10:00:00,1730.6,12696.4,60.028,363.6,-27.8,75.7,731.1,Hydro,0.21,221.4,0.881,No,2026-05-06
RDG-00000801,STN_0075,Hamilton,2026-06-22 15:00:00,2251.4,12911.1,60.048,145.6,7.8,74.1,476.9,Wind,0.24,467.3,0.867,Yes,2026-05-31
RDG-00000802,STN_0030,Eastern,2026-04-27 05:00:00,265.7,21333.5,59.971,134.3,-6.7,26.5,74.0,Solar,0.87,60.7,0.828,No,2026-02-19
RDG-00000803,STN_0195,Eastern,2026-04-05 21:00:00,1337.5,17266.4,59.952,458.8,12.9,49.4,163.1,Hydro,0.6,197.9,0.863,No,2026-01-01
RDG-00000804,STN_0198,Hamilton,2026-05-28 18:00:00,3005.5,21899.1,59.957,245.3,7.0,75.1,886.4,Solar,0.34,278.2,0.922,Yes,2026-06-12
RDG-00000805,STN_0074,GTA,2026-04-21 11:00:00,574.2,15367.0,59.956,235.0,18.0,72.0,602.6,Nuclear,0.68,464.1,0.81,No,2026-03-22
RDG-00000806,STN_0019,Hamilton,2026-02-14 09:00:00,1145.7,15708.9,60.006,387.4,14.6,21.5,490.7,Solar,0.87,170.4,0.966,No,2026-06-21
RDG-00000807,STN_0182,GTA,2026-03-20 20:00:00,967.3,19558.0,59.972,232.8,-15.0,31.9,235.6,Solar,0.23,1.7,0.872,No,2026-01-31
RDG-00000808,STN_0017,Durham,2026-02-20 14:00:00,2657.4,19619.5,60.027,123.9,10.9,73.2,82.9,Wind,0.49,323.1,0.987,No,2026-05-17
RDG-00000809,STN_0114,Hamilton,2026-04-16 04:00:00,1462.2,21195.9,60.024,154.4,1.1,7.1,300.2,Gas,0.72,178.0,0.993,Yes,2026-07-03
RDG-00000810,STN_0059,Southwestern,2026-06-14 04:00:00,3439.9,8468.3,60.012,125.2,-19.7,14.8,292.6,Wind,0.18,133.7,0.967,Yes,2026-04-27
RDG-00000811,STN_0173,Niagara,2026-04-07 22:00:00,613.3,24056.9,59.974,172.7,-18.9,24.3,492.6,Wind,0.37,248.4,0.823,No,2026-04-15
RDG-00000812,STN_0137,Hamilton,2026-06-28 04:00:00,2239.5,21350.6,60.035,333.6,-25.5,48.9,97.4,Wind,0.78,456.3,0.828,No,2026-06-30
RDG-00000813,STN_0027,Northern,2026-02-22 19:00:00,2145.0,16041.7,59.953,240.2,8.5,16.7,68.1,Wind,0.29,219.7,0.937,Yes,2026-07-02
RDG-00000814,STN_0080,Southwestern,2026-06-28 04:00:00,699.7,24980.6,59.994,292.6,1.7,11.9,361.0,Nuclear,0.32,266.2,0.968,No,2026-05-06
RDG-00000815,STN_0029,Ottawa,2026-03-09 06:00:00,953.9,13924.8,60.038,215.9,-28.0,74.0,34.4,Nuclear,0.34,223.6,0.963,No,2026-01-11
RDG-00000816,STN_0083,Eastern,2026-05-01 05:00:00,2650.3,12114.0,59.963,236.3,-5.8,7.7,509.2,Nuclear,0.91,186.0,0.977,Yes,2026-07-03
RDG-00000817,STN_0060,Hamilton,2026-04-21 06:00:00,914.7,8080.5,59.978,196.5,20.2,16.8,34.8,Hydro,0.94,423.5,0.822,Yes,2026-07-25
RDG-00000818,STN_0032,Central,2026-04-25 13:00:00,2659.5,21150.6,59.968,301.4,9.6,41.6,446.6,Wind,0.59,249.0,0.86,No,2026-04-10
RDG-00000819,STN_0014,Hamilton,2026-04-25 14:00:00,101.7,13342.2,59.955,441.9,18.1,10.7,189.6,Nuclear,0.18,476.5,0.994,No,2026-06-06
RDG-00000820,STN_0015,Waterloo,2026-01-23 20:00:00,1384.3,10142.4,60.016,486.3,17.3,56.7,794.8,Biomass,0.14,13.9,0.89,No,2026-03-28
RDG-00000821,STN_0078,Niagara,2026-06-23 21:00:00,779.1,10348.6,60.034,456.3,-29.1,0.6,435.0,Wind,0.51,3.5,0.879,No,2026-07-02
RDG-00000822,STN_0105,Durham,2026-04-29 09:00:00,1369.9,10258.4,59.971,263.8,18.0,65.7,782.0,Wind,0.71,300.5,0.879,No,2026-01-19
RDG-00000823,STN_0111,Northern,2026-01-27 09:00:00,1609.7,11714.0,59.969,190.4,27.2,16.6,610.5,Gas,0.11,484.6,0.876,No,2026-05-17
RDG-00000824,STN_0050,Durham,2026-05-19 03:00:00,2750.8,18652.4,59.991,489.1,2.6,61.5,647.6,Solar,0.82,18.8,0.901,No,2026-06-20
RDG-00000825,STN_0043,Waterloo,2026-07-16 06:00:00,2511.9,15420.3,60.013,169.4,19.9,50.7,379.7,Wind,0.52,498.7,0.965,No,2026-04-04
RDG-00000826,STN_0166,Ottawa,2026-02-06 12:00:00,2903.5,15101.1,60.021,288.7,-26.5,17.7,301.3,Wind,0.56,425.2,0.819,No,2026-03-31
RDG-00000827,STN_0061,Ottawa,2026-07-03 21:00:00,1608.7,17801.6,59.988,176.5,-6.6,48.8,832.7,Solar,0.37,198.3,0.877,No,2026-07-24
RDG-00000828,STN_0057,Eastern,2026-04-25 03:00:00,80.1,13531.4,60.049,497.6,19.3,32.6,904.9,Nuclear,0.92,70.8,0.865,No,2026-05-16
RDG-00000829,STN_0133,Northern,2026-06-21 23:00:00,2128.0,8478.0,59.978,306.8,2.8,57.1,590.6,Gas,0.16,196.9,0.885,No,2026-01-03
RDG-00000830,STN_0018,Waterloo,2026-05-06 04:00:00,1663.4,8244.1,59.966,222.9,19.1,39.5,135.5,Gas,0.63,232.5,0.973,No,2026-04-27
RDG-00000831,STN_0167,Southwestern,2026-02-04 13:00:00,220.0,10948.3,59.991,395.0,-12.3,79.2,421.7,Nuclear,0.84,97.4,0.851,No,2026-05-05
RDG-00000832,STN_0093,Ottawa,2026-03-12 11:00:00,2889.8,22814.0,60.012,154.3,-7.8,5.0,47.3,Wind,0.13,25.6,0.913,Yes,2026-01-29
RDG-00000833,STN_0116,Durham,2026-01-11 22:00:00,630.9,23129.1,59.962,312.9,30.0,37.5,22.9,Biomass,0.61,460.4,0.842,No,2026-04-13
RDG-00000834,STN_0166,Hamilton,2026-05-22 01:00:00,914.7,13948.1,59.997,381.4,-15.9,33.4,412.3,Solar,0.55,162.1,0.897,No,2026-05-27
RDG-00000835,STN_0042,Waterloo,2026-02-09 12:00:00,1498.8,18781.7,59.982,264.0,18.8,55.5,576.3,Hydro,0.9,232.2,0.856,No,2026-04-27
RDG-00000836,STN_0043,Waterloo,2026-03-10 18:00:00,569.9,15336.9,60.038,422.0,-27.5,78.6,289.9,Wind,0.4,396.7,0.945,No,2026-02-18
RDG-00000837,STN_0189,Northern,2026-01-09 15:00:00,2610.3,13729.4,59.98,367.4,27.3,38.5,209.6,Gas,0.48,457.9,0.997,Yes,2026-05-12
RDG-00000838,STN_0041,Waterloo,2026-06-25 21:00:00,3165.8,20473.6,60.013,455.1,-4.8,76.3,271.9,Wind,0.12,47.5,0.864,No,2026-06-19
RDG-00000839,STN_0149,Niagara,2026-05-28 02:00:00,201.4,18145.5,60.042,189.6,-1.8,9.5,917.3,Biomass,0.94,478.0,0.865,No,2026-07-16
RDG-00000840,STN_0025,Northern,2026-07-26 11:00:00,2222.4,11500.1,60.04,367.0,-1.6,38.6,129.0,Solar,0.17,146.6,0.935,No,2026-07-17
RDG-00000841,STN_0031,Ottawa,2026-04-03 12:00:00,2117.4,11035.2,59.999,273.7,-15.2,67.6,14.9,Solar,0.63,16.8,0.845,Yes,2026-06-29
RDG-00000842,STN_0046,Durham,2026-07-24 04:00:00,2872.6,16098.1,60.017,180.0,-1.3,77.2,14.8,Solar,0.36,223.4,0.88,Yes,2026-03-11
RDG-00000843,STN_0004,Niagara,2026-07-12 21:00:00,2646.4,8697.2,60.021,458.2,15.5,11.4,771.3,Solar,0.59,159.8,0.989,No,2026-02-27
RDG-00000844,STN_0122,Southwestern,2026-05-20 20:00:00,1376.2,20011.3,60.005,275.2,16.7,13.0,987.2,Biomass,0.68,132.8,0.913,No,2026-05-10
RDG-00000845,STN_0127,Central,2026-04-05 21:00:00,1619.7,11992.5,60.011,111.2,-0.4,43.8,767.6,Wind,0.77,406.9,0.884,No,2026-03-03
RDG-00000846,STN_0014,Niagara,2026-06-13 12:00:00,1114.1,9984.5,59.959,440.2,19.9,15.3,642.7,Gas,0.49,66.5,0.993,No,2026-01-09
RDG-00000847,STN_0027,Eastern,2026-05-07 15:00:00,779.8,20023.2,59.987,179.1,-12.5,39.8,566.0,Nuclear,0.12,475.8,0.88,Yes,2026-01-09
RDG-00000848,STN_0044,Waterloo,2026-02-16 03:00:00,3480.2,16394.1,59.999,136.5,-26.3,74.3,27.4,Wind,0.62,435.3,0.969,No,2026-07-08
RDG-00000849,STN_0070,Niagara,2026-05-04 18:00:00,1341.0,22184.5,59.975,285.9,-28.5,37.1,765.9,Biomass,0.67,151.4,0.848,No,2026-07-01
RDG-00000850,STN_0085,Durham,2026-05-06 22:00:00,1565.2,14806.0,59.978,166.0,2.9,11.8,879.1,Biomass,0.16,276.4,0.976,No,2026-05-29
RDG-00000851,STN_0064,Ottawa,2026-05-22 09:00:00,1351.4,10115.1,59.957,152.2,-16.7,42.3,181.1,Biomass,0.53,174.5,0.807,Yes,2026-01-13
RDG-00000852,STN_0019,Eastern,2026-07-20 23:00:00,320.7,19817.6,60.019,134.5,-26.6,56.4,805.0,Solar,0.38,125.8,0.825,No,2026-05-28
RDG-00000853,STN_0117,GTA,2026-03-03 12:00:00,919.8,24162.1,59.995,321.0,-5.9,30.6,643.7,Biomass,0.59,453.9,0.83,No,2026-05-22
RDG-00000854,STN_0087,Southwestern,2026-04-16 05:00:00,209.4,9911.9,59.966,481.0,21.7,7.3,308.7,Gas,0.32,414.1,0.817,No,2026-01-25
RDG-00000855,STN_0188,Hamilton,2026-03-06 22:00:00,1947.0,11046.0,59.968,489.6,14.0,53.0,407.7,Nuclear,0.12,234.3,0.964,No,2026-06-04
RDG-00000856,STN_0028,Waterloo,2026-02-25 04:00:00,803.5,24281.0,59.977,464.4,-5.1,13.5,883.1,Gas,0.57,422.4,0.974,No,2026-07-29
RDG-00000857,STN_0176,Waterloo,2026-07-23 04:00:00,2873.3,15744.8,60.031,471.5,-28.9,13.0,541.6,Nuclear,0.77,383.6,0.96,Yes,2026-07-30
RDG-00000858,STN_0118,Hamilton,2026-02-26 00:00:00,2702.6,13251.1,60.025,120.0,14.4,49.0,208.8,Biomass,0.59,269.6,0.921,Yes,2026-02-24
RDG-00000859,STN_0083,Northern,2026-07-14 12:00:00,503.8,23415.0,59.962,194.8,-15.8,49.4,946.3,Gas,0.52,379.9,0.97,No,2026-06-27
RDG-00000860,STN_0180,Durham,2026-04-30 03:00:00,1918.0,8051.0,60.009,216.5,1.3,45.4,175.4,Biomass,0.93,482.3,0.99,Yes,2026-01-15
RDG-00000861,STN_0162,Southwestern,2026-03-15 23:00:00,150.1,24101.2,60.039,204.8,2.8,24.2,70.2,Biomass,0.56,366.0,0.966,No,2026-05-30
RDG-00000862,STN_0086,Ottawa,2026-06-02 15:00:00,1188.6,19750.3,59.969,409.9,29.1,1.7,137.3,Wind,0.31,129.0,0.818,No,2026-02-10
RDG-00000863,STN_0138,Niagara,2026-02-17 23:00:00,2165.8,14087.6,59.978,461.6,21.0,77.5,85.2,Biomass,0.56,119.6,0.832,Yes,2026-05-20
RDG-00000864,STN_0186,Durham,2026-01-30 14:00:00,394.9,16393.5,59.955,392.5,18.3,48.4,540.3,Wind,0.16,104.6,0.913,No,2026-03-16
RDG-00000865,STN_0095,GTA,2026-06-06 08:00:00,219.0,12670.1,59.993,439.3,9.9,66.9,316.2,Biomass,0.17,211.5,0.921,No,2026-05-09
RDG-00000866,STN_0159,GTA,2026-01-15 03:00:00,2579.9,18838.3,60.005,495.8,-15.4,1.1,954.5,Wind,0.84,233.2,0.863,No,2026-05-30
RDG-00000867,STN_0059,Central,2026-05-16 15:00:00,1953.0,16750.9,60.039,379.8,17.8,48.6,146.5,Wind,0.72,68.3,0.964,No,2026-06-08
RDG-00000868,STN_0153,Northern,2026-05-06 08:00:00,2753.6,13243.9,60.011,192.4,0.9,3.1,188.2,Nuclear,0.22,216.9,0.843,Yes,2026-04-25
RDG-00000869,STN_0099,GTA,2026-05-15 14:00:00,1981.1,22037.6,59.968,283.3,6.7,46.3,665.5,Wind,0.82,182.9,0.945,Yes,2026-06-12
RDG-00000870,STN_0046,Durham,2026-02-04 19:00:00,3018.9,14174.9,59.998,422.2,-29.7,30.7,181.9,Biomass,0.75,30.3,0.974,No,2026-05-11
RDG-00000871,STN_0100,Northern,2026-01-24 17:00:00,1104.3,12379.2,60.018,311.2,-25.3,12.3,774.2,Biomass,0.68,302.6,0.934,No,2026-01-12
RDG-00000872,STN_0017,Ottawa,2026-04-09 18:00:00,1441.5,9335.1,60.034,444.1,-10.3,18.3,852.6,Wind,0.79,19.3,0.978,No,2026-07-15
RDG-00000873,STN_0033,Waterloo,2026-05-09 17:00:00,3478.5,18401.1,60.003,330.0,34.3,19.8,240.8,Biomass,0.76,395.9,0.848,No,2026-06-21
RDG-00000874,STN_0015,GTA,2026-02-11 01:00:00,1766.9,18473.3,60.036,151.6,-13.0,42.0,762.9,Wind,0.78,203.9,0.987,Yes,2026-05-23
RDG-00000875,STN_0140,Hamilton,2026-05-12 14:00:00,2842.9,10659.6,59.982,358.8,-3.1,76.1,714.5,Biomass,0.26,234.3,0.823,No,2026-07-15
RDG-00000876,STN_0159,Waterloo,2026-05-05 11:00:00,1470.3,17807.7,59.999,277.5,-23.6,35.6,124.4,Hydro,0.93,425.0,0.827,No,2026-01-01
RDG-00000877,STN_0078,Ottawa,2026-04-19 05:00:00,1822.9,9552.2,59.996,362.9,-7.9,67.6,57.8,Nuclear,0.55,141.6,0.885,No,2026-01-27
RDG-00000878,STN_0043,Durham,2026-05-07 03:00:00,92.3,14641.2,60.039,170.8,-16.8,70.9,147.2,Gas,0.84,461.3,0.909,No,2026-03-29
RDG-00000879,STN_0054,Northern,2026-05-27 02:00:00,1436.2,12676.9,60.034,416.7,15.6,21.5,253.4,Biomass,0.56,348.3,0.844,No,2026-03-18
RDG-00000880,STN_0005,Hamilton,2026-02-05 03:00:00,2435.8,10187.3,60.007,136.8,2.4,69.4,195.0,Nuclear,0.61,27.6,0.937,Yes,2026-01-10
RDG-00000881,STN_0127,Central,2026-06-24 14:00:00,1871.5,9145.8,59.986,472.9,30.5,52.5,978.2,Biomass,0.62,217.8,0.989,No,2026-02-05
RDG-00000882,STN_0010,GTA,2026-04-07 16:00:00,1395.8,15890.5,59.999,481.2,3.2,42.7,802.4,Wind,0.78,334.0,0.874,No,2026-05-18
RDG-00000883,STN_0149,Eastern,2026-02-08 22:00:00,866.5,16581.8,60.042,368.1,-12.5,8.6,817.3,Gas,0.69,107.2,0.974,No,2026-01-05
RDG-00000884,STN_0103,Niagara,2026-02-11 14:00:00,3498.6,13799.7,59.951,199.1,6.1,55.4,80.8,Gas,0.41,385.4,0.803,No,2026-02-11
RDG-00000885,STN_0139,Southwestern,2026-07-10 20:00:00,1544.4,16137.7,59.984,394.7,-19.2,9.4,220.0,Wind,0.28,377.2,0.988,No,2026-01-24
RDG-00000886,STN_0084,Southwestern,2026-02-04 17:00:00,2705.8,9098.6,59.953,348.8,-5.1,52.3,741.2,Gas,0.88,39.1,0.936,No,2026-07-23
RDG-00000887,STN_0056,Niagara,2026-03-01 08:00:00,3446.0,13680.8,59.996,293.5,15.4,66.6,120.7,Hydro,0.69,473.9,0.941,No,2026-05-24
RDG-00000888,STN_0061,Northern,2026-07-22 23:00:00,1798.1,15090.4,60.042,131.7,9.5,66.6,444.7,Wind,0.59,137.3,0.988,No,2026-07-29
RDG-00000889,STN_0105,Hamilton,2026-06-07 21:00:00,3102.7,20255.6,60.034,300.4,21.1,20.4,554.6,Nuclear,0.5,79.7,0.87,No,2026-02-16
RDG-00000890,STN_0072,Ottawa,2026-06-24 18:00:00,2182.6,14510.1,60.0,222.4,30.5,8.2,993.9,Hydro,0.66,389.8,0.995,No,2026-02-02
RDG-00000891,STN_0063,Waterloo,2026-04-15 22:00:00,3061.0,23191.1,59.971,465.1,30.1,73.8,985.7,Nuclear,0.78,305.8,0.876,No,2026-02-12
RDG-00000892,STN_0140,Durham,2026-02-14 08:00:00,1251.3,9178.8,60.034,456.4,-22.2,56.1,892.1,Solar,0.84,371.1,0.945,No,2026-01-14
RDG-00000893,STN_0163,Eastern,2026-05-17 02:00:00,1219.8,11508.0,60.017,111.8,-20.6,70.9,921.7,Hydro,0.16,304.5,0.873,No,2026-02-08
RDG-00000894,STN_0088,Northern,2026-02-28 00:00:00,243.8,21651.7,60.033,161.9,-18.9,0.6,739.2,Gas,0.69,397.9,0.83,Yes,2026-05-06
RDG-00000895,STN_0199,Waterloo,2026-04-30 21:00:00,321.7,12117.0,59.981,477.7,-6.3,4.8,478.1,Gas,0.19,354.8,0.963,Yes,2026-06-16
RDG-00000896,STN_0124,Northern,2026-03-08 08:00:00,1879.4,15147.6,59.957,173.6,24.8,2.5,280.0,Nuclear,0.55,264.1,0.875,No,2026-06-23
RDG-00000897,STN_0020,Waterloo,2026-06-11 03:00:00,269.7,18410.0,60.013,310.6,4.1,11.8,543.7,Solar,0.33,113.8,0.838,No,2026-07-19
RDG-00000898,STN_0173,GTA,2026-06-08 23:00:00,52.8,22052.0,59.984,427.8,-13.5,37.6,467.9,Nuclear,0.47,305.6,0.849,No,2026-01-03
RDG-00000899,STN_0038,Durham,2026-05-03 14:00:00,1699.2,11352.8,60.037,314.2,22.7,66.5,226.8,Biomass,0.7,474.3,0.801,Yes,2026-02-22
RDG-00000900,STN_0108,Eastern,2026-02-05 10:00:00,1751.6,23015.8,59.972,191.1,15.6,40.3,911.3,Biomass,0.66,310.2,0.888,No,2026-03-25
RDG-00000901,STN_0041,Central,2026-05-28 03:00:00,1559.8,20856.8,60.023,498.8,0.9,56.1,469.5,Wind,0.77,37.7,0.917,Yes,2026-03-05
RDG-00000902,STN_0150,GTA,2026-05-07 21:00:00,2599.4,10651.6,59.988,149.6,17.0,50.3,903.4,Biomass,0.58,105.2,0.862,Yes,2026-06-10
RDG-00000903,STN_0050,Niagara,2026-03-18 07:00:00,2226.0,19038.7,60.011,342.5,34.7,4.4,215.2,Biomass,0.47,33.1,0.968,No,2026-05-13
RDG-00000904,STN_0078,GTA,2026-03-26 13:00:00,901.7,18395.9,60.003,271.4,16.4,72.1,752.0,Wind,0.35,491.0,0.914,Yes,2026-02-19
RDG-00000905,STN_0072,GTA,2026-05-05 11:00:00,3357.1,15808.5,60.043,335.3,-28.6,74.5,61.3,Hydro,0.3,152.5,0.883,Yes,2026-03-11
RDG-00000906,STN_0033,Hamilton,2026-02-27 11:00:00,2852.8,14664.2,60.01,427.1,-9.1,75.5,0.2,Nuclear,0.93,36.9,0.949,No,2026-04-15
RDG-00000907,STN_0083,Southwestern,2026-01-14 19:00:00,2214.2,12765.8,59.989,433.3,27.3,40.5,85.2,Hydro,0.51,205.9,0.843,No,2026-03-30
RDG-00000908,STN_0099,Niagara,2026-01-27 04:00:00,2077.7,17001.6,60.04,479.0,5.2,11.9,933.1,Nuclear,0.52,201.9,0.912,No,2026-04-01
RDG-00000909,STN_0102,Northern,2026-02-12 02:00:00,1544.0,19189.9,60.049,352.4,9.2,38.9,707.3,Biomass,0.43,215.0,0.929,No,2026-07-03
RDG-00000910,STN_0188,Ottawa,2026-02-27 08:00:00,1722.4,12463.9,60.004,418.4,16.5,49.3,113.5,Solar,0.72,451.1,0.889,Yes,2026-04-17
RDG-00000911,STN_0003,Hamilton,2026-07-02 22:00:00,304.5,9469.2,60.047,248.8,-18.7,16.1,586.4,Hydro,0.38,263.4,0.921,No,2026-01-15
RDG-00000912,STN_0161,Hamilton,2026-02-20 11:00:00,3100.0,16306.2,60.005,286.3,-16.9,17.2,113.7,Biomass,0.49,384.8,0.956,No,2026-06-14
RDG-00000913,STN_0018,Southwestern,2026-07-15 05:00:00,1339.2,8062.5,59.989,450.5,18.2,68.3,700.3,Gas,0.28,135.0,0.851,No,2026-06-23
RDG-00000914,STN_0032,Southwestern,2026-06-02 01:00:00,2029.1,15648.2,59.972,300.5,25.3,33.4,780.8,Hydro,0.78,42.0,0.879,No,2026-03-13
RDG-00000915,STN_0028,Waterloo,2026-01-06 16:00:00,870.9,15997.1,59.988,447.6,20.7,46.7,962.5,Biomass,0.62,172.8,0.842,No,2026-03-26
RDG-00000916,STN_0032,Hamilton,2026-03-07 09:00:00,266.9,21475.5,59.992,399.5,-12.7,26.4,602.2,Wind,0.89,215.6,0.923,No,2026-05-25
RDG-00000917,STN_0098,Southwestern,2026-05-26 11:00:00,2555.3,9856.2,60.028,238.5,16.3,71.7,26.7,Nuclear,0.67,479.0,0.903,No,2026-02-07
RDG-00000918,STN_0183,GTA,2026-01-21 04:00:00,2825.8,18232.2,60.0,198.9,-22.2,32.0,606.7,Gas,0.94,490.9,0.876,No,2026-03-11
RDG-00000919,STN_0026,Durham,2026-03-31 04:00:00,2044.9,23977.7,60.006,220.8,5.1,18.5,706.3,Hydro,0.46,8.4,0.846,No,2026-04-06
RDG-00000920,STN_0068,Central,2026-02-02 19:00:00,513.1,8645.6,60.034,289.1,-28.5,73.5,332.8,Gas,0.3,304.6,0.816,No,2026-02-18
RDG-00000921,STN_0167,Southwestern,2026-03-31 13:00:00,2890.9,18267.2,60.028,354.2,29.9,7.0,231.3,Biomass,0.31,267.5,0.971,No,2026-07-15
RDG-00000922,STN_0113,Central,2026-06-30 07:00:00,1507.2,13491.6,59.958,362.9,-6.0,70.9,442.0,Hydro,0.81,24.6,0.926,No,2026-01-28
RDG-00000923,STN_0054,Durham,2026-07-22 21:00:00,3312.1,13093.9,60.013,288.9,3.4,65.1,946.9,Gas,0.29,195.8,0.873,No,2026-06-17
RDG-00000924,STN_0108,Southwestern,2026-07-15 08:00:00,1694.4,23205.0,60.049,271.4,19.4,35.6,790.7,Wind,0.73,296.7,0.845,No,2026-07-06
RDG-00000925,STN_0191,Niagara,2026-06-17 10:00:00,2179.6,17724.8,59.962,140.5,19.4,64.0,527.0,Solar,0.92,401.8,0.823,No,2026-06-29
RDG-00000926,STN_0081,Hamilton,2026-02-24 18:00:00,724.7,16782.5,60.049,139.6,-10.6,17.7,721.2,Gas,0.16,236.4,0.889,No,2026-06-02
RDG-00000927,STN_0196,Southwestern,2026-04-09 14:00:00,866.7,22670.8,60.008,331.0,31.0,28.2,920.0,Hydro,0.8,406.5,0.962,No,2026-05-09
RDG-00000928,STN_0040,Northern,2026-06-21 07:00:00,633.5,16974.2,59.988,357.7,4.4,12.0,552.6,Nuclear,0.94,356.5,0.959,No,2026-06-29
RDG-00000929,STN_0154,GTA,2026-02-09 18:00:00,3385.8,13782.8,60.004,434.1,-23.4,26.7,583.2,Wind,0.46,34.2,0.908,No,2026-06-06
RDG-00000930,STN_0071,Hamilton,2026-04-22 21:00:00,1688.1,21375.6,59.998,307.8,28.0,26.9,206.1,Nuclear,0.16,492.2,0.953,Yes,2026-03-20
RDG-00000931,STN_0005,Southwestern,2026-02-10 22:00:00,258.0,23931.8,60.031,293.7,10.9,8.2,551.7,Nuclear,0.12,336.5,0.83,No,2026-01-06
RDG-00000932,STN_0021,Northern,2026-03-27 10:00:00,2453.9,8655.3,59.985,259.5,-25.6,61.4,321.9,Biomass,0.16,235.9,0.985,Yes,2026-07-19
RDG-00000933,STN_0074,Ottawa,2026-04-22 19:00:00,2520.9,21486.1,59.981,357.5,15.6,46.5,752.6,Hydro,0.75,296.6,0.839,No,2026-04-01
RDG-00000934,STN_0103,Waterloo,2026-07-07 21:00:00,958.3,13361.0,59.978,341.0,30.4,24.2,232.6,Biomass,0.68,102.7,0.926,No,2026-04-17
RDG-00000935,STN_0161,Ottawa,2026-05-12 20:00:00,1961.2,13406.5,59.992,117.0,-21.2,41.8,139.4,Nuclear,0.91,159.8,0.86,No,2026-04-11
RDG-00000936,STN_0187,GTA,2026-05-01 21:00:00,2482.3,16537.9,59.992,277.2,28.5,39.5,480.2,Biomass,0.79,252.2,0.864,No,2026-01-18
RDG-00000937,STN_0081,GTA,2026-06-20 14:00:00,3238.8,12048.0,60.04,391.0,7.7,67.7,307.6,Nuclear,0.87,180.0,0.984,No,2026-03-24
RDG-00000938,STN_0132,GTA,2026-03-03 22:00:00,2072.3,11549.3,60.031,161.5,-3.8,42.7,354.1,Solar,0.81,279.3,0.925,No,2026-03-11
RDG-00000939,STN_0080,Southwestern,2026-01-02 22:00:00,2488.3,12157.7,59.983,421.6,10.4,43.7,596.4,Solar,0.77,133.8,0.947,No,2026-01-07
RDG-00000940,STN_0142,Central,2026-03-12 11:00:00,665.1,8641.2,60.003,325.9,-6.5,50.8,573.3,Gas,0.45,287.4,0.875,Yes,2026-03-06
RDG-00000941,STN_0125,Northern,2026-03-13 20:00:00,139.6,17776.7,60.037,325.4,33.4,58.1,744.4,Gas,0.89,342.5,0.883,No,2026-01-16
RDG-00000942,STN_0040,Hamilton,2026-04-05 13:00:00,1072.7,21635.2,59.986,122.0,-15.8,61.7,485.0,Nuclear,0.34,464.5,0.945,No,2026-07-22
RDG-00000943,STN_0063,Hamilton,2026-01-28 05:00:00,3229.5,12902.1,60.043,314.4,-29.6,37.1,408.5,Nuclear,0.22,194.7,0.972,No,2026-05-25
RDG-00000944,STN_0005,Niagara,2026-05-21 08:00:00,69.4,24086.6,60.02,241.6,26.3,53.7,283.8,Solar,0.51,229.5,0.848,No,2026-05-25
RDG-00000945,STN_0037,Northern,2026-03-26 15:00:00,2808.3,24052.9,59.958,174.0,-6.2,61.7,866.5,Gas,0.77,349.7,0.833,Yes,2026-07-17
RDG-00000946,STN_0152,Northern,2026-06-08 08:00:00,629.8,18878.5,59.999,190.9,35.0,49.3,877.5,Wind,0.91,310.3,0.996,Yes,2026-07-23
RDG-00000947,STN_0111,Waterloo,2026-01-01 07:00:00,2129.9,12029.5,59.951,182.6,25.3,57.2,610.3,Biomass,0.63,379.7,0.913,No,2026-07-28
RDG-00000948,STN_0153,Southwestern,2026-07-16 17:00:00,2152.6,8672.0,60.045,118.2,-12.0,16.1,885.1,Gas,0.71,154.4,0.849,No,2026-04-22
RDG-00000949,STN_0050,Northern,2026-03-23 20:00:00,1030.5,13554.0,60.001,156.7,-27.9,74.0,825.6,Biomass,0.23,53.3,0.89,No,2026-05-19
RDG-00000950,STN_0097,Ottawa,2026-01-20 02:00:00,2589.6,22172.2,60.024,185.9,-18.7,68.7,527.6,Nuclear,0.87,210.7,0.979,No,2026-07-23
RDG-00000951,STN_0099,Waterloo,2026-07-18 10:00:00,2972.5,19056.7,60.027,203.3,25.6,36.5,572.5,Biomass,0.29,97.7,0.975,Yes,2026-03-29
RDG-00000952,STN_0185,Eastern,2026-04-09 06:00:00,150.6,14602.3,60.028,157.3,-13.5,59.0,527.2,Solar,0.3,183.8,0.864,No,2026-03-27
RDG-00000953,STN_0043,GTA,2026-07-09 22:00:00,1685.4,24796.4,60.019,346.8,13.5,58.6,94.1,Hydro,0.69,383.3,0.922,No,2026-02-04
RDG-00000954,STN_0026,Eastern,2026-06-11 11:00:00,2187.5,24060.0,60.013,304.8,-19.5,61.7,692.6,Nuclear,0.59,302.4,0.885,No,2026-05-03
RDG-00000955,STN_0010,Northern,2026-03-10 16:00:00,2396.8,14052.6,60.046,245.1,25.9,31.8,108.6,Solar,0.26,144.0,0.995,No,2026-03-25
RDG-00000956,STN_0151,GTA,2026-04-12 15:00:00,2408.4,8790.2,59.978,229.8,10.6,11.4,850.1,Hydro,0.92,422.1,0.876,No,2026-01-24
RDG-00000957,STN_0051,GTA,2026-01-03 16:00:00,1184.7,18972.4,59.994,422.6,0.5,74.2,81.2,Biomass,0.35,337.1,0.891,No,2026-07-14
RDG-00000958,STN_0082,Ottawa,2026-05-22 15:00:00,690.6,19767.0,60.02,137.5,13.5,25.5,897.1,Hydro,0.14,421.6,0.877,Yes,2026-01-16
RDG-00000959,STN_0015,Southwestern,2026-01-11 17:00:00,2342.1,12551.4,59.975,382.2,23.6,12.3,753.3,Solar,0.64,263.2,0.871,No,2026-02-22
RDG-00000960,STN_0077,Southwestern,2026-04-22 01:00:00,692.9,22734.7,59.985,141.9,-3.2,25.3,399.6,Wind,0.18,175.6,0.933,No,2026-04-25
RDG-00000961,STN_0115,Niagara,2026-02-23 15:00:00,1384.5,23872.0,59.985,212.3,-8.4,58.7,258.8,Gas,0.69,454.2,0.912,No,2026-02-12
RDG-00000962,STN_0161,GTA,2026-04-11 11:00:00,1494.0,19716.7,59.962,416.5,17.9,3.0,486.2,Hydro,0.4,378.7,0.962,No,2026-03-29
RDG-00000963,STN_0149,Durham,2026-06-14 04:00:00,2245.0,19848.2,59.986,353.5,30.6,21.2,673.9,Nuclear,0.11,29.2,0.877,No,2026-01-31
RDG-00000964,STN_0051,GTA,2026-06-27 15:00:00,3266.7,11759.3,60.022,294.2,23.9,55.3,801.4,Nuclear,0.67,339.5,0.836,No,2026-02-13
RDG-00000965,STN_0111,Central,2026-01-19 23:00:00,2136.7,13723.3,59.979,256.9,-0.6,1.6,87.2,Hydro,0.88,223.8,0.822,No,2026-02-09
RDG-00000966,STN_0079,Northern,2026-07-08 20:00:00,2905.9,17837.1,60.019,243.6,8.8,55.1,378.8,Nuclear,0.57,416.0,0.819,No,2026-05-20
RDG-00000967,STN_0064,Hamilton,2026-03-10 22:00:00,1001.6,20657.3,60.021,181.0,28.3,65.2,366.3,Nuclear,0.84,313.0,0.93,No,2026-07-10
RDG-00000968,STN_0155,Niagara,2026-03-18 21:00:00,1790.2,13312.0,60.0,393.3,30.3,75.1,257.8,Biomass,0.36,63.9,0.845,No,2026-05-27
RDG-00000969,STN_0104,Hamilton,2026-05-24 03:00:00,1506.7,10594.0,59.972,261.9,20.0,10.8,768.1,Hydro,0.83,223.8,0.988,No,2026-04-24
RDG-00000970,STN_0095,Durham,2026-04-01 20:00:00,3172.5,10847.7,59.992,168.9,-2.3,38.4,83.0,Solar,0.37,189.2,0.979,No,2026-05-21
RDG-00000971,STN_0161,Southwestern,2026-05-01 01:00:00,94.7,15533.4,59.973,301.9,-2.5,2.6,646.3,Solar,0.32,262.3,0.916,No,2026-01-19
RDG-00000972,STN_0009,Northern,2026-03-26 20:00:00,1424.1,8300.3,60.022,258.5,29.9,10.5,603.4,Solar,0.79,45.2,0.866,No,2026-06-19
RDG-00000973,STN_0177,Eastern,2026-04-21 14:00:00,1482.1,13263.4,60.014,469.0,-27.2,56.2,165.6,Nuclear,0.14,399.7,0.961,No,2026-01-16
RDG-00000974,STN_0102,Hamilton,2026-03-29 04:00:00,1177.5,21950.3,60.037,289.4,-18.9,22.2,915.6,Wind,0.9,89.1,0.949,Yes,2026-02-16
RDG-00000975,STN_0121,Central,2026-06-28 01:00:00,2611.7,10831.3,59.95,224.0,-28.7,4.1,667.4,Hydro,0.8,164.0,0.93,No,2026-03-17
RDG-00000976,STN_0079,Durham,2026-02-20 18:00:00,2542.2,21691.3,60.013,420.0,21.1,9.9,864.8,Wind,0.79,390.0,0.83,No,2026-04-30
RDG-00000977,STN_0077,Hamilton,2026-05-08 14:00:00,423.6,16449.4,60.022,393.2,-10.5,37.3,183.1,Nuclear,0.65,189.1,0.866,No,2026-04-26
RDG-00000978,STN_0051,Southwestern,2026-05-01 06:00:00,2837.0,13407.1,59.966,459.3,11.0,15.9,926.8,Solar,0.6,423.7,0.972,No,2026-06-24
RDG-00000979,STN_0025,Durham,2026-04-10 03:00:00,1668.5,8017.6,59.991,230.6,5.2,43.1,82.1,Solar,0.28,476.9,0.855,No,2026-06-19
RDG-00000980,STN_0200,GTA,2026-06-02 09:00:00,2438.4,20870.0,60.013,204.1,6.9,13.1,272.2,Wind,0.82,359.2,0.849,No,2026-07-03
RDG-00000981,STN_0018,Central,2026-03-04 09:00:00,2106.1,17303.7,59.989,472.6,-7.8,1.5,472.7,Wind,0.42,497.6,0.841,No,2026-03-14
RDG-00000982,STN_0105,Waterloo,2026-03-28 17:00:00,3259.1,9994.6,59.971,470.7,14.3,25.2,917.4,Biomass,0.52,261.8,0.968,No,2026-06-27
RDG-00000983,STN_0003,Northern,2026-01-08 08:00:00,1517.4,10349.6,59.952,146.5,4.9,42.2,152.6,Biomass,0.86,114.7,0.993,No,2026-03-20
RDG-00000984,STN_0154,Southwestern,2026-01-18 16:00:00,2379.2,9025.0,60.029,146.2,-7.3,8.3,787.5,Solar,0.95,184.4,0.87,No,2026-06-15
RDG-00000985,STN_0108,Hamilton,2026-03-12 15:00:00,2511.9,17443.3,59.978,490.8,-7.8,46.5,318.5,Hydro,0.59,155.4,0.945,No,2026-06-13
RDG-00000986,STN_0071,Southwestern,2026-02-19 14:00:00,2419.7,20862.4,59.983,245.2,-22.4,15.4,535.1,Solar,0.31,187.5,0.878,No,2026-04-15
RDG-00000987,STN_0098,Eastern,2026-06-29 10:00:00,3149.9,10557.6,59.989,154.4,22.7,52.8,129.8,Biomass,0.86,32.5,0.911,No,2026-06-15
RDG-00000988,STN_0063,Ottawa,2026-02-07 23:00:00,825.5,20547.3,59.957,155.3,-21.1,4.0,181.7,Hydro,0.13,101.2,0.908,No,2026-07-09
RDG-00000989,STN_0190,Eastern,2026-06-16 07:00:00,499.8,13986.4,59.992,226.1,2.4,47.3,178.4,Biomass,0.75,306.6,0.983,No,2026-06-13
RDG-00000990,STN_0118,Niagara,2026-07-07 14:00:00,62.8,20025.1,59.964,241.1,9.3,33.4,315.5,Nuclear,0.2,238.7,0.813,No,2026-04-23
RDG-00000991,STN_0010,Ottawa,2026-04-18 10:00:00,1627.6,21833.9,60.014,395.9,23.6,37.8,99.0,Biomass,0.75,430.8,0.994,No,2026-01-15
RDG-00000992,STN_0137,Waterloo,2026-06-29 16:00:00,1507.6,13803.1,59.982,409.9,-0.8,54.9,717.6,Nuclear,0.68,250.3,0.925,No,2026-07-15
RDG-00000993,STN_0062,Central,2026-07-11 05:00:00,3138.4,24047.8,59.96,472.0,2.1,50.8,914.1,Gas,0.14,391.2,0.981,No,2026-04-15
RDG-00000994,STN_0141,Durham,2026-02-20 22:00:00,140.2,23898.7,60.008,304.2,6.2,16.5,172.9,Gas,0.58,496.4,0.846,No,2026-06-08
RDG-00000995,STN_0191,Niagara,2026-04-26 19:00:00,260.8,17001.8,59.971,286.0,-1.4,17.1,637.4,Nuclear,0.32,479.9,0.89,No,2026-05-01
RDG-00000996,STN_0031,GTA,2026-03-24 07:00:00,1634.1,19541.8,60.039,363.9,26.2,33.5,604.6,Solar,0.85,369.5,0.996,No,2026-05-26
RDG-00000997,STN_0060,Durham,2026-01-18 06:00:00,1591.9,12035.7,59.976,274.1,-23.6,44.9,483.8,Gas,0.37,494.7,0.87,No,2026-03-09
RDG-00000998,STN_0131,GTA,2026-02-21 16:00:00,2827.7,9336.3,60.006,268.9,-6.5,28.6,140.7,Wind,0.93,321.3,0.9,No,2026-07-27
RDG-00000999,STN_0001,Northern,2026-02-02 12:00:00,1949.7,12073.5,59.953,424.8,16.7,32.0,898.5,Solar,0.42,75.4,0.832,No,2026-01-17
RDG-00001000,STN_0078,Hamilton,2026-05-11 23:00:00,1534.2,8175.4,60.04,241.9,8.1,27.9,868.6,Hydro,0.94,259.0,0.898,No,2026-06-01
