TRANSACTION_ID,BUSINESS_ENTITY_ID,ENTITY_NAME,BUSINESS_TYPE,SECTOR,REVENUE_AMOUNT,TAX_COLLECTED,TRANSACTION_DATE,FISCAL_QUARTER,REGION,EMPLOYEE_COUNT,ANNUAL_REVENUE_TIER,COMPLIANCE_STATUS,AUDIT_FLAG,BN_NUMBER,LAST_UPDATED
TXN-00000001,BIZ-00398,Ontario Business 255,Partnership,Healthcare,3160135.86,444477.36,2025-05-07,2026-01-01,Niagara,1546,<$1M,Compliant,Yes,934182985RC0001,2026-07-30
TXN-00000002,BIZ-00081,Ontario Business 359,Sole Proprietorship,Healthcare,2920108.03,261360.17,2024-02-29,2024-10-01,Central,2518,$25-100M,Compliant,No,647496393RC0001,2026-03-07
TXN-00000003,BIZ-00472,Ontario Business 150,Partnership,Education,2968978.01,183928.37,2026-02-18,2024-10-01,Southwestern,2526,<$1M,Under Review,Yes,645985360RC0001,2026-07-17
TXN-00000004,BIZ-00035,Ontario Business 444,Corporation,Manufacturing,4319869.0,411301.55,2024-10-05,2025-04-01,Hamilton,4880,$1-5M,Exempt,No,717073859RC0001,2026-01-24
TXN-00000005,BIZ-00368,Ontario Business 440,Partnership,Retail,4857074.13,591176.84,2025-08-12,2025-04-01,GTA,41,>$100M,Non-Compliant,No,464811314RC0001,2026-07-14
TXN-00000006,BIZ-00443,Ontario Business 279,Partnership,Education,1173903.02,630819.23,2025-08-16,2024-10-01,Southwestern,4591,>$100M,Exempt,Yes,791510993RC0001,2026-05-03
TXN-00000007,BIZ-00385,Ontario Business 125,Crown Corporation,Education,3330730.69,437855.3,2025-05-03,2025-10-01,Southwestern,4688,$25-100M,Under Review,No,670297470RC0001,2026-01-12
TXN-00000008,BIZ-00165,Ontario Business 128,Partnership,Finance,1753704.4,365930.54,2026-05-25,2026-01-01,Ottawa,3469,$1-5M,Exempt,No,574099867RC0001,2026-04-22
TXN-00000009,BIZ-00414,Ontario Business 235,Crown Corporation,Education,3471305.69,260240.57,2024-02-28,2024-07-01,Waterloo,988,>$100M,Under Review,No,275752032RC0001,2026-04-08
TXN-00000010,BIZ-00430,Ontario Business 130,Sole Proprietorship,Energy,2884752.23,421653.25,2024-08-03,2024-07-01,Hamilton,3566,>$100M,Exempt,Yes,670100342RC0001,2026-07-23
TXN-00000011,BIZ-00182,Ontario Business 216,Crown Corporation,Energy,2876234.36,17100.05,2025-01-18,2025-10-01,Eastern,4844,$25-100M,Exempt,Yes,810359596RC0001,2026-03-19
TXN-00000012,BIZ-00439,Ontario Business 143,Crown Corporation,Construction,4829896.61,595864.67,2024-04-23,2025-04-01,GTA,2912,$25-100M,Exempt,Yes,244707321RC0001,2026-04-04
TXN-00000013,BIZ-00488,Ontario Business 384,Corporation,Healthcare,1800516.32,625765.95,2024-09-19,2025-04-01,GTA,4410,$5-25M,Exempt,No,241933047RC0001,2026-04-05
TXN-00000014,BIZ-00200,Ontario Business 323,Sole Proprietorship,Construction,1292424.57,589204.2,2026-02-03,2025-04-01,Central,2758,$5-25M,Exempt,No,994905658RC0001,2026-07-12
TXN-00000015,BIZ-00345,Ontario Business 210,Sole Proprietorship,Manufacturing,4140549.13,448432.35,2024-07-07,2024-04-01,Central,217,>$100M,Non-Compliant,Yes,937891167RC0001,2026-01-03
TXN-00000016,BIZ-00352,Ontario Business 231,Sole Proprietorship,Construction,4642751.15,305649.94,2025-06-24,2024-10-01,Hamilton,3188,>$100M,Non-Compliant,No,164629850RC0001,2026-07-03
TXN-00000017,BIZ-00285,Ontario Business 298,Partnership,Finance,3677170.02,419359.6,2025-03-12,2025-10-01,GTA,1924,$25-100M,Exempt,Yes,946064672RC0001,2026-06-12
TXN-00000018,BIZ-00096,Ontario Business 399,Crown Corporation,Education,3407038.03,199120.18,2025-07-07,2024-10-01,Waterloo,2339,$1-5M,Non-Compliant,Yes,160809127RC0001,2026-05-04
TXN-00000019,BIZ-00309,Ontario Business 426,Crown Corporation,Healthcare,2162328.07,145634.82,2025-05-22,2026-01-01,Durham,2098,$1-5M,Non-Compliant,No,214000155RC0001,2026-04-18
TXN-00000020,BIZ-00148,Ontario Business 289,Corporation,Mining,559369.68,125559.74,2025-11-27,2025-10-01,Waterloo,2734,<$1M,Exempt,Yes,468408667RC0001,2026-06-05
TXN-00000021,BIZ-00091,Ontario Business 177,Corporation,Healthcare,1941597.45,48165.16,2025-03-13,2026-01-01,Durham,508,$25-100M,Under Review,Yes,157413841RC0001,2026-05-03
TXN-00000022,BIZ-00343,Ontario Business 24,Corporation,Agriculture,317497.67,140321.71,2026-05-20,2025-04-01,Waterloo,151,$1-5M,Under Review,No,421748591RC0001,2026-03-01
TXN-00000023,BIZ-00092,Ontario Business 426,Crown Corporation,Mining,4302430.54,114216.17,2026-03-09,2025-04-01,Waterloo,2306,<$1M,Compliant,Yes,848080170RC0001,2026-04-08
TXN-00000024,BIZ-00345,Ontario Business 296,Cooperative,Energy,4538225.17,398600.94,2024-04-30,2024-10-01,Waterloo,2462,$25-100M,Non-Compliant,Yes,365511959RC0001,2026-01-18
TXN-00000025,BIZ-00055,Ontario Business 278,Sole Proprietorship,Agriculture,2311275.67,389749.46,2024-04-06,2025-04-01,Niagara,2927,>$100M,Non-Compliant,Yes,188163861RC0001,2026-06-17
TXN-00000026,BIZ-00075,Ontario Business 15,Sole Proprietorship,Manufacturing,2814849.3,588864.63,2024-03-01,2025-07-01,Waterloo,3153,$25-100M,Exempt,No,265552744RC0001,2026-02-25
TXN-00000027,BIZ-00294,Ontario Business 486,Partnership,Manufacturing,2788564.44,135154.52,2025-05-08,2025-07-01,Southwestern,1303,>$100M,Non-Compliant,No,360206828RC0001,2026-05-02
TXN-00000028,BIZ-00369,Ontario Business 246,Sole Proprietorship,Retail,3139413.69,409483.24,2024-11-28,2024-04-01,Eastern,80,$1-5M,Exempt,No,948623470RC0001,2026-02-04
TXN-00000029,BIZ-00351,Ontario Business 406,Corporation,Construction,2877698.97,529132.37,2025-02-14,2024-10-01,Central,382,$5-25M,Non-Compliant,Yes,269587265RC0001,2026-04-19
TXN-00000030,BIZ-00228,Ontario Business 317,Non-Profit,Finance,1390325.91,547251.34,2025-10-10,2025-04-01,Durham,2016,$25-100M,Under Review,No,699524746RC0001,2026-07-03
TXN-00000031,BIZ-00237,Ontario Business 391,Cooperative,Construction,2946329.48,156461.05,2025-06-06,2025-04-01,Waterloo,650,$1-5M,Exempt,No,277963731RC0001,2026-05-10
TXN-00000032,BIZ-00250,Ontario Business 246,Partnership,Construction,3942474.99,249369.07,2025-09-23,2024-07-01,GTA,2414,<$1M,Exempt,No,856944771RC0001,2026-07-20
TXN-00000033,BIZ-00085,Ontario Business 306,Crown Corporation,Mining,4786031.42,247645.9,2024-07-06,2025-04-01,Ottawa,2595,$25-100M,Under Review,Yes,814811836RC0001,2026-05-12
TXN-00000034,BIZ-00026,Ontario Business 73,Corporation,Retail,101918.39,50462.71,2026-07-06,2024-04-01,Hamilton,838,>$100M,Compliant,Yes,739028634RC0001,2026-07-18
TXN-00000035,BIZ-00412,Ontario Business 144,Sole Proprietorship,Manufacturing,2282498.01,642447.2,2024-07-03,2025-10-01,Central,3587,>$100M,Compliant,No,766067658RC0001,2026-04-12
TXN-00000036,BIZ-00114,Ontario Business 410,Partnership,Energy,150791.04,378627.63,2025-01-13,2025-01-01,Ottawa,651,<$1M,Compliant,No,648851004RC0001,2026-03-19
TXN-00000037,BIZ-00190,Ontario Business 203,Crown Corporation,Manufacturing,4772005.01,59649.41,2024-08-12,2026-01-01,GTA,380,<$1M,Exempt,No,709055632RC0001,2026-02-18
TXN-00000038,BIZ-00048,Ontario Business 464,Crown Corporation,Energy,2074849.51,18146.85,2025-05-26,2025-01-01,GTA,1515,<$1M,Exempt,Yes,586559903RC0001,2026-02-24
TXN-00000039,BIZ-00121,Ontario Business 427,Non-Profit,Construction,4056613.09,428361.47,2024-03-26,2024-04-01,Ottawa,2371,>$100M,Under Review,No,268024205RC0001,2026-01-20
TXN-00000040,BIZ-00424,Ontario Business 410,Non-Profit,Mining,4264348.76,597578.55,2024-06-12,2025-04-01,GTA,1,$25-100M,Compliant,Yes,662874971RC0001,2026-04-08
TXN-00000041,BIZ-00172,Ontario Business 139,Cooperative,Mining,2132354.1,261918.71,2024-06-24,2025-07-01,Ottawa,2219,$1-5M,Non-Compliant,Yes,996079942RC0001,2026-03-12
TXN-00000042,BIZ-00425,Ontario Business 242,Corporation,Healthcare,4150421.46,462322.02,2024-02-01,2024-04-01,Southwestern,2777,<$1M,Compliant,No,901397942RC0001,2026-03-04
TXN-00000043,BIZ-00473,Ontario Business 36,Cooperative,Healthcare,2861300.79,213252.9,2026-07-22,2025-10-01,GTA,1238,$25-100M,Exempt,Yes,957745303RC0001,2026-06-29
TXN-00000044,BIZ-00442,Ontario Business 141,Crown Corporation,Construction,3035150.74,271198.8,2026-05-17,2025-07-01,Southwestern,4116,$5-25M,Exempt,Yes,440187448RC0001,2026-05-01
TXN-00000045,BIZ-00180,Ontario Business 5,Partnership,Finance,898132.34,260522.29,2024-09-24,2024-04-01,Niagara,4839,$5-25M,Exempt,Yes,937905591RC0001,2026-07-06
TXN-00000046,BIZ-00390,Ontario Business 252,Partnership,Retail,4399170.03,480200.69,2024-06-12,2026-01-01,Hamilton,896,<$1M,Non-Compliant,Yes,510902166RC0001,2026-01-15
TXN-00000047,BIZ-00189,Ontario Business 494,Non-Profit,Technology,4736304.1,368932.75,2025-11-18,2025-07-01,Central,4015,<$1M,Under Review,No,628178486RC0001,2026-07-08
TXN-00000048,BIZ-00281,Ontario Business 196,Partnership,Technology,1314003.33,477205.78,2024-04-03,2025-04-01,Southwestern,1126,>$100M,Non-Compliant,Yes,903931888RC0001,2026-04-14
TXN-00000049,BIZ-00253,Ontario Business 405,Cooperative,Technology,2650643.96,39474.25,2024-12-20,2024-04-01,Ottawa,2691,<$1M,Under Review,No,818420959RC0001,2026-05-12
TXN-00000050,BIZ-00337,Ontario Business 213,Sole Proprietorship,Education,2549729.26,570560.18,2025-03-30,2024-04-01,Southwestern,1172,$5-25M,Compliant,No,879127591RC0001,2026-05-25
TXN-00000051,BIZ-00341,Ontario Business 259,Corporation,Retail,750188.21,589237.17,2024-01-06,2026-01-01,Niagara,4416,<$1M,Exempt,Yes,147342673RC0001,2026-04-20
TXN-00000052,BIZ-00274,Ontario Business 40,Partnership,Manufacturing,2130252.88,374950.3,2024-06-06,2025-01-01,Waterloo,3830,$25-100M,Exempt,Yes,833548674RC0001,2026-01-13
TXN-00000053,BIZ-00161,Ontario Business 129,Corporation,Construction,3917357.31,209657.68,2024-01-30,2026-01-01,Niagara,114,<$1M,Exempt,No,913652429RC0001,2026-01-29
TXN-00000054,BIZ-00364,Ontario Business 381,Non-Profit,Technology,28216.1,291760.6,2025-04-29,2025-04-01,Northern,4153,$5-25M,Non-Compliant,No,590220559RC0001,2026-04-22
TXN-00000055,BIZ-00053,Ontario Business 272,Cooperative,Education,4604964.43,313493.9,2024-02-16,2025-10-01,Niagara,3999,$1-5M,Compliant,Yes,957254677RC0001,2026-07-31
TXN-00000056,BIZ-00091,Ontario Business 284,Sole Proprietorship,Retail,2931387.12,76346.44,2024-07-29,2024-04-01,Waterloo,1238,<$1M,Non-Compliant,Yes,585841409RC0001,2026-02-15
TXN-00000057,BIZ-00382,Ontario Business 187,Non-Profit,Construction,2674146.28,127661.74,2026-04-28,2026-01-01,Southwestern,446,>$100M,Compliant,Yes,837632762RC0001,2026-07-17
TXN-00000058,BIZ-00024,Ontario Business 177,Non-Profit,Mining,4042234.77,525305.93,2025-12-05,2026-01-01,Niagara,4841,>$100M,Compliant,Yes,289371709RC0001,2026-06-21
TXN-00000059,BIZ-00397,Ontario Business 85,Partnership,Education,3988188.93,39632.2,2024-08-09,2025-10-01,Ottawa,120,>$100M,Compliant,Yes,484051865RC0001,2026-05-06
TXN-00000060,BIZ-00422,Ontario Business 337,Corporation,Healthcare,4249663.0,568759.01,2024-06-21,2024-04-01,Niagara,1974,$25-100M,Compliant,Yes,499068598RC0001,2026-03-28
TXN-00000061,BIZ-00317,Ontario Business 181,Non-Profit,Healthcare,1590880.5,254487.13,2026-07-09,2025-10-01,Ottawa,3569,$25-100M,Under Review,No,964574801RC0001,2026-03-30
TXN-00000062,BIZ-00278,Ontario Business 441,Crown Corporation,Manufacturing,1929416.18,641470.09,2024-05-15,2025-07-01,Eastern,3078,>$100M,Exempt,Yes,254933856RC0001,2026-07-27
TXN-00000063,BIZ-00032,Ontario Business 317,Sole Proprietorship,Finance,1631808.55,179412.47,2024-02-17,2024-04-01,Niagara,2198,<$1M,Exempt,No,979803192RC0001,2026-02-22
TXN-00000064,BIZ-00422,Ontario Business 491,Cooperative,Agriculture,2490590.66,63075.87,2026-05-10,2025-01-01,Southwestern,961,<$1M,Compliant,Yes,569244092RC0001,2026-04-10
TXN-00000065,BIZ-00166,Ontario Business 277,Partnership,Agriculture,1436694.2,624098.78,2024-09-03,2025-01-01,GTA,48,$5-25M,Exempt,Yes,341747719RC0001,2026-06-29
TXN-00000066,BIZ-00416,Ontario Business 161,Cooperative,Education,7558.02,346939.94,2025-12-14,2026-01-01,GTA,3145,$5-25M,Under Review,No,500465977RC0001,2026-06-09
TXN-00000067,BIZ-00408,Ontario Business 3,Partnership,Retail,2337925.05,396929.66,2024-02-22,2025-07-01,Durham,1988,<$1M,Non-Compliant,No,115844356RC0001,2026-02-02
TXN-00000068,BIZ-00251,Ontario Business 336,Non-Profit,Mining,118980.45,551710.61,2025-03-11,2025-04-01,Central,931,$1-5M,Compliant,Yes,444286362RC0001,2026-06-11
TXN-00000069,BIZ-00408,Ontario Business 26,Corporation,Mining,2727550.03,618089.05,2026-07-26,2026-01-01,Central,2448,$25-100M,Under Review,Yes,681902843RC0001,2026-03-14
TXN-00000070,BIZ-00093,Ontario Business 249,Partnership,Technology,1914661.82,331887.74,2025-05-28,2025-07-01,GTA,3641,$1-5M,Non-Compliant,No,340191473RC0001,2026-02-17
TXN-00000071,BIZ-00007,Ontario Business 190,Cooperative,Finance,4810318.88,234537.4,2024-11-23,2025-07-01,GTA,960,$1-5M,Non-Compliant,Yes,371540755RC0001,2026-04-30
TXN-00000072,BIZ-00042,Ontario Business 48,Crown Corporation,Agriculture,2551213.65,437149.19,2026-03-04,2025-07-01,GTA,2961,<$1M,Under Review,Yes,669725641RC0001,2026-06-12
TXN-00000073,BIZ-00137,Ontario Business 45,Non-Profit,Technology,1794922.29,60273.0,2024-10-23,2024-07-01,Northern,181,<$1M,Exempt,No,778551464RC0001,2026-01-11
TXN-00000074,BIZ-00141,Ontario Business 377,Partnership,Healthcare,1656771.59,377352.15,2026-07-25,2025-01-01,Eastern,1262,$25-100M,Exempt,Yes,942451264RC0001,2026-07-18
TXN-00000075,BIZ-00196,Ontario Business 288,Non-Profit,Mining,1326876.7,147059.47,2025-04-21,2025-01-01,GTA,4648,$1-5M,Non-Compliant,Yes,318672854RC0001,2026-06-04
TXN-00000076,BIZ-00025,Ontario Business 193,Corporation,Energy,2064467.72,267512.85,2024-02-16,2026-01-01,Ottawa,1219,$5-25M,Compliant,Yes,612369902RC0001,2026-02-22
TXN-00000077,BIZ-00313,Ontario Business 433,Partnership,Mining,433656.25,419402.78,2025-07-02,2024-07-01,Waterloo,1818,$25-100M,Exempt,No,303681505RC0001,2026-04-21
TXN-00000078,BIZ-00153,Ontario Business 107,Crown Corporation,Energy,3390267.63,126803.72,2025-11-04,2025-04-01,Central,4884,$5-25M,Non-Compliant,No,692623167RC0001,2026-07-14
TXN-00000079,BIZ-00061,Ontario Business 189,Corporation,Agriculture,2918712.96,644952.23,2026-07-27,2025-04-01,Niagara,1907,<$1M,Exempt,No,541148363RC0001,2026-07-19
TXN-00000080,BIZ-00117,Ontario Business 123,Cooperative,Technology,644510.06,5191.84,2024-06-08,2025-01-01,Eastern,1819,>$100M,Under Review,Yes,810188601RC0001,2026-05-26
TXN-00000081,BIZ-00198,Ontario Business 3,Sole Proprietorship,Energy,136446.35,472110.84,2025-11-05,2024-10-01,Hamilton,133,$5-25M,Compliant,Yes,935598943RC0001,2026-03-21
TXN-00000082,BIZ-00126,Ontario Business 397,Non-Profit,Education,4644456.97,278739.02,2024-11-06,2026-01-01,GTA,4094,$1-5M,Exempt,Yes,892659943RC0001,2026-02-11
TXN-00000083,BIZ-00238,Ontario Business 162,Crown Corporation,Agriculture,3030269.16,619041.16,2024-07-26,2025-10-01,Durham,238,$5-25M,Under Review,No,307803427RC0001,2026-05-16
TXN-00000084,BIZ-00030,Ontario Business 432,Non-Profit,Agriculture,4880530.55,95787.33,2024-07-13,2024-04-01,Waterloo,3772,<$1M,Compliant,Yes,416329451RC0001,2026-04-29
TXN-00000085,BIZ-00256,Ontario Business 26,Cooperative,Construction,1810323.74,340412.38,2025-02-09,2024-10-01,Ottawa,27,>$100M,Exempt,Yes,533539378RC0001,2026-04-28
TXN-00000086,BIZ-00271,Ontario Business 479,Cooperative,Finance,2527926.46,422646.28,2026-06-19,2025-10-01,Durham,4703,$25-100M,Compliant,Yes,506305563RC0001,2026-07-18
TXN-00000087,BIZ-00453,Ontario Business 461,Crown Corporation,Agriculture,3404982.46,340374.38,2026-06-15,2024-10-01,Hamilton,4817,<$1M,Non-Compliant,Yes,496731875RC0001,2026-02-13
TXN-00000088,BIZ-00279,Ontario Business 345,Partnership,Education,1613304.29,603791.5,2025-03-08,2024-07-01,Hamilton,4889,$1-5M,Under Review,No,208300861RC0001,2026-06-20
TXN-00000089,BIZ-00313,Ontario Business 313,Crown Corporation,Mining,2214885.89,141091.74,2024-02-12,2024-04-01,Durham,1738,$5-25M,Compliant,No,878922249RC0001,2026-03-08
TXN-00000090,BIZ-00132,Ontario Business 466,Non-Profit,Construction,2755350.87,29037.49,2026-04-19,2025-04-01,Durham,2021,$1-5M,Non-Compliant,No,954608196RC0001,2026-03-23
TXN-00000091,BIZ-00277,Ontario Business 194,Cooperative,Construction,4580014.38,412397.58,2025-01-31,2024-04-01,Northern,819,$1-5M,Compliant,Yes,553502385RC0001,2026-06-30
TXN-00000092,BIZ-00217,Ontario Business 383,Cooperative,Education,1488924.87,208182.66,2025-10-17,2026-01-01,Southwestern,1824,<$1M,Exempt,Yes,854527196RC0001,2026-02-24
TXN-00000093,BIZ-00228,Ontario Business 269,Sole Proprietorship,Energy,3530487.56,546636.16,2025-03-25,2024-07-01,Northern,3427,>$100M,Exempt,Yes,408519434RC0001,2026-01-21
TXN-00000094,BIZ-00171,Ontario Business 403,Partnership,Construction,2703021.44,413828.73,2024-08-28,2026-01-01,Eastern,638,$5-25M,Under Review,Yes,613270405RC0001,2026-06-21
TXN-00000095,BIZ-00174,Ontario Business 199,Sole Proprietorship,Retail,2402888.37,391527.51,2026-01-09,2025-04-01,Eastern,1609,<$1M,Exempt,Yes,582736088RC0001,2026-02-27
TXN-00000096,BIZ-00370,Ontario Business 414,Corporation,Energy,3246750.96,400867.98,2025-02-22,2025-10-01,Northern,263,>$100M,Non-Compliant,Yes,573016706RC0001,2026-05-14
TXN-00000097,BIZ-00141,Ontario Business 367,Crown Corporation,Retail,4484499.96,496606.41,2024-12-06,2026-01-01,Hamilton,2411,$25-100M,Exempt,Yes,225460501RC0001,2026-06-03
TXN-00000098,BIZ-00315,Ontario Business 358,Crown Corporation,Agriculture,3311358.02,547640.32,2024-12-17,2024-10-01,Central,2815,$5-25M,Under Review,No,458737520RC0001,2026-05-24
TXN-00000099,BIZ-00404,Ontario Business 217,Crown Corporation,Construction,873443.42,116208.26,2025-09-13,2024-04-01,Hamilton,1328,$1-5M,Exempt,No,761308720RC0001,2026-03-11
TXN-00000100,BIZ-00023,Ontario Business 222,Cooperative,Technology,495366.8,642887.9,2024-09-23,2024-07-01,Eastern,4234,$1-5M,Exempt,Yes,698179716RC0001,2026-04-15
TXN-00000101,BIZ-00344,Ontario Business 276,Non-Profit,Manufacturing,4945121.63,400534.65,2026-04-02,2025-01-01,Durham,4963,>$100M,Exempt,Yes,266575256RC0001,2026-04-02
TXN-00000102,BIZ-00332,Ontario Business 452,Partnership,Education,3246267.95,480792.49,2024-07-10,2025-10-01,Niagara,712,<$1M,Under Review,No,531047336RC0001,2026-04-06
TXN-00000103,BIZ-00255,Ontario Business 138,Cooperative,Agriculture,259976.89,594053.8,2024-07-24,2026-01-01,Ottawa,2502,>$100M,Under Review,No,256399654RC0001,2026-05-04
TXN-00000104,BIZ-00119,Ontario Business 321,Partnership,Technology,3237988.06,20542.35,2026-01-17,2024-07-01,Northern,3506,$25-100M,Non-Compliant,No,783648084RC0001,2026-07-31
TXN-00000105,BIZ-00019,Ontario Business 300,Crown Corporation,Healthcare,1424430.74,509094.05,2025-08-03,2024-07-01,GTA,385,>$100M,Compliant,No,521151486RC0001,2026-04-02
TXN-00000106,BIZ-00428,Ontario Business 341,Non-Profit,Energy,1545219.26,612804.61,2026-01-07,2025-01-01,GTA,448,<$1M,Exempt,No,529644952RC0001,2026-02-03
TXN-00000107,BIZ-00336,Ontario Business 377,Crown Corporation,Retail,4311115.59,423065.36,2024-06-09,2024-04-01,Central,1482,$1-5M,Non-Compliant,No,837143541RC0001,2026-07-31
TXN-00000108,BIZ-00102,Ontario Business 29,Crown Corporation,Manufacturing,790071.54,267641.9,2025-02-10,2025-07-01,Niagara,4666,<$1M,Compliant,No,163477405RC0001,2026-06-10
TXN-00000109,BIZ-00273,Ontario Business 348,Cooperative,Education,3755285.13,42814.8,2024-04-30,2026-01-01,Ottawa,1749,$5-25M,Compliant,Yes,483969705RC0001,2026-01-09
TXN-00000110,BIZ-00487,Ontario Business 12,Crown Corporation,Retail,881542.32,636186.81,2025-03-06,2025-04-01,Eastern,2541,>$100M,Non-Compliant,No,463388114RC0001,2026-02-05
TXN-00000111,BIZ-00470,Ontario Business 221,Cooperative,Energy,305300.33,207990.53,2024-07-16,2025-04-01,Hamilton,4017,$5-25M,Compliant,Yes,541576419RC0001,2026-01-04
TXN-00000112,BIZ-00081,Ontario Business 261,Partnership,Mining,4386205.8,125040.62,2026-05-08,2026-01-01,Central,2943,>$100M,Exempt,No,705354207RC0001,2026-07-09
TXN-00000113,BIZ-00096,Ontario Business 31,Partnership,Healthcare,3365855.42,573054.29,2024-06-16,2024-10-01,Eastern,408,<$1M,Exempt,No,882257813RC0001,2026-03-01
TXN-00000114,BIZ-00011,Ontario Business 467,Cooperative,Manufacturing,3136264.23,647583.48,2025-09-09,2026-01-01,Hamilton,2288,$5-25M,Non-Compliant,Yes,344707164RC0001,2026-07-18
TXN-00000115,BIZ-00368,Ontario Business 500,Sole Proprietorship,Mining,3511415.11,224348.62,2025-04-12,2025-10-01,Hamilton,2314,<$1M,Non-Compliant,No,587928542RC0001,2026-02-03
TXN-00000116,BIZ-00135,Ontario Business 326,Cooperative,Education,3597139.58,593790.82,2025-05-07,2024-10-01,Durham,1730,$5-25M,Compliant,Yes,540311422RC0001,2026-04-26
TXN-00000117,BIZ-00322,Ontario Business 460,Cooperative,Healthcare,109894.2,387724.14,2025-03-28,2025-04-01,Southwestern,1424,>$100M,Under Review,Yes,170897020RC0001,2026-04-08
TXN-00000118,BIZ-00326,Ontario Business 133,Sole Proprietorship,Healthcare,644254.87,82408.16,2024-12-30,2025-07-01,Waterloo,3849,<$1M,Under Review,No,653748093RC0001,2026-06-01
TXN-00000119,BIZ-00037,Ontario Business 1,Partnership,Energy,2348392.68,372477.28,2024-03-31,2025-07-01,Durham,2139,$1-5M,Non-Compliant,No,506846325RC0001,2026-03-31
TXN-00000120,BIZ-00493,Ontario Business 60,Cooperative,Finance,4969507.55,144998.02,2024-07-28,2025-04-01,Southwestern,458,$25-100M,Compliant,Yes,544962872RC0001,2026-06-16
TXN-00000121,BIZ-00111,Ontario Business 37,Cooperative,Manufacturing,2955015.06,396767.24,2024-10-26,2025-01-01,Central,3685,>$100M,Non-Compliant,No,765051530RC0001,2026-01-06
TXN-00000122,BIZ-00381,Ontario Business 242,Sole Proprietorship,Healthcare,781077.94,106383.38,2025-10-14,2024-07-01,Ottawa,1495,$25-100M,Non-Compliant,Yes,201641562RC0001,2026-06-18
TXN-00000123,BIZ-00262,Ontario Business 41,Partnership,Retail,1313616.63,322311.34,2025-07-20,2025-01-01,Hamilton,3734,<$1M,Exempt,Yes,497200439RC0001,2026-01-08
TXN-00000124,BIZ-00228,Ontario Business 13,Non-Profit,Energy,4735062.73,469024.36,2025-10-15,2025-10-01,Northern,3153,$1-5M,Under Review,No,534504854RC0001,2026-02-15
TXN-00000125,BIZ-00478,Ontario Business 131,Cooperative,Manufacturing,650879.53,217628.17,2024-06-05,2024-04-01,Hamilton,4968,>$100M,Compliant,No,893184814RC0001,2026-05-06
TXN-00000126,BIZ-00021,Ontario Business 247,Non-Profit,Mining,4993734.45,482650.59,2025-10-18,2025-01-01,Hamilton,4951,>$100M,Exempt,No,812492019RC0001,2026-03-26
TXN-00000127,BIZ-00084,Ontario Business 359,Cooperative,Manufacturing,3101962.72,404152.93,2026-05-05,2025-01-01,Niagara,4635,<$1M,Non-Compliant,No,397545371RC0001,2026-03-10
TXN-00000128,BIZ-00056,Ontario Business 444,Cooperative,Mining,2727191.45,146022.65,2025-06-03,2025-07-01,Hamilton,4659,$1-5M,Under Review,No,968199093RC0001,2026-02-07
TXN-00000129,BIZ-00381,Ontario Business 310,Corporation,Healthcare,2097628.56,596668.67,2024-04-17,2025-07-01,Waterloo,4730,$5-25M,Under Review,No,405007298RC0001,2026-04-25
TXN-00000130,BIZ-00437,Ontario Business 411,Non-Profit,Construction,4788750.84,234790.11,2024-12-05,2025-01-01,Eastern,1678,<$1M,Exempt,Yes,176485751RC0001,2026-07-23
TXN-00000131,BIZ-00341,Ontario Business 110,Cooperative,Retail,4086595.23,214221.18,2025-01-27,2024-07-01,Waterloo,3466,<$1M,Exempt,No,487379468RC0001,2026-06-11
TXN-00000132,BIZ-00026,Ontario Business 73,Corporation,Technology,4009054.16,510853.66,2024-06-24,2026-01-01,Durham,3475,$5-25M,Non-Compliant,No,160560247RC0001,2026-07-16
TXN-00000133,BIZ-00003,Ontario Business 180,Corporation,Finance,4711545.53,147825.39,2026-07-08,2024-04-01,Niagara,1584,<$1M,Compliant,No,331676721RC0001,2026-05-07
TXN-00000134,BIZ-00428,Ontario Business 460,Crown Corporation,Mining,1041761.27,474646.94,2025-04-23,2024-10-01,Hamilton,2351,$25-100M,Under Review,Yes,524366621RC0001,2026-05-12
TXN-00000135,BIZ-00347,Ontario Business 313,Crown Corporation,Energy,972979.56,49954.43,2026-06-21,2025-07-01,Northern,2132,$1-5M,Exempt,Yes,804728670RC0001,2026-01-07
TXN-00000136,BIZ-00228,Ontario Business 167,Crown Corporation,Mining,964883.28,63157.03,2026-05-31,2025-04-01,Southwestern,4987,$5-25M,Compliant,No,808411421RC0001,2026-03-11
TXN-00000137,BIZ-00162,Ontario Business 497,Cooperative,Mining,4856016.6,493862.22,2025-10-29,2025-10-01,Northern,2153,$1-5M,Non-Compliant,Yes,717078759RC0001,2026-07-03
TXN-00000138,BIZ-00425,Ontario Business 73,Crown Corporation,Construction,4706324.81,48493.22,2024-12-29,2026-01-01,Eastern,3392,>$100M,Non-Compliant,Yes,794771922RC0001,2026-04-24
TXN-00000139,BIZ-00031,Ontario Business 165,Cooperative,Healthcare,4478600.22,101520.04,2024-03-31,2024-07-01,GTA,1569,<$1M,Exempt,No,240209359RC0001,2026-01-05
TXN-00000140,BIZ-00245,Ontario Business 182,Non-Profit,Healthcare,1370170.07,538653.63,2025-01-17,2025-10-01,Niagara,633,>$100M,Exempt,No,881896711RC0001,2026-04-28
TXN-00000141,BIZ-00352,Ontario Business 193,Corporation,Healthcare,3599882.37,35579.48,2024-10-03,2025-01-01,Southwestern,13,<$1M,Compliant,Yes,521133748RC0001,2026-06-17
TXN-00000142,BIZ-00191,Ontario Business 176,Crown Corporation,Education,3472233.49,299988.5,2025-03-05,2025-10-01,Central,3752,$1-5M,Under Review,No,615067743RC0001,2026-03-19
TXN-00000143,BIZ-00043,Ontario Business 392,Corporation,Energy,14571.29,337821.87,2025-09-21,2024-04-01,Northern,1977,$1-5M,Compliant,No,557655769RC0001,2026-07-14
TXN-00000144,BIZ-00360,Ontario Business 96,Corporation,Retail,3515165.62,413740.48,2026-06-03,2025-10-01,Ottawa,3074,$5-25M,Under Review,No,335931082RC0001,2026-07-22
TXN-00000145,BIZ-00007,Ontario Business 165,Sole Proprietorship,Retail,825412.43,387707.5,2025-05-17,2024-07-01,Niagara,1221,>$100M,Under Review,Yes,717939405RC0001,2026-07-25
TXN-00000146,BIZ-00333,Ontario Business 194,Corporation,Energy,4338410.86,311403.97,2026-05-29,2024-04-01,Niagara,3262,<$1M,Exempt,Yes,336495673RC0001,2026-04-21
TXN-00000147,BIZ-00434,Ontario Business 446,Crown Corporation,Technology,1658971.5,38186.69,2024-05-01,2024-07-01,Hamilton,4704,$25-100M,Exempt,No,824489056RC0001,2026-02-21
TXN-00000148,BIZ-00054,Ontario Business 305,Non-Profit,Retail,2062630.34,21078.43,2025-09-28,2025-10-01,GTA,4502,$25-100M,Non-Compliant,No,988411055RC0001,2026-01-18
TXN-00000149,BIZ-00442,Ontario Business 77,Sole Proprietorship,Mining,4314236.76,332375.55,2024-01-19,2026-01-01,Durham,4236,$5-25M,Exempt,No,704715527RC0001,2026-05-19
TXN-00000150,BIZ-00261,Ontario Business 465,Non-Profit,Finance,1280570.0,140995.87,2024-12-22,2025-10-01,Durham,3209,>$100M,Exempt,Yes,579953541RC0001,2026-03-06
TXN-00000151,BIZ-00472,Ontario Business 258,Sole Proprietorship,Manufacturing,62038.7,506595.66,2024-02-06,2026-01-01,Ottawa,2658,$5-25M,Exempt,No,733947425RC0001,2026-04-01
TXN-00000152,BIZ-00009,Ontario Business 60,Sole Proprietorship,Manufacturing,1923837.13,557646.21,2026-01-14,2024-07-01,Ottawa,2684,$25-100M,Exempt,Yes,397451598RC0001,2026-01-05
TXN-00000153,BIZ-00275,Ontario Business 82,Non-Profit,Finance,4737296.51,489045.01,2025-02-19,2025-04-01,Waterloo,976,$1-5M,Exempt,Yes,551122303RC0001,2026-07-22
TXN-00000154,BIZ-00167,Ontario Business 29,Non-Profit,Retail,3350869.27,109069.11,2026-04-09,2025-01-01,Ottawa,3062,>$100M,Exempt,Yes,603781974RC0001,2026-05-18
TXN-00000155,BIZ-00044,Ontario Business 408,Sole Proprietorship,Healthcare,4410051.28,539308.06,2024-03-05,2025-07-01,Ottawa,4200,<$1M,Under Review,No,966669656RC0001,2026-05-29
TXN-00000156,BIZ-00412,Ontario Business 12,Corporation,Retail,4513618.51,386232.48,2024-11-07,2025-10-01,Southwestern,2306,>$100M,Non-Compliant,Yes,926767639RC0001,2026-03-30
TXN-00000157,BIZ-00350,Ontario Business 413,Non-Profit,Healthcare,1643718.62,393190.76,2024-08-16,2025-04-01,Northern,4052,>$100M,Compliant,Yes,768135778RC0001,2026-06-25
TXN-00000158,BIZ-00083,Ontario Business 223,Non-Profit,Mining,272681.59,405397.72,2026-05-14,2025-10-01,GTA,3464,>$100M,Compliant,No,431035358RC0001,2026-01-21
TXN-00000159,BIZ-00220,Ontario Business 459,Cooperative,Education,4355563.23,252741.62,2024-04-15,2026-01-01,Hamilton,1247,>$100M,Non-Compliant,Yes,102103065RC0001,2026-04-15
TXN-00000160,BIZ-00455,Ontario Business 444,Crown Corporation,Technology,2786042.71,19466.45,2026-01-28,2025-07-01,Durham,1259,$5-25M,Compliant,No,769022935RC0001,2026-06-15
TXN-00000161,BIZ-00246,Ontario Business 249,Cooperative,Mining,4874873.3,209561.78,2025-05-10,2024-10-01,Southwestern,56,<$1M,Under Review,Yes,311844893RC0001,2026-01-22
TXN-00000162,BIZ-00188,Ontario Business 34,Cooperative,Agriculture,4324368.4,60127.36,2024-12-21,2025-10-01,Northern,1248,$5-25M,Non-Compliant,No,550268175RC0001,2026-03-09
TXN-00000163,BIZ-00331,Ontario Business 492,Corporation,Mining,1353133.19,627426.02,2024-12-20,2025-01-01,Northern,2973,<$1M,Compliant,Yes,110761375RC0001,2026-02-04
TXN-00000164,BIZ-00441,Ontario Business 441,Crown Corporation,Manufacturing,1062046.67,605978.73,2026-05-05,2024-10-01,Northern,3630,$25-100M,Exempt,Yes,670697855RC0001,2026-03-25
TXN-00000165,BIZ-00296,Ontario Business 157,Cooperative,Finance,2113799.0,112079.97,2025-09-23,2025-07-01,Central,2163,$1-5M,Non-Compliant,No,677896927RC0001,2026-07-21
TXN-00000166,BIZ-00094,Ontario Business 47,Sole Proprietorship,Agriculture,3168310.14,76261.2,2024-11-16,2025-07-01,Hamilton,3322,>$100M,Non-Compliant,Yes,821769645RC0001,2026-04-05
TXN-00000167,BIZ-00446,Ontario Business 499,Corporation,Manufacturing,3113199.15,495849.62,2025-01-06,2025-07-01,Eastern,1287,$1-5M,Exempt,No,114951539RC0001,2026-05-10
TXN-00000168,BIZ-00389,Ontario Business 111,Non-Profit,Construction,1211824.19,300903.29,2026-07-07,2024-10-01,Central,1226,$1-5M,Under Review,No,352036715RC0001,2026-03-06
TXN-00000169,BIZ-00358,Ontario Business 75,Corporation,Manufacturing,2845122.17,518512.67,2025-05-09,2025-10-01,Central,3582,$1-5M,Compliant,No,311825865RC0001,2026-02-27
TXN-00000170,BIZ-00192,Ontario Business 10,Corporation,Education,3547578.58,556860.03,2024-11-29,2025-07-01,Durham,363,$5-25M,Under Review,No,144739762RC0001,2026-05-02
TXN-00000171,BIZ-00440,Ontario Business 348,Non-Profit,Finance,2597439.57,121749.54,2026-01-22,2025-07-01,Durham,3611,$1-5M,Under Review,No,125016097RC0001,2026-07-16
TXN-00000172,BIZ-00220,Ontario Business 449,Sole Proprietorship,Energy,4344799.85,618639.74,2026-01-11,2025-01-01,Niagara,160,>$100M,Compliant,No,478021761RC0001,2026-05-18
TXN-00000173,BIZ-00069,Ontario Business 424,Cooperative,Finance,2090907.59,491250.54,2025-12-24,2024-07-01,Niagara,3770,$5-25M,Compliant,Yes,190577803RC0001,2026-04-05
TXN-00000174,BIZ-00102,Ontario Business 436,Sole Proprietorship,Construction,3736577.79,642334.54,2024-08-08,2025-04-01,Ottawa,2340,$25-100M,Exempt,No,912951102RC0001,2026-04-08
TXN-00000175,BIZ-00436,Ontario Business 358,Non-Profit,Agriculture,3483275.63,273987.13,2026-01-23,2026-01-01,Ottawa,1937,$25-100M,Exempt,Yes,663729185RC0001,2026-01-08
TXN-00000176,BIZ-00442,Ontario Business 415,Cooperative,Energy,1241616.65,119883.78,2025-08-20,2024-07-01,Northern,1230,$1-5M,Exempt,No,586298637RC0001,2026-06-26
TXN-00000177,BIZ-00383,Ontario Business 187,Sole Proprietorship,Construction,3960709.26,252859.86,2026-04-05,2025-04-01,Central,933,$1-5M,Non-Compliant,No,266094054RC0001,2026-02-13
TXN-00000178,BIZ-00079,Ontario Business 7,Non-Profit,Manufacturing,3924845.44,501569.65,2026-05-01,2025-04-01,Southwestern,1078,>$100M,Exempt,Yes,325162693RC0001,2026-05-13
TXN-00000179,BIZ-00030,Ontario Business 230,Corporation,Agriculture,3389204.98,612728.23,2024-02-15,2025-10-01,Waterloo,4855,$1-5M,Non-Compliant,No,179712958RC0001,2026-01-10
TXN-00000180,BIZ-00487,Ontario Business 197,Cooperative,Agriculture,999205.48,468315.13,2025-09-23,2024-10-01,Ottawa,3123,$1-5M,Exempt,Yes,428703399RC0001,2026-06-27
TXN-00000181,BIZ-00095,Ontario Business 249,Non-Profit,Energy,3505792.02,516765.66,2024-04-18,2024-04-01,Eastern,3454,$1-5M,Compliant,No,504375402RC0001,2026-06-03
TXN-00000182,BIZ-00171,Ontario Business 334,Cooperative,Education,4564664.88,205454.41,2024-02-05,2025-10-01,Waterloo,2459,<$1M,Under Review,Yes,442635132RC0001,2026-02-13
TXN-00000183,BIZ-00281,Ontario Business 271,Non-Profit,Mining,2912588.52,515858.65,2024-01-02,2025-10-01,GTA,4304,<$1M,Compliant,Yes,594339784RC0001,2026-01-26
TXN-00000184,BIZ-00145,Ontario Business 306,Cooperative,Finance,4570520.38,132898.99,2025-02-13,2024-04-01,Eastern,3392,>$100M,Compliant,No,699524873RC0001,2026-06-19
TXN-00000185,BIZ-00259,Ontario Business 147,Partnership,Retail,1047891.48,541243.08,2024-05-17,2024-07-01,Eastern,1424,$25-100M,Exempt,No,547404483RC0001,2026-02-24
TXN-00000186,BIZ-00443,Ontario Business 287,Sole Proprietorship,Healthcare,3575801.3,49442.37,2025-05-31,2024-04-01,Southwestern,1909,>$100M,Non-Compliant,Yes,150097727RC0001,2026-07-17
TXN-00000187,BIZ-00303,Ontario Business 241,Non-Profit,Construction,1647921.13,501406.27,2025-06-08,2025-04-01,Northern,961,>$100M,Compliant,Yes,170552039RC0001,2026-07-27
TXN-00000188,BIZ-00270,Ontario Business 435,Cooperative,Construction,1397088.29,108068.97,2024-04-03,2025-01-01,Ottawa,1008,$1-5M,Exempt,No,764772245RC0001,2026-06-27
TXN-00000189,BIZ-00226,Ontario Business 159,Crown Corporation,Technology,1086800.25,85331.3,2024-08-05,2024-07-01,Northern,592,$25-100M,Compliant,No,944552919RC0001,2026-07-12
TXN-00000190,BIZ-00009,Ontario Business 158,Sole Proprietorship,Manufacturing,4343445.22,321105.11,2024-11-18,2024-07-01,Ottawa,4367,$5-25M,Under Review,Yes,545071391RC0001,2026-02-25
TXN-00000191,BIZ-00013,Ontario Business 439,Partnership,Healthcare,1905893.35,84774.33,2025-04-09,2024-10-01,Niagara,733,>$100M,Compliant,Yes,717181323RC0001,2026-03-30
TXN-00000192,BIZ-00116,Ontario Business 50,Corporation,Technology,4867890.3,536652.82,2025-04-15,2024-10-01,Central,528,$1-5M,Exempt,Yes,267612240RC0001,2026-02-19
TXN-00000193,BIZ-00279,Ontario Business 334,Corporation,Healthcare,1077430.1,291763.85,2024-02-02,2024-10-01,GTA,4635,>$100M,Compliant,No,105245433RC0001,2026-01-20
TXN-00000194,BIZ-00444,Ontario Business 469,Partnership,Education,3081037.36,53629.18,2025-12-22,2025-01-01,Niagara,294,$25-100M,Exempt,Yes,627129311RC0001,2026-02-10
TXN-00000195,BIZ-00019,Ontario Business 324,Cooperative,Retail,1822942.76,452500.68,2025-08-08,2024-04-01,Niagara,1677,$5-25M,Under Review,Yes,322059766RC0001,2026-04-03
TXN-00000196,BIZ-00014,Ontario Business 58,Crown Corporation,Finance,2106643.46,211615.54,2024-03-10,2024-04-01,Southwestern,4721,$5-25M,Exempt,Yes,621140116RC0001,2026-03-04
TXN-00000197,BIZ-00019,Ontario Business 450,Partnership,Healthcare,4050869.66,615951.58,2024-04-12,2025-01-01,Eastern,1029,<$1M,Exempt,No,317985137RC0001,2026-01-15
TXN-00000198,BIZ-00443,Ontario Business 443,Non-Profit,Finance,1467788.79,178.33,2024-11-12,2024-07-01,Eastern,2769,>$100M,Exempt,No,462316968RC0001,2026-03-03
TXN-00000199,BIZ-00122,Ontario Business 289,Corporation,Manufacturing,3976989.86,146514.53,2025-06-13,2025-07-01,Hamilton,2277,$1-5M,Under Review,Yes,731407355RC0001,2026-03-23
TXN-00000200,BIZ-00448,Ontario Business 259,Corporation,Technology,139294.85,359248.15,2024-04-14,2025-10-01,Northern,3090,$25-100M,Non-Compliant,Yes,199345608RC0001,2026-07-02
TXN-00000201,BIZ-00159,Ontario Business 221,Non-Profit,Manufacturing,3242279.28,174266.71,2025-01-06,2024-04-01,GTA,1845,>$100M,Non-Compliant,No,487357041RC0001,2026-05-11
TXN-00000202,BIZ-00367,Ontario Business 346,Cooperative,Retail,1943161.99,482903.97,2025-10-20,2024-10-01,GTA,801,>$100M,Compliant,Yes,250801268RC0001,2026-02-24
TXN-00000203,BIZ-00087,Ontario Business 2,Corporation,Education,4887711.23,68443.88,2025-06-18,2024-04-01,Niagara,130,>$100M,Compliant,No,922096457RC0001,2026-03-31
TXN-00000204,BIZ-00017,Ontario Business 234,Partnership,Healthcare,4595782.55,482961.03,2024-06-14,2025-10-01,Hamilton,3877,$5-25M,Compliant,No,530829973RC0001,2026-01-25
TXN-00000205,BIZ-00454,Ontario Business 201,Cooperative,Finance,3309721.11,437898.24,2026-07-18,2025-04-01,Eastern,4949,$25-100M,Non-Compliant,No,677599303RC0001,2026-07-10
TXN-00000206,BIZ-00446,Ontario Business 326,Non-Profit,Construction,3923135.08,107117.53,2024-05-25,2024-04-01,Southwestern,4553,$25-100M,Compliant,Yes,989492949RC0001,2026-02-28
TXN-00000207,BIZ-00197,Ontario Business 401,Cooperative,Energy,1138184.72,317177.38,2026-02-09,2025-04-01,Ottawa,2069,$5-25M,Under Review,No,223477745RC0001,2026-06-25
TXN-00000208,BIZ-00465,Ontario Business 299,Crown Corporation,Retail,1686241.72,41970.79,2024-10-30,2025-07-01,Waterloo,3017,$5-25M,Compliant,Yes,153408467RC0001,2026-02-07
TXN-00000209,BIZ-00322,Ontario Business 317,Corporation,Education,3594776.74,227624.74,2025-04-26,2025-01-01,Central,3480,$5-25M,Under Review,No,838656514RC0001,2026-02-05
TXN-00000210,BIZ-00304,Ontario Business 131,Sole Proprietorship,Education,3146310.15,24809.92,2026-03-13,2024-04-01,Waterloo,4266,$1-5M,Non-Compliant,No,160866685RC0001,2026-06-15
TXN-00000211,BIZ-00268,Ontario Business 60,Partnership,Education,3325405.59,287325.25,2024-06-03,2025-01-01,Niagara,50,$25-100M,Non-Compliant,Yes,628264131RC0001,2026-01-16
TXN-00000212,BIZ-00402,Ontario Business 220,Corporation,Finance,868129.53,110452.83,2024-11-26,2025-01-01,Ottawa,1542,$5-25M,Compliant,No,552326145RC0001,2026-02-17
TXN-00000213,BIZ-00096,Ontario Business 280,Corporation,Mining,1732793.8,601975.74,2025-05-18,2025-07-01,Southwestern,259,<$1M,Exempt,Yes,582250796RC0001,2026-06-07
TXN-00000214,BIZ-00019,Ontario Business 180,Non-Profit,Retail,2772782.81,359955.82,2025-04-01,2025-01-01,Waterloo,1673,$1-5M,Exempt,Yes,128239636RC0001,2026-07-14
TXN-00000215,BIZ-00470,Ontario Business 492,Non-Profit,Finance,4006963.11,275192.79,2025-11-07,2025-07-01,Niagara,894,$1-5M,Compliant,No,405900106RC0001,2026-04-09
TXN-00000216,BIZ-00143,Ontario Business 370,Crown Corporation,Construction,1880742.46,301352.25,2026-04-16,2025-07-01,Niagara,1390,$5-25M,Compliant,No,479021796RC0001,2026-01-15
TXN-00000217,BIZ-00382,Ontario Business 349,Corporation,Retail,1239818.86,639731.46,2025-08-10,2024-10-01,Central,3839,<$1M,Under Review,No,228640738RC0001,2026-01-03
TXN-00000218,BIZ-00074,Ontario Business 267,Partnership,Energy,3823785.18,69683.77,2024-09-01,2024-10-01,Central,2733,$1-5M,Compliant,Yes,299348566RC0001,2026-06-22
TXN-00000219,BIZ-00445,Ontario Business 372,Non-Profit,Education,1687400.37,366916.0,2025-07-03,2024-07-01,Waterloo,4335,<$1M,Non-Compliant,Yes,669172701RC0001,2026-02-22
TXN-00000220,BIZ-00415,Ontario Business 310,Corporation,Energy,974613.89,630996.0,2025-05-15,2025-01-01,GTA,4435,$1-5M,Compliant,Yes,703456239RC0001,2026-05-15
TXN-00000221,BIZ-00149,Ontario Business 10,Corporation,Education,3187095.8,301600.52,2025-02-15,2024-10-01,Ottawa,4766,<$1M,Compliant,No,113638583RC0001,2026-05-06
TXN-00000222,BIZ-00452,Ontario Business 52,Non-Profit,Construction,175984.04,230161.68,2025-05-11,2025-04-01,Southwestern,2854,$5-25M,Compliant,No,734686273RC0001,2026-01-30
TXN-00000223,BIZ-00456,Ontario Business 159,Sole Proprietorship,Agriculture,2273534.85,282148.77,2024-07-31,2025-04-01,Eastern,954,$5-25M,Non-Compliant,No,631866203RC0001,2026-04-19
TXN-00000224,BIZ-00312,Ontario Business 162,Non-Profit,Construction,3125033.73,366121.2,2024-07-03,2025-10-01,Eastern,1345,$25-100M,Under Review,Yes,383973697RC0001,2026-02-28
TXN-00000225,BIZ-00251,Ontario Business 388,Corporation,Manufacturing,3382271.15,412591.73,2024-03-21,2024-04-01,Central,3352,$25-100M,Non-Compliant,Yes,385142345RC0001,2026-01-17
TXN-00000226,BIZ-00351,Ontario Business 120,Partnership,Manufacturing,106264.99,291470.44,2025-06-14,2025-01-01,Northern,4730,>$100M,Exempt,No,970439177RC0001,2026-06-27
TXN-00000227,BIZ-00281,Ontario Business 44,Cooperative,Education,167933.3,230309.18,2026-01-08,2024-07-01,Waterloo,847,$25-100M,Compliant,Yes,830904829RC0001,2026-03-10
TXN-00000228,BIZ-00096,Ontario Business 444,Sole Proprietorship,Education,3747014.12,286989.64,2026-01-16,2025-01-01,Hamilton,2043,>$100M,Compliant,Yes,333919806RC0001,2026-01-20
TXN-00000229,BIZ-00270,Ontario Business 135,Sole Proprietorship,Retail,376279.38,223963.4,2025-11-21,2026-01-01,Ottawa,3584,>$100M,Under Review,No,233503907RC0001,2026-01-17
TXN-00000230,BIZ-00056,Ontario Business 380,Partnership,Construction,1909378.39,582938.66,2024-01-26,2026-01-01,Eastern,2092,$25-100M,Exempt,Yes,887037543RC0001,2026-03-30
TXN-00000231,BIZ-00160,Ontario Business 62,Partnership,Energy,4658769.36,515796.64,2025-03-03,2025-04-01,Hamilton,1590,<$1M,Compliant,No,649600944RC0001,2026-05-17
TXN-00000232,BIZ-00168,Ontario Business 304,Sole Proprietorship,Education,2012715.2,307774.81,2026-01-13,2024-04-01,GTA,4469,>$100M,Non-Compliant,Yes,689289762RC0001,2026-02-19
TXN-00000233,BIZ-00024,Ontario Business 64,Partnership,Agriculture,3339810.86,308102.23,2026-01-23,2024-07-01,Niagara,3060,$25-100M,Compliant,Yes,827808779RC0001,2026-07-22
TXN-00000234,BIZ-00484,Ontario Business 136,Corporation,Agriculture,3419253.26,24631.9,2025-11-18,2024-10-01,Southwestern,2330,$25-100M,Under Review,Yes,564103758RC0001,2026-01-17
TXN-00000235,BIZ-00240,Ontario Business 106,Partnership,Education,170887.46,610580.53,2025-07-12,2026-01-01,Eastern,3555,$1-5M,Compliant,No,705562889RC0001,2026-02-19
TXN-00000236,BIZ-00354,Ontario Business 48,Non-Profit,Healthcare,950736.07,592093.17,2026-02-20,2024-10-01,Waterloo,1651,>$100M,Compliant,No,464388115RC0001,2026-01-02
TXN-00000237,BIZ-00333,Ontario Business 118,Corporation,Agriculture,3935785.64,149483.98,2025-08-04,2024-07-01,Ottawa,3292,$5-25M,Exempt,No,373881207RC0001,2026-05-29
TXN-00000238,BIZ-00095,Ontario Business 372,Crown Corporation,Manufacturing,2804762.3,633020.37,2025-07-22,2024-07-01,Eastern,1916,$25-100M,Under Review,Yes,782522550RC0001,2026-05-05
TXN-00000239,BIZ-00415,Ontario Business 357,Non-Profit,Healthcare,2791770.54,236519.78,2026-07-08,2025-01-01,Waterloo,1519,$5-25M,Under Review,Yes,287804238RC0001,2026-01-23
TXN-00000240,BIZ-00103,Ontario Business 204,Crown Corporation,Healthcare,2041037.08,423616.13,2024-09-07,2025-04-01,Ottawa,3880,>$100M,Exempt,No,114323006RC0001,2026-02-09
TXN-00000241,BIZ-00262,Ontario Business 253,Partnership,Mining,4970497.13,306902.79,2025-02-27,2025-04-01,Durham,4169,<$1M,Compliant,No,846072768RC0001,2026-01-08
TXN-00000242,BIZ-00128,Ontario Business 301,Corporation,Education,2404379.68,48541.81,2025-06-27,2025-01-01,Hamilton,4994,$1-5M,Non-Compliant,Yes,912643129RC0001,2026-01-15
TXN-00000243,BIZ-00398,Ontario Business 285,Sole Proprietorship,Finance,3935948.84,420096.56,2025-06-13,2024-07-01,Southwestern,3488,>$100M,Non-Compliant,Yes,737335704RC0001,2026-03-23
TXN-00000244,BIZ-00126,Ontario Business 424,Crown Corporation,Mining,2583397.01,96704.21,2026-03-05,2024-10-01,GTA,3594,$1-5M,Non-Compliant,No,206443179RC0001,2026-06-23
TXN-00000245,BIZ-00044,Ontario Business 175,Crown Corporation,Finance,1156763.48,33885.58,2025-12-12,2025-10-01,Hamilton,4527,<$1M,Compliant,No,514159386RC0001,2026-05-06
TXN-00000246,BIZ-00020,Ontario Business 44,Partnership,Healthcare,4243958.96,364927.69,2024-01-01,2025-04-01,Southwestern,3585,<$1M,Under Review,Yes,703272429RC0001,2026-02-21
TXN-00000247,BIZ-00388,Ontario Business 215,Sole Proprietorship,Retail,2742946.31,199990.14,2024-12-03,2025-10-01,Northern,1754,$25-100M,Exempt,Yes,615017335RC0001,2026-02-26
TXN-00000248,BIZ-00412,Ontario Business 411,Sole Proprietorship,Construction,2296500.55,264757.23,2025-12-21,2025-10-01,Eastern,2719,<$1M,Under Review,No,698430434RC0001,2026-05-26
TXN-00000249,BIZ-00441,Ontario Business 299,Corporation,Education,1799309.1,308489.04,2024-03-17,2025-10-01,Waterloo,4496,$5-25M,Under Review,No,534506901RC0001,2026-07-01
TXN-00000250,BIZ-00125,Ontario Business 346,Sole Proprietorship,Construction,3706945.34,541331.52,2025-03-02,2024-07-01,Durham,2232,$5-25M,Under Review,No,617384907RC0001,2026-04-26
TXN-00000251,BIZ-00247,Ontario Business 366,Crown Corporation,Agriculture,1811595.81,89848.66,2025-09-16,2025-04-01,Central,4138,$1-5M,Exempt,Yes,675228263RC0001,2026-06-24
TXN-00000252,BIZ-00476,Ontario Business 412,Non-Profit,Manufacturing,2199618.4,202904.33,2026-06-16,2024-10-01,Eastern,3092,<$1M,Non-Compliant,Yes,388485676RC0001,2026-03-10
TXN-00000253,BIZ-00167,Ontario Business 3,Sole Proprietorship,Energy,4163188.65,253520.62,2025-10-17,2024-04-01,Northern,988,$25-100M,Under Review,No,947700659RC0001,2026-05-31
TXN-00000254,BIZ-00285,Ontario Business 280,Corporation,Education,3795360.69,470162.54,2024-08-27,2026-01-01,Niagara,1707,$1-5M,Non-Compliant,Yes,339222667RC0001,2026-07-22
TXN-00000255,BIZ-00261,Ontario Business 420,Cooperative,Technology,1520797.08,319101.3,2024-04-02,2024-10-01,Niagara,4497,<$1M,Exempt,No,442546784RC0001,2026-01-31
TXN-00000256,BIZ-00008,Ontario Business 269,Crown Corporation,Healthcare,3073979.06,385872.26,2026-07-28,2024-04-01,Hamilton,4116,$1-5M,Under Review,Yes,352233735RC0001,2026-02-02
TXN-00000257,BIZ-00319,Ontario Business 156,Corporation,Finance,3381560.52,516342.44,2025-08-25,2025-04-01,Northern,2941,<$1M,Compliant,No,501021314RC0001,2026-04-25
TXN-00000258,BIZ-00187,Ontario Business 187,Partnership,Construction,1507101.83,245779.52,2025-10-11,2024-10-01,Durham,584,<$1M,Exempt,Yes,942045850RC0001,2026-03-29
TXN-00000259,BIZ-00202,Ontario Business 31,Partnership,Energy,2394745.98,340238.77,2025-10-02,2025-04-01,Ottawa,417,>$100M,Exempt,Yes,936242304RC0001,2026-01-08
TXN-00000260,BIZ-00383,Ontario Business 221,Crown Corporation,Healthcare,2040693.19,632962.36,2025-11-21,2024-07-01,Central,1587,<$1M,Exempt,No,535804966RC0001,2026-01-06
TXN-00000261,BIZ-00412,Ontario Business 355,Sole Proprietorship,Retail,1460063.88,243503.97,2025-09-07,2026-01-01,Waterloo,749,>$100M,Compliant,No,328623452RC0001,2026-02-28
TXN-00000262,BIZ-00389,Ontario Business 354,Crown Corporation,Mining,4875601.36,213358.64,2024-12-06,2025-07-01,Southwestern,3222,<$1M,Exempt,Yes,388108357RC0001,2026-07-18
TXN-00000263,BIZ-00093,Ontario Business 214,Corporation,Energy,972586.3,566210.44,2025-07-13,2024-10-01,Southwestern,4981,>$100M,Exempt,No,504979614RC0001,2026-07-05
TXN-00000264,BIZ-00026,Ontario Business 280,Cooperative,Healthcare,2569953.59,492593.19,2025-06-13,2024-04-01,Southwestern,885,$5-25M,Compliant,Yes,549936571RC0001,2026-02-27
TXN-00000265,BIZ-00481,Ontario Business 157,Non-Profit,Construction,1301245.12,68533.21,2026-04-01,2025-10-01,Ottawa,4619,$1-5M,Exempt,Yes,276862100RC0001,2026-02-10
TXN-00000266,BIZ-00336,Ontario Business 381,Non-Profit,Manufacturing,4395990.13,390469.28,2025-12-05,2025-04-01,Southwestern,1765,<$1M,Under Review,Yes,949415925RC0001,2026-02-20
TXN-00000267,BIZ-00141,Ontario Business 436,Cooperative,Energy,1652464.06,285748.1,2025-09-17,2024-04-01,GTA,3895,$1-5M,Non-Compliant,No,515926371RC0001,2026-07-20
TXN-00000268,BIZ-00437,Ontario Business 437,Non-Profit,Construction,656468.82,162276.9,2025-01-25,2025-01-01,Niagara,2855,$25-100M,Under Review,No,849247738RC0001,2026-01-19
TXN-00000269,BIZ-00332,Ontario Business 349,Partnership,Healthcare,4824602.74,34288.7,2024-04-11,2025-01-01,Niagara,3979,$25-100M,Exempt,No,622494537RC0001,2026-06-05
TXN-00000270,BIZ-00185,Ontario Business 412,Non-Profit,Manufacturing,3717168.26,467711.67,2024-05-15,2025-04-01,Waterloo,3138,$25-100M,Under Review,No,185432420RC0001,2026-05-31
TXN-00000271,BIZ-00216,Ontario Business 242,Partnership,Energy,3897540.25,378745.4,2024-05-01,2024-10-01,GTA,4955,$5-25M,Non-Compliant,No,819424186RC0001,2026-01-07
TXN-00000272,BIZ-00473,Ontario Business 84,Non-Profit,Mining,4417123.37,180661.95,2024-11-01,2025-01-01,Durham,4329,$1-5M,Exempt,No,533450549RC0001,2026-05-27
TXN-00000273,BIZ-00143,Ontario Business 490,Corporation,Manufacturing,3375780.1,251534.53,2024-10-03,2025-10-01,Durham,4951,>$100M,Exempt,Yes,657660908RC0001,2026-07-16
TXN-00000274,BIZ-00246,Ontario Business 266,Crown Corporation,Manufacturing,2824660.65,51260.07,2024-10-31,2024-07-01,Durham,1961,$5-25M,Compliant,No,754880270RC0001,2026-01-14
TXN-00000275,BIZ-00352,Ontario Business 145,Partnership,Retail,2332857.52,121148.86,2024-02-24,2026-01-01,Northern,2968,$5-25M,Non-Compliant,No,879904172RC0001,2026-02-08
TXN-00000276,BIZ-00246,Ontario Business 288,Crown Corporation,Healthcare,305500.96,217196.4,2025-04-16,2024-10-01,Durham,3894,$5-25M,Compliant,No,441026611RC0001,2026-01-24
TXN-00000277,BIZ-00447,Ontario Business 315,Sole Proprietorship,Mining,620408.85,164232.67,2026-03-27,2024-04-01,Eastern,3677,>$100M,Under Review,Yes,345229455RC0001,2026-03-22
TXN-00000278,BIZ-00212,Ontario Business 268,Non-Profit,Mining,3446497.51,439409.36,2024-01-20,2025-07-01,Durham,4054,$25-100M,Exempt,Yes,872642369RC0001,2026-05-01
TXN-00000279,BIZ-00184,Ontario Business 16,Corporation,Manufacturing,2879020.98,437058.3,2024-08-08,2024-10-01,Central,3226,$25-100M,Exempt,No,930214668RC0001,2026-06-23
TXN-00000280,BIZ-00415,Ontario Business 202,Sole Proprietorship,Healthcare,3815607.13,311533.34,2025-05-08,2024-07-01,Durham,3304,$1-5M,Exempt,No,885032493RC0001,2026-04-23
TXN-00000281,BIZ-00377,Ontario Business 392,Non-Profit,Education,350938.55,586333.56,2026-03-25,2025-01-01,Durham,3214,$1-5M,Compliant,Yes,111113955RC0001,2026-02-20
TXN-00000282,BIZ-00073,Ontario Business 382,Crown Corporation,Finance,1515928.15,532539.48,2025-06-12,2025-10-01,Southwestern,224,>$100M,Non-Compliant,No,525746077RC0001,2026-04-04
TXN-00000283,BIZ-00415,Ontario Business 423,Partnership,Mining,2433068.58,19801.81,2024-11-16,2025-01-01,Niagara,2433,$5-25M,Under Review,No,704673291RC0001,2026-06-16
TXN-00000284,BIZ-00173,Ontario Business 148,Corporation,Finance,545577.11,302353.85,2024-06-23,2024-04-01,Durham,258,<$1M,Under Review,Yes,373441600RC0001,2026-05-10
TXN-00000285,BIZ-00084,Ontario Business 273,Corporation,Technology,3949492.9,383034.85,2026-04-22,2024-04-01,Central,2017,$25-100M,Non-Compliant,Yes,410134604RC0001,2026-06-12
TXN-00000286,BIZ-00182,Ontario Business 205,Non-Profit,Education,3095337.86,389174.58,2024-02-09,2024-07-01,Waterloo,1388,$1-5M,Under Review,Yes,943568350RC0001,2026-03-22
TXN-00000287,BIZ-00069,Ontario Business 413,Partnership,Technology,4748025.77,580032.95,2024-05-05,2025-07-01,Hamilton,2680,>$100M,Non-Compliant,Yes,596250785RC0001,2026-04-19
TXN-00000288,BIZ-00265,Ontario Business 214,Corporation,Finance,2402393.97,529230.68,2026-01-15,2025-01-01,Eastern,1854,$1-5M,Non-Compliant,No,760943985RC0001,2026-03-21
TXN-00000289,BIZ-00464,Ontario Business 80,Corporation,Healthcare,2757503.17,166797.83,2024-11-24,2026-01-01,Niagara,3099,<$1M,Exempt,Yes,717704371RC0001,2026-08-01
TXN-00000290,BIZ-00468,Ontario Business 367,Partnership,Technology,3657056.98,182944.13,2024-01-15,2025-01-01,Ottawa,4380,$5-25M,Compliant,No,363843937RC0001,2026-06-21
TXN-00000291,BIZ-00093,Ontario Business 327,Crown Corporation,Energy,4132094.93,137846.56,2025-10-11,2025-10-01,Central,2966,$5-25M,Exempt,Yes,236874660RC0001,2026-07-29
TXN-00000292,BIZ-00338,Ontario Business 410,Corporation,Manufacturing,3804457.62,352113.83,2026-01-25,2025-10-01,Hamilton,1422,$25-100M,Non-Compliant,No,824631938RC0001,2026-01-14
TXN-00000293,BIZ-00039,Ontario Business 447,Non-Profit,Agriculture,3088643.65,458513.98,2025-06-06,2024-07-01,Southwestern,1722,$5-25M,Under Review,No,975426875RC0001,2026-06-13
TXN-00000294,BIZ-00135,Ontario Business 423,Sole Proprietorship,Energy,3148321.69,626604.12,2025-03-16,2024-10-01,Durham,3464,<$1M,Exempt,Yes,997313665RC0001,2026-07-14
TXN-00000295,BIZ-00128,Ontario Business 401,Non-Profit,Retail,4844203.08,295557.67,2024-12-07,2024-07-01,Eastern,2108,<$1M,Exempt,No,764042453RC0001,2026-01-23
TXN-00000296,BIZ-00258,Ontario Business 446,Cooperative,Energy,93262.44,454251.9,2025-07-02,2024-10-01,Southwestern,425,$5-25M,Non-Compliant,No,548467522RC0001,2026-07-02
TXN-00000297,BIZ-00180,Ontario Business 40,Sole Proprietorship,Technology,2008182.41,15102.05,2025-10-04,2025-10-01,Ottawa,785,>$100M,Non-Compliant,No,334639250RC0001,2026-06-13
TXN-00000298,BIZ-00226,Ontario Business 80,Partnership,Manufacturing,3953577.43,150899.36,2024-11-19,2025-04-01,Niagara,2535,$1-5M,Non-Compliant,No,995420722RC0001,2026-07-14
TXN-00000299,BIZ-00066,Ontario Business 281,Corporation,Energy,1271622.12,11060.55,2025-08-21,2024-10-01,Eastern,881,>$100M,Non-Compliant,Yes,606992345RC0001,2026-05-24
TXN-00000300,BIZ-00255,Ontario Business 125,Corporation,Energy,3423017.12,378230.74,2026-05-19,2024-04-01,Eastern,2225,$1-5M,Under Review,Yes,517006625RC0001,2026-02-06
TXN-00000301,BIZ-00013,Ontario Business 458,Partnership,Energy,3845093.15,239062.22,2024-12-20,2025-10-01,Northern,4137,$5-25M,Exempt,No,512919874RC0001,2026-07-23
TXN-00000302,BIZ-00177,Ontario Business 376,Crown Corporation,Agriculture,3457521.65,542312.36,2026-04-09,2025-01-01,Waterloo,1991,>$100M,Non-Compliant,Yes,176923038RC0001,2026-01-08
TXN-00000303,BIZ-00297,Ontario Business 350,Partnership,Healthcare,4855491.69,328029.2,2024-12-27,2026-01-01,Durham,3604,>$100M,Under Review,Yes,828912840RC0001,2026-05-25
TXN-00000304,BIZ-00175,Ontario Business 247,Sole Proprietorship,Agriculture,1212002.76,289759.01,2024-07-22,2024-04-01,Ottawa,4595,>$100M,Exempt,No,777705668RC0001,2026-06-14
TXN-00000305,BIZ-00302,Ontario Business 439,Cooperative,Agriculture,1462759.62,491341.34,2025-10-12,2024-04-01,Hamilton,2395,$5-25M,Exempt,Yes,818670790RC0001,2026-03-23
TXN-00000306,BIZ-00348,Ontario Business 383,Crown Corporation,Construction,18717.66,136058.34,2024-06-09,2026-01-01,Ottawa,4377,>$100M,Exempt,No,658782822RC0001,2026-04-26
TXN-00000307,BIZ-00422,Ontario Business 169,Corporation,Mining,2761280.47,20808.63,2024-05-15,2024-04-01,Hamilton,2797,$1-5M,Compliant,No,529914371RC0001,2026-07-23
TXN-00000308,BIZ-00458,Ontario Business 300,Corporation,Construction,4904380.47,135381.32,2024-01-22,2025-10-01,Southwestern,4367,$5-25M,Exempt,No,304164862RC0001,2026-06-07
TXN-00000309,BIZ-00086,Ontario Business 22,Sole Proprietorship,Retail,3145973.96,166084.63,2026-07-06,2025-04-01,GTA,3914,$1-5M,Compliant,No,186658006RC0001,2026-05-19
TXN-00000310,BIZ-00335,Ontario Business 320,Cooperative,Technology,604842.23,117650.22,2026-02-14,2025-01-01,Niagara,4001,$1-5M,Compliant,No,763985852RC0001,2026-07-26
TXN-00000311,BIZ-00323,Ontario Business 130,Sole Proprietorship,Education,413688.74,415140.18,2025-02-05,2025-10-01,Niagara,2250,$25-100M,Compliant,Yes,624752605RC0001,2026-06-27
TXN-00000312,BIZ-00294,Ontario Business 113,Partnership,Finance,2215395.09,273252.99,2024-05-18,2024-04-01,Durham,2032,<$1M,Under Review,Yes,799456448RC0001,2026-01-02
TXN-00000313,BIZ-00039,Ontario Business 378,Crown Corporation,Healthcare,3178060.25,341226.95,2024-07-01,2024-07-01,Central,1298,>$100M,Compliant,Yes,628594415RC0001,2026-03-17
TXN-00000314,BIZ-00036,Ontario Business 414,Cooperative,Education,4381522.48,462401.15,2024-10-01,2025-01-01,GTA,4505,$25-100M,Compliant,No,259308220RC0001,2026-05-23
TXN-00000315,BIZ-00439,Ontario Business 340,Sole Proprietorship,Healthcare,1989710.56,91277.73,2024-05-13,2025-04-01,Niagara,2066,$5-25M,Exempt,Yes,140949029RC0001,2026-04-08
TXN-00000316,BIZ-00025,Ontario Business 405,Crown Corporation,Technology,2150863.06,623608.28,2024-08-30,2026-01-01,Hamilton,4329,>$100M,Under Review,Yes,374487831RC0001,2026-02-01
TXN-00000317,BIZ-00279,Ontario Business 61,Corporation,Technology,2296199.24,524126.75,2024-01-27,2025-04-01,Hamilton,4367,<$1M,Compliant,Yes,589733841RC0001,2026-01-16
TXN-00000318,BIZ-00377,Ontario Business 177,Crown Corporation,Retail,2325288.14,565445.01,2025-03-14,2025-07-01,Durham,3035,$25-100M,Non-Compliant,No,736262989RC0001,2026-01-06
TXN-00000319,BIZ-00454,Ontario Business 116,Cooperative,Manufacturing,1992927.27,299813.17,2026-01-15,2025-07-01,Waterloo,2290,$25-100M,Compliant,Yes,978685557RC0001,2026-05-30
TXN-00000320,BIZ-00390,Ontario Business 317,Cooperative,Mining,2920293.45,406816.88,2026-01-30,2026-01-01,Durham,2314,>$100M,Exempt,No,274198525RC0001,2026-02-25
TXN-00000321,BIZ-00395,Ontario Business 23,Non-Profit,Technology,1445773.16,545631.93,2024-07-17,2025-04-01,Eastern,204,$5-25M,Under Review,Yes,945600346RC0001,2026-04-29
TXN-00000322,BIZ-00435,Ontario Business 17,Corporation,Technology,770420.0,619429.43,2025-04-24,2025-07-01,Central,2146,$25-100M,Non-Compliant,Yes,972349799RC0001,2026-07-01
TXN-00000323,BIZ-00398,Ontario Business 316,Crown Corporation,Retail,3949720.95,58175.21,2025-03-10,2025-01-01,Durham,1143,$5-25M,Compliant,Yes,605845388RC0001,2026-07-29
TXN-00000324,BIZ-00073,Ontario Business 420,Cooperative,Manufacturing,264437.28,547762.47,2024-12-23,2024-10-01,Ottawa,3889,$1-5M,Exempt,Yes,835681868RC0001,2026-03-05
TXN-00000325,BIZ-00444,Ontario Business 15,Non-Profit,Technology,3914065.18,486668.36,2024-09-21,2024-04-01,Durham,4224,$25-100M,Compliant,Yes,278526912RC0001,2026-07-17
TXN-00000326,BIZ-00189,Ontario Business 258,Corporation,Retail,1523436.2,571844.29,2024-03-02,2025-10-01,Central,3805,$25-100M,Under Review,Yes,207292195RC0001,2026-02-04
TXN-00000327,BIZ-00228,Ontario Business 55,Cooperative,Education,2583145.17,614.05,2025-06-27,2024-07-01,Hamilton,3405,$25-100M,Under Review,No,238185691RC0001,2026-01-22
TXN-00000328,BIZ-00171,Ontario Business 78,Crown Corporation,Construction,1010680.56,424779.44,2024-04-27,2024-07-01,GTA,3703,<$1M,Exempt,No,664766256RC0001,2026-06-15
TXN-00000329,BIZ-00222,Ontario Business 141,Crown Corporation,Retail,505148.46,307281.27,2024-08-28,2025-07-01,Waterloo,2547,$25-100M,Non-Compliant,Yes,782681373RC0001,2026-04-30
TXN-00000330,BIZ-00150,Ontario Business 96,Partnership,Finance,1588224.66,288823.2,2025-01-23,2026-01-01,Hamilton,1812,>$100M,Non-Compliant,Yes,516643223RC0001,2026-06-10
TXN-00000331,BIZ-00462,Ontario Business 198,Corporation,Manufacturing,3625994.93,633209.54,2025-10-28,2025-01-01,Hamilton,247,<$1M,Non-Compliant,Yes,760388473RC0001,2026-04-01
TXN-00000332,BIZ-00365,Ontario Business 331,Corporation,Construction,3980312.91,526985.61,2024-12-25,2024-07-01,Waterloo,4997,$25-100M,Under Review,Yes,340085147RC0001,2026-01-15
TXN-00000333,BIZ-00334,Ontario Business 158,Crown Corporation,Construction,755585.21,466554.11,2025-03-04,2024-07-01,Ottawa,2961,>$100M,Non-Compliant,Yes,347072212RC0001,2026-07-25
TXN-00000334,BIZ-00399,Ontario Business 259,Partnership,Healthcare,1968337.84,600652.55,2025-11-30,2024-04-01,Niagara,1518,>$100M,Compliant,No,872707059RC0001,2026-06-28
TXN-00000335,BIZ-00374,Ontario Business 210,Crown Corporation,Technology,3308535.5,514541.73,2024-07-16,2024-04-01,Waterloo,4384,<$1M,Non-Compliant,Yes,786018413RC0001,2026-05-14
TXN-00000336,BIZ-00111,Ontario Business 135,Sole Proprietorship,Retail,4078558.33,133220.78,2024-09-12,2025-07-01,Niagara,4321,<$1M,Exempt,No,760932261RC0001,2026-06-11
TXN-00000337,BIZ-00471,Ontario Business 388,Sole Proprietorship,Retail,2436721.64,191686.23,2025-12-19,2025-04-01,Ottawa,3477,$25-100M,Exempt,Yes,201294961RC0001,2026-07-24
TXN-00000338,BIZ-00275,Ontario Business 252,Cooperative,Retail,1207824.24,401240.48,2024-10-19,2026-01-01,Southwestern,1069,>$100M,Under Review,Yes,519660558RC0001,2026-05-16
TXN-00000339,BIZ-00121,Ontario Business 374,Partnership,Agriculture,2415610.35,392662.42,2025-10-15,2024-10-01,Waterloo,2750,<$1M,Exempt,Yes,701457291RC0001,2026-07-01
TXN-00000340,BIZ-00302,Ontario Business 21,Non-Profit,Retail,1742898.42,342086.16,2024-06-07,2025-10-01,Northern,3589,$25-100M,Under Review,Yes,209605580RC0001,2026-02-17
TXN-00000341,BIZ-00173,Ontario Business 267,Corporation,Finance,3352349.52,618150.8,2025-07-27,2026-01-01,Niagara,3297,$1-5M,Non-Compliant,Yes,374991053RC0001,2026-07-24
TXN-00000342,BIZ-00054,Ontario Business 319,Crown Corporation,Retail,1306914.09,641754.19,2025-03-11,2025-07-01,Northern,1058,$5-25M,Exempt,No,654097982RC0001,2026-07-24
TXN-00000343,BIZ-00170,Ontario Business 482,Corporation,Education,2963998.54,43338.48,2025-01-14,2024-07-01,Hamilton,855,$1-5M,Non-Compliant,Yes,775365364RC0001,2026-05-22
TXN-00000344,BIZ-00153,Ontario Business 168,Partnership,Construction,146796.79,407054.12,2024-11-30,2024-04-01,GTA,2904,$25-100M,Non-Compliant,No,861525656RC0001,2026-05-15
TXN-00000345,BIZ-00489,Ontario Business 23,Crown Corporation,Education,2098115.04,347589.52,2025-06-14,2025-04-01,Ottawa,1851,>$100M,Under Review,Yes,291985525RC0001,2026-04-27
TXN-00000346,BIZ-00224,Ontario Business 24,Crown Corporation,Agriculture,3865351.83,127810.32,2025-09-13,2025-04-01,Durham,1446,$1-5M,Non-Compliant,No,236148045RC0001,2026-03-15
TXN-00000347,BIZ-00423,Ontario Business 489,Non-Profit,Agriculture,594365.88,567236.18,2025-11-10,2025-01-01,Central,2035,$5-25M,Compliant,No,555178085RC0001,2026-06-29
TXN-00000348,BIZ-00425,Ontario Business 181,Partnership,Education,534055.23,170404.79,2024-04-15,2024-07-01,GTA,818,$5-25M,Exempt,Yes,710070545RC0001,2026-06-14
TXN-00000349,BIZ-00339,Ontario Business 349,Corporation,Finance,4141742.82,329238.45,2025-10-29,2025-01-01,Central,4259,$5-25M,Non-Compliant,Yes,823917378RC0001,2026-01-26
TXN-00000350,BIZ-00069,Ontario Business 235,Crown Corporation,Healthcare,678178.19,287642.97,2025-05-16,2024-07-01,Central,3156,>$100M,Non-Compliant,Yes,988610802RC0001,2026-06-04
TXN-00000351,BIZ-00003,Ontario Business 427,Non-Profit,Healthcare,3406061.96,183231.47,2025-05-14,2025-04-01,GTA,4311,<$1M,Under Review,Yes,951833776RC0001,2026-07-25
TXN-00000352,BIZ-00498,Ontario Business 450,Non-Profit,Mining,3668388.97,108356.66,2025-10-12,2024-04-01,Niagara,2142,<$1M,Exempt,No,696837756RC0001,2026-07-11
TXN-00000353,BIZ-00152,Ontario Business 17,Sole Proprietorship,Mining,1226280.54,273566.16,2024-11-25,2024-10-01,Niagara,2614,>$100M,Exempt,Yes,663369897RC0001,2026-01-04
TXN-00000354,BIZ-00476,Ontario Business 87,Sole Proprietorship,Agriculture,4392970.28,208228.34,2024-07-01,2025-10-01,GTA,110,>$100M,Compliant,No,722356208RC0001,2026-05-20
TXN-00000355,BIZ-00014,Ontario Business 343,Corporation,Agriculture,3842257.65,332496.27,2024-01-08,2025-01-01,GTA,4,$5-25M,Under Review,No,677758429RC0001,2026-02-09
TXN-00000356,BIZ-00280,Ontario Business 498,Crown Corporation,Agriculture,3681081.23,409295.76,2026-03-15,2024-10-01,GTA,1562,<$1M,Exempt,Yes,165942926RC0001,2026-05-19
TXN-00000357,BIZ-00033,Ontario Business 461,Crown Corporation,Mining,3689961.24,610705.69,2024-07-28,2026-01-01,Niagara,3208,$1-5M,Compliant,No,388958947RC0001,2026-01-18
TXN-00000358,BIZ-00179,Ontario Business 436,Cooperative,Healthcare,4877719.66,644888.05,2024-03-01,2026-01-01,GTA,1040,$25-100M,Under Review,Yes,993160664RC0001,2026-07-30
TXN-00000359,BIZ-00356,Ontario Business 305,Partnership,Finance,3311358.44,265843.8,2024-12-06,2025-01-01,Southwestern,4783,$1-5M,Exempt,Yes,700700317RC0001,2026-05-30
TXN-00000360,BIZ-00395,Ontario Business 459,Cooperative,Agriculture,2437150.8,425790.16,2025-09-22,2025-07-01,Central,4989,<$1M,Compliant,Yes,928121691RC0001,2026-07-18
TXN-00000361,BIZ-00383,Ontario Business 118,Sole Proprietorship,Energy,1816849.96,340955.3,2024-12-22,2026-01-01,Northern,4223,$1-5M,Non-Compliant,No,803080381RC0001,2026-02-25
TXN-00000362,BIZ-00332,Ontario Business 265,Non-Profit,Healthcare,4437541.09,53160.85,2025-09-06,2024-04-01,Central,2632,>$100M,Exempt,No,323291423RC0001,2026-01-05
TXN-00000363,BIZ-00358,Ontario Business 326,Sole Proprietorship,Mining,2047495.86,176790.84,2025-08-22,2024-04-01,Waterloo,2439,<$1M,Exempt,No,708062044RC0001,2026-03-25
TXN-00000364,BIZ-00322,Ontario Business 338,Sole Proprietorship,Technology,936324.28,387309.44,2026-07-27,2024-07-01,Southwestern,2690,$5-25M,Compliant,Yes,703898550RC0001,2026-06-07
TXN-00000365,BIZ-00491,Ontario Business 62,Crown Corporation,Finance,2567102.1,219237.89,2025-06-12,2025-04-01,Durham,3963,$5-25M,Non-Compliant,Yes,147364329RC0001,2026-05-28
TXN-00000366,BIZ-00445,Ontario Business 90,Crown Corporation,Finance,2763583.1,506931.57,2025-02-11,2025-07-01,Durham,182,$25-100M,Under Review,Yes,989308449RC0001,2026-01-15
TXN-00000367,BIZ-00286,Ontario Business 327,Cooperative,Technology,1778108.53,521427.63,2024-03-23,2026-01-01,Southwestern,1723,$5-25M,Exempt,No,836171025RC0001,2026-02-07
TXN-00000368,BIZ-00337,Ontario Business 465,Non-Profit,Finance,1651549.11,646398.32,2026-07-15,2025-07-01,Niagara,4098,<$1M,Non-Compliant,No,978268343RC0001,2026-06-03
TXN-00000369,BIZ-00374,Ontario Business 7,Corporation,Healthcare,1697962.88,424687.34,2024-04-23,2024-10-01,Eastern,3115,$1-5M,Non-Compliant,Yes,415032862RC0001,2026-06-08
TXN-00000370,BIZ-00331,Ontario Business 350,Partnership,Construction,3392241.46,3134.25,2026-07-22,2025-07-01,Ottawa,4688,<$1M,Exempt,No,249229101RC0001,2026-03-20
TXN-00000371,BIZ-00356,Ontario Business 138,Crown Corporation,Technology,3107845.69,233764.77,2025-04-29,2026-01-01,Northern,2354,>$100M,Exempt,No,410145088RC0001,2026-04-28
TXN-00000372,BIZ-00198,Ontario Business 125,Corporation,Agriculture,1063913.01,285711.0,2025-11-16,2024-04-01,Waterloo,775,<$1M,Compliant,No,368269963RC0001,2026-03-10
TXN-00000373,BIZ-00329,Ontario Business 236,Partnership,Healthcare,2524945.16,532999.81,2026-06-29,2024-10-01,GTA,1262,$1-5M,Under Review,Yes,439336284RC0001,2026-07-19
TXN-00000374,BIZ-00445,Ontario Business 289,Crown Corporation,Energy,2283980.65,139697.57,2026-03-06,2025-10-01,Durham,1534,>$100M,Exempt,No,469605836RC0001,2026-04-26
TXN-00000375,BIZ-00185,Ontario Business 373,Partnership,Energy,694772.99,330849.14,2025-07-24,2025-07-01,Niagara,4429,$5-25M,Compliant,No,918411371RC0001,2026-04-09
TXN-00000376,BIZ-00137,Ontario Business 496,Non-Profit,Construction,2626191.19,427631.89,2024-11-13,2026-01-01,Ottawa,1837,<$1M,Compliant,Yes,288712486RC0001,2026-03-29
TXN-00000377,BIZ-00181,Ontario Business 134,Crown Corporation,Retail,1703518.97,162137.06,2024-10-19,2026-01-01,Waterloo,4176,$5-25M,Under Review,No,782292923RC0001,2026-06-10
TXN-00000378,BIZ-00500,Ontario Business 261,Partnership,Retail,2276151.53,186390.33,2024-05-01,2025-04-01,Central,289,$5-25M,Exempt,Yes,921574510RC0001,2026-02-20
TXN-00000379,BIZ-00247,Ontario Business 21,Crown Corporation,Mining,4547655.07,421729.08,2026-05-23,2024-07-01,Durham,856,>$100M,Exempt,Yes,312411407RC0001,2026-05-17
TXN-00000380,BIZ-00331,Ontario Business 226,Partnership,Mining,1741931.01,366544.81,2024-06-16,2024-10-01,Waterloo,4297,<$1M,Under Review,Yes,795448475RC0001,2026-02-08
TXN-00000381,BIZ-00148,Ontario Business 40,Non-Profit,Mining,2301862.81,625165.9,2025-04-18,2024-07-01,Ottawa,4259,<$1M,Compliant,No,574042574RC0001,2026-06-28
TXN-00000382,BIZ-00402,Ontario Business 236,Partnership,Manufacturing,1895714.68,539401.15,2025-07-12,2024-04-01,Waterloo,4258,$5-25M,Under Review,No,206688699RC0001,2026-03-08
TXN-00000383,BIZ-00115,Ontario Business 351,Crown Corporation,Mining,3848503.44,305766.71,2025-09-10,2025-01-01,Southwestern,3932,$25-100M,Under Review,No,187505288RC0001,2026-04-11
TXN-00000384,BIZ-00324,Ontario Business 378,Corporation,Agriculture,3326846.81,523382.26,2025-01-27,2025-04-01,Central,4289,<$1M,Non-Compliant,Yes,187289287RC0001,2026-07-22
TXN-00000385,BIZ-00317,Ontario Business 213,Cooperative,Energy,813657.21,43866.87,2025-12-11,2026-01-01,Waterloo,298,<$1M,Non-Compliant,Yes,812161066RC0001,2026-01-17
TXN-00000386,BIZ-00069,Ontario Business 215,Corporation,Energy,1593457.43,549847.39,2024-11-02,2024-04-01,Northern,4355,$5-25M,Non-Compliant,No,677407148RC0001,2026-07-15
TXN-00000387,BIZ-00496,Ontario Business 483,Crown Corporation,Education,2866554.99,243376.91,2026-06-10,2024-07-01,Northern,3406,>$100M,Compliant,Yes,137305019RC0001,2026-05-07
TXN-00000388,BIZ-00266,Ontario Business 124,Crown Corporation,Manufacturing,546868.97,338188.69,2025-12-07,2025-01-01,Central,4764,$5-25M,Compliant,Yes,890893647RC0001,2026-03-02
TXN-00000389,BIZ-00392,Ontario Business 381,Partnership,Energy,2915422.15,112160.97,2024-06-29,2025-07-01,Durham,458,$1-5M,Non-Compliant,No,442797181RC0001,2026-05-08
TXN-00000390,BIZ-00040,Ontario Business 470,Corporation,Education,4969090.12,527143.31,2025-04-21,2025-04-01,Eastern,2728,<$1M,Non-Compliant,Yes,652251330RC0001,2026-07-30
TXN-00000391,BIZ-00211,Ontario Business 103,Sole Proprietorship,Construction,3504469.46,100092.68,2024-04-12,2026-01-01,Southwestern,273,$1-5M,Compliant,Yes,508386051RC0001,2026-01-01
TXN-00000392,BIZ-00400,Ontario Business 324,Crown Corporation,Education,1162848.08,192958.35,2024-07-31,2025-01-01,Southwestern,3401,<$1M,Under Review,No,323402679RC0001,2026-03-04
TXN-00000393,BIZ-00371,Ontario Business 188,Crown Corporation,Retail,370108.83,262309.54,2024-07-02,2026-01-01,GTA,1402,$5-25M,Under Review,Yes,486532703RC0001,2026-07-04
TXN-00000394,BIZ-00370,Ontario Business 449,Corporation,Retail,3390369.86,621777.85,2024-08-21,2025-07-01,Ottawa,3890,$1-5M,Under Review,No,644748889RC0001,2026-04-04
TXN-00000395,BIZ-00023,Ontario Business 135,Cooperative,Retail,2680385.34,110240.0,2024-02-22,2024-10-01,Eastern,2735,$5-25M,Exempt,Yes,280879615RC0001,2026-03-07
TXN-00000396,BIZ-00019,Ontario Business 457,Partnership,Energy,4014029.4,582790.91,2024-02-16,2025-10-01,Ottawa,950,$1-5M,Compliant,Yes,385982574RC0001,2026-04-04
TXN-00000397,BIZ-00336,Ontario Business 272,Non-Profit,Finance,2366880.87,549682.82,2024-06-18,2025-01-01,Southwestern,422,>$100M,Exempt,Yes,907464093RC0001,2026-04-06
TXN-00000398,BIZ-00215,Ontario Business 288,Cooperative,Manufacturing,1095451.63,237952.44,2025-01-01,2025-10-01,Eastern,4171,$5-25M,Compliant,Yes,697584514RC0001,2026-03-08
TXN-00000399,BIZ-00453,Ontario Business 108,Non-Profit,Mining,3889775.13,193177.56,2026-03-20,2025-10-01,Waterloo,4592,<$1M,Compliant,No,869412010RC0001,2026-04-03
TXN-00000400,BIZ-00251,Ontario Business 365,Sole Proprietorship,Manufacturing,4537291.35,2243.3,2025-09-30,2024-10-01,Niagara,3182,<$1M,Non-Compliant,Yes,426398312RC0001,2026-03-06
TXN-00000401,BIZ-00234,Ontario Business 453,Partnership,Technology,513846.84,524767.43,2024-01-16,2025-07-01,Niagara,3209,$5-25M,Non-Compliant,Yes,793128014RC0001,2026-04-12
TXN-00000402,BIZ-00166,Ontario Business 274,Crown Corporation,Mining,2484688.56,512951.64,2025-12-29,2024-10-01,Northern,1655,$1-5M,Non-Compliant,Yes,145237673RC0001,2026-03-06
TXN-00000403,BIZ-00123,Ontario Business 10,Corporation,Education,1196153.11,41741.63,2024-04-17,2024-04-01,Niagara,4618,$25-100M,Compliant,Yes,509956249RC0001,2026-07-14
TXN-00000404,BIZ-00124,Ontario Business 175,Non-Profit,Healthcare,3809109.01,518050.7,2024-04-03,2025-04-01,Northern,405,$1-5M,Exempt,Yes,243426610RC0001,2026-07-28
TXN-00000405,BIZ-00074,Ontario Business 111,Sole Proprietorship,Agriculture,2056376.8,556576.26,2026-02-17,2024-07-01,Southwestern,17,$1-5M,Non-Compliant,No,419917672RC0001,2026-02-04
TXN-00000406,BIZ-00075,Ontario Business 134,Cooperative,Mining,781841.23,186779.7,2024-01-23,2024-10-01,Eastern,1078,<$1M,Compliant,Yes,203626195RC0001,2026-02-18
TXN-00000407,BIZ-00067,Ontario Business 230,Non-Profit,Mining,857326.53,428575.17,2024-06-13,2025-04-01,Eastern,2728,<$1M,Exempt,Yes,866808832RC0001,2026-03-01
TXN-00000408,BIZ-00172,Ontario Business 118,Sole Proprietorship,Mining,1614247.89,247473.0,2025-10-13,2026-01-01,Niagara,1506,>$100M,Non-Compliant,No,537977943RC0001,2026-07-08
TXN-00000409,BIZ-00250,Ontario Business 410,Crown Corporation,Retail,280966.87,498978.62,2026-02-10,2026-01-01,Hamilton,4752,$5-25M,Under Review,No,174211423RC0001,2026-03-12
TXN-00000410,BIZ-00002,Ontario Business 283,Sole Proprietorship,Technology,3210051.44,25929.16,2024-02-25,2025-10-01,Eastern,1946,$25-100M,Compliant,Yes,620930580RC0001,2026-02-18
TXN-00000411,BIZ-00466,Ontario Business 63,Cooperative,Energy,2115936.62,545700.29,2024-06-16,2025-10-01,Ottawa,4014,$1-5M,Exempt,Yes,731038065RC0001,2026-02-07
TXN-00000412,BIZ-00150,Ontario Business 165,Non-Profit,Agriculture,2861372.36,460030.0,2026-06-04,2026-01-01,Eastern,4456,$1-5M,Non-Compliant,Yes,639501884RC0001,2026-02-09
TXN-00000413,BIZ-00033,Ontario Business 144,Crown Corporation,Finance,2970445.51,107823.43,2024-06-13,2025-01-01,Eastern,4277,<$1M,Under Review,No,289624695RC0001,2026-07-04
TXN-00000414,BIZ-00084,Ontario Business 112,Partnership,Mining,4971962.59,250169.77,2025-05-11,2024-04-01,Waterloo,2387,<$1M,Compliant,No,421364857RC0001,2026-01-20
TXN-00000415,BIZ-00088,Ontario Business 160,Partnership,Finance,928439.13,641777.31,2024-09-14,2025-07-01,Niagara,3628,<$1M,Under Review,Yes,848762234RC0001,2026-06-14
TXN-00000416,BIZ-00179,Ontario Business 18,Partnership,Education,4544479.0,451220.16,2025-09-20,2025-01-01,Eastern,3761,$5-25M,Compliant,No,311259559RC0001,2026-03-29
TXN-00000417,BIZ-00284,Ontario Business 420,Cooperative,Manufacturing,1036907.2,339534.84,2025-06-04,2025-07-01,Waterloo,653,>$100M,Compliant,No,360177536RC0001,2026-07-15
TXN-00000418,BIZ-00017,Ontario Business 297,Cooperative,Retail,1702048.14,313493.61,2025-08-07,2025-07-01,GTA,4168,$1-5M,Non-Compliant,No,238631342RC0001,2026-02-27
TXN-00000419,BIZ-00094,Ontario Business 380,Cooperative,Manufacturing,71029.83,313386.79,2025-07-26,2025-10-01,Ottawa,4568,$25-100M,Non-Compliant,No,522856324RC0001,2026-06-24
TXN-00000420,BIZ-00234,Ontario Business 146,Crown Corporation,Energy,841769.93,402889.52,2024-10-02,2025-01-01,Central,3120,$5-25M,Compliant,No,713510483RC0001,2026-02-04
TXN-00000421,BIZ-00341,Ontario Business 430,Sole Proprietorship,Construction,4222367.5,561951.74,2025-11-07,2024-04-01,Northern,2728,$1-5M,Non-Compliant,No,772055397RC0001,2026-01-27
TXN-00000422,BIZ-00408,Ontario Business 57,Cooperative,Technology,4460900.41,568273.4,2024-12-29,2025-10-01,Northern,2485,<$1M,Under Review,No,808362198RC0001,2026-04-15
TXN-00000423,BIZ-00229,Ontario Business 216,Cooperative,Agriculture,131825.09,420821.24,2025-08-06,2025-04-01,GTA,2565,>$100M,Exempt,No,619554442RC0001,2026-01-10
TXN-00000424,BIZ-00128,Ontario Business 103,Crown Corporation,Retail,853456.25,187960.9,2026-02-23,2025-07-01,Eastern,1277,<$1M,Exempt,No,390612805RC0001,2026-07-05
TXN-00000425,BIZ-00376,Ontario Business 116,Sole Proprietorship,Education,3169974.61,191776.19,2024-08-13,2025-04-01,GTA,1702,$25-100M,Compliant,No,260371005RC0001,2026-07-02
TXN-00000426,BIZ-00137,Ontario Business 98,Corporation,Technology,3043874.62,217913.52,2026-05-13,2025-10-01,Durham,2028,<$1M,Non-Compliant,Yes,880187800RC0001,2026-01-20
TXN-00000427,BIZ-00383,Ontario Business 96,Sole Proprietorship,Energy,818002.3,558955.35,2025-02-15,2025-04-01,Waterloo,3640,$5-25M,Exempt,No,166291052RC0001,2026-04-22
TXN-00000428,BIZ-00225,Ontario Business 334,Cooperative,Education,1453068.31,106245.37,2025-02-27,2025-01-01,GTA,3824,<$1M,Exempt,Yes,888707384RC0001,2026-01-11
TXN-00000429,BIZ-00375,Ontario Business 36,Cooperative,Technology,546573.74,191382.18,2026-05-09,2025-04-01,Durham,76,$5-25M,Exempt,No,238345486RC0001,2026-01-27
TXN-00000430,BIZ-00058,Ontario Business 379,Non-Profit,Construction,1537644.74,381209.21,2024-01-21,2024-04-01,Southwestern,2099,>$100M,Compliant,Yes,806408291RC0001,2026-07-19
TXN-00000431,BIZ-00371,Ontario Business 32,Crown Corporation,Finance,3493461.35,447045.03,2026-01-19,2025-04-01,Waterloo,1418,<$1M,Non-Compliant,Yes,117476520RC0001,2026-07-02
TXN-00000432,BIZ-00491,Ontario Business 213,Partnership,Technology,4440992.96,55730.48,2024-03-16,2024-04-01,Hamilton,329,$5-25M,Under Review,Yes,131376395RC0001,2026-07-24
TXN-00000433,BIZ-00179,Ontario Business 190,Corporation,Manufacturing,441734.99,473188.22,2025-06-09,2026-01-01,Durham,2593,<$1M,Exempt,No,116556271RC0001,2026-07-17
TXN-00000434,BIZ-00221,Ontario Business 228,Partnership,Healthcare,1337100.98,172244.85,2024-08-21,2025-07-01,Ottawa,2721,$25-100M,Compliant,No,229322020RC0001,2026-03-10
TXN-00000435,BIZ-00369,Ontario Business 68,Crown Corporation,Construction,259700.42,101537.42,2024-12-16,2025-01-01,Durham,3181,<$1M,Compliant,No,231173312RC0001,2026-01-31
TXN-00000436,BIZ-00041,Ontario Business 465,Cooperative,Education,871655.61,471217.6,2026-05-16,2024-07-01,Southwestern,1703,$5-25M,Under Review,No,220111214RC0001,2026-01-10
TXN-00000437,BIZ-00202,Ontario Business 54,Cooperative,Education,4817461.76,6870.35,2024-09-17,2026-01-01,Northern,2602,$5-25M,Under Review,Yes,850293735RC0001,2026-01-10
TXN-00000438,BIZ-00255,Ontario Business 103,Crown Corporation,Healthcare,935276.14,4581.88,2024-05-28,2025-07-01,GTA,4471,$5-25M,Non-Compliant,Yes,422810949RC0001,2026-01-06
TXN-00000439,BIZ-00281,Ontario Business 265,Crown Corporation,Technology,3698707.27,278591.11,2025-08-30,2024-10-01,Central,1887,$1-5M,Exempt,Yes,206444806RC0001,2026-06-22
TXN-00000440,BIZ-00008,Ontario Business 473,Non-Profit,Mining,2875886.98,508412.54,2026-05-03,2024-07-01,Southwestern,483,<$1M,Compliant,Yes,996185113RC0001,2026-07-04
TXN-00000441,BIZ-00442,Ontario Business 320,Crown Corporation,Healthcare,4969708.49,381741.65,2025-11-08,2024-10-01,Durham,4267,$25-100M,Non-Compliant,Yes,460166246RC0001,2026-07-01
TXN-00000442,BIZ-00303,Ontario Business 443,Partnership,Mining,750965.07,231426.69,2025-10-13,2025-01-01,Southwestern,2710,<$1M,Under Review,No,557814279RC0001,2026-03-08
TXN-00000443,BIZ-00331,Ontario Business 89,Crown Corporation,Manufacturing,2663199.16,461419.9,2025-10-02,2025-10-01,Niagara,2282,>$100M,Compliant,Yes,140292817RC0001,2026-03-27
TXN-00000444,BIZ-00036,Ontario Business 488,Sole Proprietorship,Mining,3203074.03,88272.2,2026-06-18,2026-01-01,Northern,2221,$1-5M,Compliant,No,629042359RC0001,2026-05-01
TXN-00000445,BIZ-00255,Ontario Business 317,Non-Profit,Manufacturing,3316445.3,296140.35,2025-06-03,2024-07-01,GTA,4041,<$1M,Under Review,No,157776122RC0001,2026-05-09
TXN-00000446,BIZ-00313,Ontario Business 406,Sole Proprietorship,Energy,417139.07,451530.55,2026-06-26,2025-01-01,Eastern,796,$5-25M,Exempt,Yes,158800680RC0001,2026-05-24
TXN-00000447,BIZ-00093,Ontario Business 344,Sole Proprietorship,Education,1927337.48,538625.82,2025-01-31,2024-10-01,GTA,675,$25-100M,Under Review,No,887587794RC0001,2026-01-30
TXN-00000448,BIZ-00348,Ontario Business 72,Crown Corporation,Education,290670.91,443317.72,2026-07-27,2025-10-01,Waterloo,3468,<$1M,Compliant,Yes,695579696RC0001,2026-03-11
TXN-00000449,BIZ-00001,Ontario Business 345,Sole Proprietorship,Mining,135802.49,369234.26,2025-11-05,2026-01-01,Niagara,3961,$1-5M,Exempt,Yes,931640926RC0001,2026-05-16
TXN-00000450,BIZ-00214,Ontario Business 118,Sole Proprietorship,Manufacturing,4081307.6,387133.2,2024-12-20,2024-04-01,Niagara,3204,$25-100M,Exempt,No,109220583RC0001,2026-07-22
TXN-00000451,BIZ-00367,Ontario Business 175,Partnership,Technology,2631103.66,17328.24,2024-02-07,2025-07-01,GTA,4985,<$1M,Under Review,Yes,546772685RC0001,2026-06-10
TXN-00000452,BIZ-00319,Ontario Business 96,Partnership,Technology,3459513.89,383891.81,2025-06-01,2024-04-01,Central,3038,$25-100M,Non-Compliant,No,958977413RC0001,2026-01-20
TXN-00000453,BIZ-00300,Ontario Business 294,Cooperative,Retail,3874407.12,548760.71,2024-09-24,2025-01-01,Niagara,540,$25-100M,Compliant,No,113799205RC0001,2026-06-28
TXN-00000454,BIZ-00093,Ontario Business 306,Cooperative,Mining,3050492.05,27596.51,2025-02-12,2024-07-01,Waterloo,964,>$100M,Compliant,No,756377181RC0001,2026-05-18
TXN-00000455,BIZ-00108,Ontario Business 212,Crown Corporation,Agriculture,1318373.13,9424.41,2024-05-17,2024-07-01,Hamilton,3625,$5-25M,Compliant,Yes,923371676RC0001,2026-05-03
TXN-00000456,BIZ-00223,Ontario Business 225,Partnership,Energy,117429.84,450545.7,2025-11-14,2024-04-01,Southwestern,1543,$25-100M,Non-Compliant,Yes,892218029RC0001,2026-01-27
TXN-00000457,BIZ-00171,Ontario Business 420,Crown Corporation,Energy,3223476.99,432166.95,2024-05-15,2024-10-01,Waterloo,2640,<$1M,Under Review,No,138416820RC0001,2026-02-20
TXN-00000458,BIZ-00485,Ontario Business 299,Corporation,Manufacturing,2123078.07,189310.24,2025-03-15,2026-01-01,Central,3242,$25-100M,Non-Compliant,Yes,928951959RC0001,2026-07-23
TXN-00000459,BIZ-00167,Ontario Business 483,Corporation,Energy,1242416.56,429938.81,2025-05-20,2025-04-01,Eastern,4903,$1-5M,Exempt,Yes,656327561RC0001,2026-01-27
TXN-00000460,BIZ-00088,Ontario Business 30,Crown Corporation,Agriculture,224779.61,537215.89,2024-01-27,2025-01-01,Hamilton,4422,<$1M,Compliant,Yes,103284830RC0001,2026-03-05
TXN-00000461,BIZ-00325,Ontario Business 74,Corporation,Agriculture,761976.84,155642.71,2026-07-17,2024-07-01,Niagara,79,>$100M,Compliant,No,473121276RC0001,2026-05-06
TXN-00000462,BIZ-00361,Ontario Business 267,Non-Profit,Energy,569739.99,260416.87,2024-03-27,2024-04-01,Hamilton,3247,$5-25M,Non-Compliant,No,743411329RC0001,2026-01-13
TXN-00000463,BIZ-00144,Ontario Business 115,Non-Profit,Retail,3724536.29,458989.09,2026-06-27,2025-10-01,Ottawa,3557,$1-5M,Under Review,Yes,600619404RC0001,2026-06-26
TXN-00000464,BIZ-00431,Ontario Business 452,Crown Corporation,Finance,2158205.54,12223.34,2024-10-02,2024-04-01,Northern,3126,<$1M,Under Review,No,953841828RC0001,2026-04-16
TXN-00000465,BIZ-00183,Ontario Business 370,Partnership,Mining,711431.53,59253.5,2025-06-27,2025-07-01,Niagara,4432,>$100M,Exempt,No,770832255RC0001,2026-05-28
TXN-00000466,BIZ-00460,Ontario Business 112,Sole Proprietorship,Mining,2249494.22,178451.11,2024-07-13,2024-07-01,Durham,350,$1-5M,Under Review,No,697492463RC0001,2026-04-23
TXN-00000467,BIZ-00211,Ontario Business 44,Cooperative,Retail,1519001.22,145585.05,2026-01-03,2025-01-01,Hamilton,1900,$25-100M,Compliant,Yes,649852885RC0001,2026-03-26
TXN-00000468,BIZ-00225,Ontario Business 174,Sole Proprietorship,Construction,3014648.23,287867.39,2026-02-10,2025-01-01,Ottawa,4331,$1-5M,Non-Compliant,Yes,862872593RC0001,2026-05-27
TXN-00000469,BIZ-00009,Ontario Business 7,Sole Proprietorship,Retail,4662495.96,107944.46,2025-05-13,2025-07-01,Northern,1661,$5-25M,Exempt,Yes,440746294RC0001,2026-01-18
TXN-00000470,BIZ-00405,Ontario Business 500,Sole Proprietorship,Healthcare,3777714.64,277281.56,2025-02-16,2024-04-01,Durham,4986,$25-100M,Compliant,Yes,121186742RC0001,2026-04-07
TXN-00000471,BIZ-00485,Ontario Business 457,Crown Corporation,Energy,2528866.69,404131.45,2025-05-29,2024-10-01,Southwestern,1061,$5-25M,Exempt,No,693096726RC0001,2026-02-03
TXN-00000472,BIZ-00387,Ontario Business 296,Sole Proprietorship,Agriculture,4090112.9,162927.88,2025-10-15,2024-04-01,Southwestern,2414,$5-25M,Compliant,Yes,716608358RC0001,2026-05-21
TXN-00000473,BIZ-00205,Ontario Business 100,Non-Profit,Manufacturing,3732769.34,245119.28,2025-02-03,2024-04-01,Durham,982,$5-25M,Non-Compliant,No,146760275RC0001,2026-02-05
TXN-00000474,BIZ-00310,Ontario Business 365,Crown Corporation,Energy,4941082.21,119232.06,2025-07-23,2025-01-01,Ottawa,2823,$1-5M,Compliant,No,117882591RC0001,2026-04-30
TXN-00000475,BIZ-00457,Ontario Business 308,Corporation,Mining,213194.67,189537.58,2025-06-23,2026-01-01,Durham,3481,<$1M,Compliant,No,166695336RC0001,2026-05-12
TXN-00000476,BIZ-00364,Ontario Business 392,Cooperative,Manufacturing,4560226.78,155262.24,2024-10-10,2025-07-01,Ottawa,1470,>$100M,Under Review,No,472655435RC0001,2026-03-11
TXN-00000477,BIZ-00386,Ontario Business 45,Non-Profit,Manufacturing,997309.06,322563.33,2025-06-17,2024-07-01,Southwestern,4026,$5-25M,Under Review,No,125378006RC0001,2026-04-28
TXN-00000478,BIZ-00412,Ontario Business 469,Partnership,Manufacturing,2632279.4,86457.47,2026-04-20,2025-01-01,Waterloo,2913,<$1M,Compliant,No,645849663RC0001,2026-04-20
TXN-00000479,BIZ-00229,Ontario Business 229,Partnership,Energy,3931.93,505268.17,2024-07-13,2025-07-01,Hamilton,3144,<$1M,Under Review,No,585697532RC0001,2026-02-23
TXN-00000480,BIZ-00112,Ontario Business 200,Corporation,Retail,904637.43,164657.37,2024-10-14,2024-07-01,Central,764,$25-100M,Under Review,Yes,761231087RC0001,2026-03-22
TXN-00000481,BIZ-00224,Ontario Business 213,Cooperative,Healthcare,3206682.13,330447.15,2026-02-26,2024-10-01,Southwestern,1984,$25-100M,Non-Compliant,No,180738495RC0001,2026-04-24
TXN-00000482,BIZ-00271,Ontario Business 83,Cooperative,Construction,3406267.74,484002.61,2025-04-30,2025-01-01,GTA,3169,<$1M,Non-Compliant,No,131656804RC0001,2026-01-21
TXN-00000483,BIZ-00253,Ontario Business 343,Partnership,Healthcare,2977736.2,199342.43,2026-07-08,2024-04-01,GTA,4819,$1-5M,Non-Compliant,No,826496805RC0001,2026-05-11
TXN-00000484,BIZ-00405,Ontario Business 104,Cooperative,Energy,4636160.37,425638.55,2025-03-12,2024-10-01,Hamilton,4263,$1-5M,Exempt,No,613829398RC0001,2026-04-08
TXN-00000485,BIZ-00169,Ontario Business 134,Corporation,Finance,1122832.74,610290.51,2025-04-27,2024-07-01,Southwestern,2823,<$1M,Under Review,No,392644291RC0001,2026-06-18
TXN-00000486,BIZ-00450,Ontario Business 4,Sole Proprietorship,Agriculture,3237813.31,106279.2,2026-04-18,2025-07-01,Niagara,2801,$1-5M,Under Review,No,613976621RC0001,2026-04-03
TXN-00000487,BIZ-00199,Ontario Business 92,Crown Corporation,Energy,3808450.8,221748.08,2026-04-24,2025-04-01,GTA,1920,$5-25M,Under Review,No,487887902RC0001,2026-06-08
TXN-00000488,BIZ-00184,Ontario Business 169,Sole Proprietorship,Education,3283856.01,408484.18,2024-06-22,2024-10-01,GTA,4739,$5-25M,Exempt,Yes,456153142RC0001,2026-03-07
TXN-00000489,BIZ-00454,Ontario Business 134,Crown Corporation,Education,1790896.72,569619.73,2025-12-16,2025-01-01,Waterloo,92,<$1M,Exempt,No,929479146RC0001,2026-06-26
TXN-00000490,BIZ-00448,Ontario Business 311,Sole Proprietorship,Construction,313121.52,557470.79,2025-06-07,2025-07-01,Northern,4256,$25-100M,Compliant,No,926040425RC0001,2026-06-26
TXN-00000491,BIZ-00266,Ontario Business 120,Partnership,Retail,1124326.09,85531.81,2025-08-19,2026-01-01,Eastern,4499,$5-25M,Non-Compliant,No,289772449RC0001,2026-07-25
TXN-00000492,BIZ-00144,Ontario Business 32,Sole Proprietorship,Mining,4485098.12,500129.02,2026-04-19,2024-04-01,Southwestern,3476,>$100M,Exempt,Yes,679029002RC0001,2026-07-02
TXN-00000493,BIZ-00232,Ontario Business 206,Sole Proprietorship,Retail,4690538.1,113246.89,2024-06-18,2025-04-01,Hamilton,3813,<$1M,Compliant,No,578277822RC0001,2026-05-21
TXN-00000494,BIZ-00234,Ontario Business 100,Crown Corporation,Agriculture,426301.18,578020.18,2024-05-05,2025-10-01,Northern,533,$25-100M,Under Review,No,608647117RC0001,2026-01-22
TXN-00000495,BIZ-00121,Ontario Business 380,Non-Profit,Construction,988244.58,189717.21,2025-12-16,2025-01-01,Ottawa,4663,<$1M,Exempt,No,546023046RC0001,2026-07-18
TXN-00000496,BIZ-00368,Ontario Business 62,Crown Corporation,Finance,1554263.18,438347.0,2025-02-10,2025-10-01,Hamilton,3222,$1-5M,Compliant,Yes,293441982RC0001,2026-03-21
TXN-00000497,BIZ-00238,Ontario Business 292,Cooperative,Finance,630667.72,321173.48,2025-10-29,2025-10-01,Hamilton,348,$25-100M,Compliant,No,575799089RC0001,2026-01-24
TXN-00000498,BIZ-00327,Ontario Business 138,Non-Profit,Mining,1797177.04,396333.99,2024-12-07,2026-01-01,Durham,3036,$1-5M,Under Review,No,262493926RC0001,2026-06-02
TXN-00000499,BIZ-00258,Ontario Business 29,Corporation,Mining,946350.86,493026.54,2024-08-16,2026-01-01,Eastern,2058,$5-25M,Non-Compliant,Yes,407038385RC0001,2026-05-03
TXN-00000500,BIZ-00427,Ontario Business 447,Corporation,Healthcare,1729962.5,204616.3,2024-07-09,2024-10-01,Ottawa,4566,<$1M,Non-Compliant,Yes,577402399RC0001,2026-01-24
TXN-00000501,BIZ-00401,Ontario Business 310,Corporation,Construction,4114358.38,282666.64,2025-04-28,2025-10-01,Waterloo,1618,<$1M,Under Review,Yes,951854069RC0001,2026-04-11
TXN-00000502,BIZ-00462,Ontario Business 443,Partnership,Energy,1219699.64,127768.13,2025-02-13,2025-04-01,Northern,2858,$5-25M,Compliant,Yes,487346338RC0001,2026-03-04
TXN-00000503,BIZ-00125,Ontario Business 356,Cooperative,Finance,4076936.82,57646.05,2024-04-12,2024-10-01,Central,2457,$25-100M,Exempt,No,925993451RC0001,2026-06-02
TXN-00000504,BIZ-00036,Ontario Business 150,Non-Profit,Mining,3342959.49,232871.67,2025-08-07,2026-01-01,Hamilton,347,$1-5M,Compliant,No,102000231RC0001,2026-04-03
TXN-00000505,BIZ-00220,Ontario Business 273,Cooperative,Finance,1849084.58,127595.24,2024-02-12,2024-07-01,Southwestern,1773,$5-25M,Non-Compliant,No,516990187RC0001,2026-07-25
TXN-00000506,BIZ-00469,Ontario Business 443,Sole Proprietorship,Education,4374078.76,400489.02,2025-06-11,2025-01-01,Niagara,4101,$25-100M,Under Review,No,779363322RC0001,2026-03-18
TXN-00000507,BIZ-00343,Ontario Business 160,Cooperative,Retail,4488887.23,330092.61,2024-04-29,2024-04-01,Niagara,1590,$1-5M,Exempt,No,917501651RC0001,2026-02-19
TXN-00000508,BIZ-00290,Ontario Business 72,Cooperative,Technology,1885658.66,461334.23,2024-01-24,2025-04-01,Northern,4756,$5-25M,Under Review,Yes,912121871RC0001,2026-01-20
TXN-00000509,BIZ-00046,Ontario Business 315,Sole Proprietorship,Retail,2235045.6,622059.74,2025-10-19,2025-07-01,GTA,3530,>$100M,Exempt,Yes,164159765RC0001,2026-05-28
TXN-00000510,BIZ-00297,Ontario Business 378,Sole Proprietorship,Agriculture,2401174.39,568666.56,2024-04-06,2024-10-01,GTA,1766,>$100M,Under Review,Yes,730848243RC0001,2026-07-13
TXN-00000511,BIZ-00421,Ontario Business 498,Non-Profit,Technology,525167.18,577712.22,2026-03-10,2025-07-01,Waterloo,2863,$5-25M,Exempt,No,184423538RC0001,2026-04-22
TXN-00000512,BIZ-00287,Ontario Business 386,Corporation,Education,2564776.86,617518.47,2024-02-09,2025-04-01,GTA,51,$5-25M,Non-Compliant,No,659215875RC0001,2026-01-05
TXN-00000513,BIZ-00041,Ontario Business 412,Cooperative,Manufacturing,593408.65,564980.58,2024-10-07,2025-01-01,Eastern,3411,<$1M,Non-Compliant,No,381309620RC0001,2026-02-20
TXN-00000514,BIZ-00096,Ontario Business 53,Cooperative,Healthcare,599464.51,640740.65,2024-09-29,2025-07-01,Waterloo,1066,>$100M,Compliant,No,739128620RC0001,2026-07-08
TXN-00000515,BIZ-00496,Ontario Business 56,Non-Profit,Education,4212410.79,645359.0,2025-09-28,2024-04-01,Waterloo,545,$1-5M,Exempt,No,170613297RC0001,2026-05-06
TXN-00000516,BIZ-00330,Ontario Business 214,Partnership,Mining,645033.35,590708.5,2026-04-26,2025-07-01,Waterloo,2480,>$100M,Under Review,No,126906578RC0001,2026-05-26
TXN-00000517,BIZ-00014,Ontario Business 456,Corporation,Education,4122667.82,8933.54,2026-02-13,2024-07-01,Central,1776,$25-100M,Compliant,No,413521224RC0001,2026-02-23
TXN-00000518,BIZ-00312,Ontario Business 154,Partnership,Manufacturing,3276455.68,581669.18,2025-05-19,2025-01-01,Northern,482,<$1M,Exempt,Yes,225132503RC0001,2026-04-06
TXN-00000519,BIZ-00101,Ontario Business 172,Sole Proprietorship,Technology,1794700.51,116475.6,2026-02-28,2025-07-01,Niagara,1416,$5-25M,Compliant,No,739884687RC0001,2026-05-07
TXN-00000520,BIZ-00023,Ontario Business 136,Crown Corporation,Retail,2757287.72,455670.53,2024-11-26,2025-07-01,Ottawa,3314,>$100M,Under Review,Yes,870400694RC0001,2026-03-14
TXN-00000521,BIZ-00017,Ontario Business 432,Partnership,Construction,3783838.54,436973.84,2026-03-11,2025-04-01,Ottawa,660,>$100M,Under Review,No,313702317RC0001,2026-05-26
TXN-00000522,BIZ-00051,Ontario Business 321,Corporation,Manufacturing,2565951.83,504490.15,2024-03-16,2025-10-01,Niagara,4077,$25-100M,Compliant,No,266616350RC0001,2026-01-19
TXN-00000523,BIZ-00260,Ontario Business 468,Partnership,Agriculture,4252622.77,246237.71,2026-06-15,2024-04-01,Southwestern,1550,>$100M,Non-Compliant,Yes,733416472RC0001,2026-01-04
TXN-00000524,BIZ-00017,Ontario Business 406,Non-Profit,Agriculture,2935266.84,92988.93,2026-03-03,2025-07-01,Hamilton,4211,$1-5M,Compliant,Yes,613525611RC0001,2026-01-07
TXN-00000525,BIZ-00110,Ontario Business 232,Crown Corporation,Manufacturing,3757864.84,99797.49,2025-01-12,2025-10-01,Waterloo,2506,>$100M,Non-Compliant,Yes,842927303RC0001,2026-01-16
TXN-00000526,BIZ-00234,Ontario Business 130,Non-Profit,Construction,4736847.6,50559.52,2024-07-12,2025-04-01,GTA,4854,$5-25M,Compliant,No,115309027RC0001,2026-03-23
TXN-00000527,BIZ-00030,Ontario Business 381,Corporation,Agriculture,505784.68,461799.92,2025-12-27,2025-10-01,Ottawa,4050,<$1M,Compliant,Yes,396513598RC0001,2026-05-12
TXN-00000528,BIZ-00420,Ontario Business 184,Partnership,Healthcare,3618946.66,501146.66,2026-01-28,2024-10-01,Eastern,2055,>$100M,Compliant,Yes,878608437RC0001,2026-05-30
TXN-00000529,BIZ-00146,Ontario Business 348,Partnership,Finance,1592313.75,574668.03,2025-12-17,2025-10-01,Northern,2648,$5-25M,Exempt,Yes,391592348RC0001,2026-03-10
TXN-00000530,BIZ-00052,Ontario Business 480,Sole Proprietorship,Mining,2710819.28,39903.53,2026-07-22,2024-04-01,Waterloo,1563,$1-5M,Compliant,No,256389397RC0001,2026-05-31
TXN-00000531,BIZ-00131,Ontario Business 56,Crown Corporation,Education,548838.86,62644.94,2026-05-21,2025-04-01,Durham,1919,$1-5M,Non-Compliant,Yes,743076440RC0001,2026-04-14
TXN-00000532,BIZ-00384,Ontario Business 176,Sole Proprietorship,Education,4067029.95,85701.39,2025-02-01,2025-10-01,Waterloo,2446,>$100M,Compliant,Yes,101982240RC0001,2026-01-20
TXN-00000533,BIZ-00033,Ontario Business 85,Cooperative,Manufacturing,1097035.15,452427.64,2024-05-05,2025-10-01,Hamilton,4749,$25-100M,Non-Compliant,No,771781649RC0001,2026-04-10
TXN-00000534,BIZ-00334,Ontario Business 238,Sole Proprietorship,Finance,1107766.4,472564.0,2026-03-28,2025-01-01,Niagara,4137,$5-25M,Compliant,No,358605240RC0001,2026-03-20
TXN-00000535,BIZ-00145,Ontario Business 202,Sole Proprietorship,Finance,4009966.02,14804.56,2025-05-13,2025-04-01,Waterloo,457,$5-25M,Under Review,Yes,468013248RC0001,2026-07-06
TXN-00000536,BIZ-00315,Ontario Business 189,Corporation,Mining,3816726.83,598058.58,2024-10-03,2024-10-01,Durham,563,$25-100M,Under Review,No,263643097RC0001,2026-03-26
TXN-00000537,BIZ-00488,Ontario Business 229,Crown Corporation,Finance,429836.21,455124.5,2025-05-17,2024-10-01,Hamilton,2349,<$1M,Compliant,No,725999142RC0001,2026-01-21
TXN-00000538,BIZ-00470,Ontario Business 491,Partnership,Construction,4525959.62,372212.28,2026-02-04,2024-07-01,Central,2782,$5-25M,Compliant,No,736681244RC0001,2026-04-02
TXN-00000539,BIZ-00368,Ontario Business 500,Partnership,Finance,3113897.46,166464.94,2025-10-03,2025-07-01,Northern,1129,<$1M,Exempt,Yes,237669764RC0001,2026-05-22
TXN-00000540,BIZ-00157,Ontario Business 73,Partnership,Agriculture,2398247.45,418057.1,2024-06-24,2024-04-01,Northern,185,$1-5M,Compliant,No,285044774RC0001,2026-04-09
TXN-00000541,BIZ-00161,Ontario Business 397,Corporation,Manufacturing,3595251.05,94731.55,2024-11-15,2025-07-01,Hamilton,4225,<$1M,Under Review,Yes,412469378RC0001,2026-04-03
TXN-00000542,BIZ-00491,Ontario Business 391,Crown Corporation,Finance,3608611.44,147715.1,2024-08-11,2024-04-01,Northern,2299,<$1M,Under Review,Yes,116329496RC0001,2026-01-30
TXN-00000543,BIZ-00058,Ontario Business 108,Corporation,Retail,2122040.92,541361.45,2024-07-08,2024-07-01,Southwestern,2035,$25-100M,Exempt,Yes,498690168RC0001,2026-03-27
TXN-00000544,BIZ-00340,Ontario Business 466,Non-Profit,Finance,3695187.26,579527.69,2025-04-30,2024-04-01,Northern,3502,<$1M,Non-Compliant,No,528961271RC0001,2026-06-09
TXN-00000545,BIZ-00479,Ontario Business 334,Crown Corporation,Mining,2918946.61,627988.03,2025-04-05,2024-10-01,Central,3301,>$100M,Exempt,No,183597383RC0001,2026-01-17
TXN-00000546,BIZ-00109,Ontario Business 179,Corporation,Construction,3455279.89,511091.1,2025-09-24,2025-10-01,Hamilton,1376,$25-100M,Exempt,Yes,333824756RC0001,2026-05-25
TXN-00000547,BIZ-00211,Ontario Business 260,Corporation,Technology,2215020.46,591988.17,2025-09-22,2025-04-01,Hamilton,2574,<$1M,Non-Compliant,Yes,237585806RC0001,2026-01-12
TXN-00000548,BIZ-00049,Ontario Business 34,Sole Proprietorship,Construction,4072983.7,632477.16,2026-01-19,2025-04-01,Northern,1054,$5-25M,Under Review,Yes,796800747RC0001,2026-07-03
TXN-00000549,BIZ-00466,Ontario Business 71,Sole Proprietorship,Agriculture,429479.35,198017.25,2024-08-05,2024-07-01,Niagara,610,$25-100M,Exempt,No,430070858RC0001,2026-06-23
TXN-00000550,BIZ-00158,Ontario Business 467,Crown Corporation,Mining,2433331.48,317080.93,2024-04-24,2025-07-01,Ottawa,901,<$1M,Non-Compliant,No,685353206RC0001,2026-04-27
TXN-00000551,BIZ-00066,Ontario Business 123,Non-Profit,Technology,4567608.09,321617.99,2024-11-25,2025-07-01,Durham,3283,<$1M,Under Review,No,423652273RC0001,2026-02-03
TXN-00000552,BIZ-00108,Ontario Business 207,Sole Proprietorship,Retail,1695252.27,331212.54,2026-01-08,2025-04-01,Niagara,4758,$1-5M,Exempt,Yes,972355344RC0001,2026-03-13
TXN-00000553,BIZ-00237,Ontario Business 332,Non-Profit,Construction,1732635.42,16871.85,2025-11-17,2024-04-01,Central,3765,<$1M,Compliant,No,667598820RC0001,2026-03-08
TXN-00000554,BIZ-00324,Ontario Business 158,Partnership,Technology,303173.48,476670.18,2026-04-25,2025-04-01,Durham,4935,$5-25M,Under Review,No,429466706RC0001,2026-03-01
TXN-00000555,BIZ-00227,Ontario Business 312,Sole Proprietorship,Education,1949262.52,621979.14,2024-10-20,2025-04-01,Durham,3255,$25-100M,Compliant,Yes,678280904RC0001,2026-05-15
TXN-00000556,BIZ-00039,Ontario Business 209,Corporation,Agriculture,844811.21,318407.91,2025-03-27,2025-01-01,Southwestern,3649,$25-100M,Non-Compliant,No,570464752RC0001,2026-05-13
TXN-00000557,BIZ-00380,Ontario Business 150,Partnership,Finance,2314600.23,152863.45,2024-09-05,2024-07-01,Durham,4260,<$1M,Non-Compliant,No,632047423RC0001,2026-03-25
TXN-00000558,BIZ-00438,Ontario Business 146,Corporation,Manufacturing,3955909.08,180307.97,2026-02-24,2025-07-01,Central,3590,>$100M,Exempt,Yes,877260792RC0001,2026-04-28
TXN-00000559,BIZ-00308,Ontario Business 402,Cooperative,Technology,2381454.7,287333.32,2024-02-26,2025-04-01,Central,2764,$1-5M,Compliant,Yes,176489253RC0001,2026-05-05
TXN-00000560,BIZ-00101,Ontario Business 54,Partnership,Healthcare,757610.92,111940.27,2024-12-25,2024-10-01,Ottawa,1503,>$100M,Non-Compliant,No,580819218RC0001,2026-06-26
TXN-00000561,BIZ-00066,Ontario Business 133,Corporation,Energy,1830770.58,512298.27,2026-07-26,2024-10-01,Central,857,$25-100M,Exempt,No,781455020RC0001,2026-05-17
TXN-00000562,BIZ-00182,Ontario Business 221,Partnership,Finance,4615584.76,262370.01,2026-07-23,2024-10-01,Southwestern,1770,$25-100M,Non-Compliant,Yes,642546708RC0001,2026-07-10
TXN-00000563,BIZ-00070,Ontario Business 401,Sole Proprietorship,Technology,924997.4,33432.16,2024-03-15,2024-04-01,Niagara,2397,>$100M,Exempt,Yes,591354364RC0001,2026-02-11
TXN-00000564,BIZ-00193,Ontario Business 175,Sole Proprietorship,Technology,4769869.88,569494.88,2024-04-19,2025-04-01,Durham,3780,$25-100M,Compliant,No,584704191RC0001,2026-03-01
TXN-00000565,BIZ-00225,Ontario Business 88,Partnership,Technology,275673.35,155181.23,2024-06-13,2024-07-01,Waterloo,2806,$25-100M,Under Review,Yes,163575146RC0001,2026-04-06
TXN-00000566,BIZ-00376,Ontario Business 1,Crown Corporation,Energy,209340.31,580841.57,2025-02-01,2024-07-01,Central,4432,>$100M,Non-Compliant,No,818807833RC0001,2026-03-31
TXN-00000567,BIZ-00065,Ontario Business 112,Crown Corporation,Retail,2902287.66,171925.16,2024-04-15,2024-04-01,GTA,1398,<$1M,Exempt,No,533696439RC0001,2026-07-11
TXN-00000568,BIZ-00018,Ontario Business 153,Corporation,Education,719769.68,614634.26,2024-04-08,2025-07-01,Ottawa,3820,$5-25M,Compliant,No,607639912RC0001,2026-06-01
TXN-00000569,BIZ-00406,Ontario Business 92,Non-Profit,Education,138285.82,340004.71,2024-12-28,2025-01-01,Ottawa,2217,$1-5M,Non-Compliant,Yes,292731520RC0001,2026-01-09
TXN-00000570,BIZ-00254,Ontario Business 424,Corporation,Retail,1085724.98,513539.08,2024-02-16,2026-01-01,Hamilton,1380,$1-5M,Under Review,No,372513486RC0001,2026-06-08
TXN-00000571,BIZ-00477,Ontario Business 487,Non-Profit,Energy,4562762.1,368210.67,2026-01-21,2025-10-01,Hamilton,2401,$1-5M,Exempt,Yes,188091320RC0001,2026-05-05
TXN-00000572,BIZ-00397,Ontario Business 201,Cooperative,Construction,3338730.13,344409.93,2024-08-06,2024-04-01,Ottawa,851,<$1M,Under Review,Yes,801062634RC0001,2026-03-31
TXN-00000573,BIZ-00089,Ontario Business 352,Non-Profit,Finance,4724954.3,344307.01,2025-01-07,2024-10-01,Northern,1724,$25-100M,Exempt,No,147497997RC0001,2026-03-11
TXN-00000574,BIZ-00147,Ontario Business 408,Non-Profit,Technology,1988267.27,157476.03,2024-07-10,2025-04-01,Southwestern,4508,>$100M,Exempt,No,539978353RC0001,2026-01-09
TXN-00000575,BIZ-00143,Ontario Business 433,Corporation,Finance,2091185.74,257471.2,2026-01-31,2025-07-01,Central,2548,$1-5M,Exempt,Yes,310869662RC0001,2026-06-18
TXN-00000576,BIZ-00302,Ontario Business 293,Crown Corporation,Technology,662241.05,577173.08,2024-10-31,2025-10-01,Ottawa,3159,>$100M,Compliant,No,608503668RC0001,2026-06-21
TXN-00000577,BIZ-00195,Ontario Business 38,Corporation,Finance,4825814.03,557260.12,2025-11-08,2025-07-01,Southwestern,2407,<$1M,Compliant,No,313040074RC0001,2026-05-06
TXN-00000578,BIZ-00239,Ontario Business 444,Corporation,Finance,3090107.04,269442.29,2026-06-18,2024-04-01,Central,87,$1-5M,Non-Compliant,No,935925083RC0001,2026-07-31
TXN-00000579,BIZ-00426,Ontario Business 87,Sole Proprietorship,Construction,4087790.76,637237.06,2024-10-07,2025-10-01,Southwestern,2667,$25-100M,Compliant,No,676913468RC0001,2026-07-14
TXN-00000580,BIZ-00460,Ontario Business 456,Partnership,Healthcare,426053.24,385596.7,2026-07-22,2025-10-01,Central,3219,$1-5M,Under Review,Yes,822937238RC0001,2026-04-14
TXN-00000581,BIZ-00249,Ontario Business 310,Corporation,Healthcare,385604.8,319451.19,2024-12-10,2024-07-01,Northern,2848,>$100M,Under Review,No,291712394RC0001,2026-07-23
TXN-00000582,BIZ-00496,Ontario Business 298,Corporation,Education,2984674.62,613692.14,2026-02-20,2024-10-01,Northern,4972,$1-5M,Non-Compliant,Yes,686564802RC0001,2026-03-07
TXN-00000583,BIZ-00037,Ontario Business 283,Crown Corporation,Energy,3953425.24,311016.59,2025-02-03,2024-07-01,Hamilton,3320,$5-25M,Exempt,Yes,271666622RC0001,2026-06-21
TXN-00000584,BIZ-00133,Ontario Business 442,Partnership,Agriculture,4490786.83,338348.28,2026-06-02,2025-01-01,Niagara,3547,<$1M,Exempt,Yes,352221822RC0001,2026-06-19
TXN-00000585,BIZ-00145,Ontario Business 25,Non-Profit,Manufacturing,3665662.26,521737.49,2025-04-28,2025-01-01,Niagara,921,$5-25M,Under Review,No,545224931RC0001,2026-05-14
TXN-00000586,BIZ-00208,Ontario Business 196,Cooperative,Agriculture,118955.1,613969.71,2025-05-07,2025-07-01,Niagara,2752,$1-5M,Compliant,Yes,153108913RC0001,2026-02-17
TXN-00000587,BIZ-00416,Ontario Business 74,Crown Corporation,Energy,68589.08,131193.45,2025-02-22,2024-04-01,Southwestern,3854,<$1M,Under Review,Yes,352181625RC0001,2026-02-26
TXN-00000588,BIZ-00232,Ontario Business 411,Corporation,Retail,710921.55,72538.59,2026-04-03,2026-01-01,Southwestern,3683,$1-5M,Exempt,Yes,721465049RC0001,2026-02-14
TXN-00000589,BIZ-00324,Ontario Business 74,Cooperative,Education,4946814.94,457228.98,2025-09-29,2025-04-01,Waterloo,2685,$5-25M,Under Review,No,983933222RC0001,2026-04-17
TXN-00000590,BIZ-00380,Ontario Business 449,Sole Proprietorship,Mining,1232642.59,473814.96,2024-09-09,2025-10-01,Waterloo,4185,$1-5M,Under Review,No,131975019RC0001,2026-06-23
TXN-00000591,BIZ-00242,Ontario Business 90,Non-Profit,Healthcare,3910119.66,401127.38,2024-12-19,2024-07-01,Niagara,617,>$100M,Compliant,Yes,744029154RC0001,2026-05-17
TXN-00000592,BIZ-00288,Ontario Business 371,Corporation,Retail,98045.51,135185.52,2025-02-07,2024-10-01,Hamilton,1201,$5-25M,Non-Compliant,No,990199375RC0001,2026-02-02
TXN-00000593,BIZ-00096,Ontario Business 248,Partnership,Mining,1295699.53,253371.51,2024-08-26,2024-10-01,Hamilton,1471,$1-5M,Under Review,Yes,959490847RC0001,2026-03-22
TXN-00000594,BIZ-00179,Ontario Business 122,Sole Proprietorship,Energy,251872.84,62707.86,2025-09-25,2025-01-01,Northern,4643,$25-100M,Non-Compliant,No,203726307RC0001,2026-01-22
TXN-00000595,BIZ-00361,Ontario Business 341,Crown Corporation,Energy,4074250.27,642648.9,2026-03-11,2024-07-01,Niagara,35,>$100M,Exempt,Yes,932057972RC0001,2026-03-17
TXN-00000596,BIZ-00427,Ontario Business 304,Partnership,Healthcare,1124465.46,377731.92,2025-03-12,2024-04-01,Central,3804,$5-25M,Under Review,No,524252238RC0001,2026-07-10
TXN-00000597,BIZ-00157,Ontario Business 465,Crown Corporation,Healthcare,4880858.71,60866.85,2024-03-28,2025-01-01,Northern,32,$25-100M,Under Review,Yes,891152698RC0001,2026-05-27
TXN-00000598,BIZ-00061,Ontario Business 299,Cooperative,Healthcare,2687152.09,632697.42,2024-12-03,2025-07-01,GTA,3366,$1-5M,Exempt,No,945859656RC0001,2026-01-17
TXN-00000599,BIZ-00497,Ontario Business 194,Crown Corporation,Education,3244375.44,234497.1,2025-09-26,2024-07-01,Waterloo,3106,$25-100M,Exempt,No,165972910RC0001,2026-07-09
TXN-00000600,BIZ-00095,Ontario Business 71,Sole Proprietorship,Education,1374419.35,199195.45,2025-12-27,2025-07-01,Ottawa,2371,$1-5M,Exempt,Yes,892370297RC0001,2026-03-10
TXN-00000601,BIZ-00101,Ontario Business 455,Cooperative,Retail,4869201.76,192962.93,2024-04-16,2025-10-01,Northern,3522,$1-5M,Compliant,No,602423152RC0001,2026-05-01
TXN-00000602,BIZ-00392,Ontario Business 140,Cooperative,Retail,740423.58,94417.15,2026-05-28,2024-10-01,Southwestern,1075,<$1M,Exempt,Yes,651059303RC0001,2026-01-24
TXN-00000603,BIZ-00343,Ontario Business 376,Cooperative,Mining,142249.28,151250.2,2025-03-30,2025-01-01,Ottawa,3717,$5-25M,Compliant,Yes,810425731RC0001,2026-02-15
TXN-00000604,BIZ-00303,Ontario Business 476,Partnership,Agriculture,1182815.59,363731.09,2024-01-16,2025-01-01,Eastern,1379,$25-100M,Compliant,Yes,420426861RC0001,2026-03-22
TXN-00000605,BIZ-00107,Ontario Business 377,Partnership,Healthcare,4826373.07,206655.87,2025-03-12,2025-01-01,Southwestern,1845,<$1M,Exempt,Yes,750092307RC0001,2026-06-22
TXN-00000606,BIZ-00494,Ontario Business 324,Corporation,Education,1151936.62,524184.16,2026-02-16,2025-07-01,Southwestern,3656,<$1M,Non-Compliant,No,326749564RC0001,2026-03-04
TXN-00000607,BIZ-00480,Ontario Business 328,Cooperative,Agriculture,4725122.11,108226.88,2024-11-05,2024-07-01,Hamilton,3361,>$100M,Under Review,Yes,135010109RC0001,2026-04-12
TXN-00000608,BIZ-00473,Ontario Business 277,Sole Proprietorship,Mining,4733013.52,384754.74,2026-01-13,2025-04-01,Central,4515,<$1M,Under Review,No,472128510RC0001,2026-04-28
TXN-00000609,BIZ-00061,Ontario Business 346,Non-Profit,Education,2864945.52,446380.65,2024-04-12,2024-07-01,Niagara,1442,$5-25M,Non-Compliant,Yes,214652393RC0001,2026-03-19
TXN-00000610,BIZ-00165,Ontario Business 128,Cooperative,Education,1694221.33,130280.39,2026-07-31,2025-10-01,Ottawa,1828,$25-100M,Exempt,No,514496328RC0001,2026-01-21
TXN-00000611,BIZ-00221,Ontario Business 52,Crown Corporation,Technology,1594268.17,156730.82,2025-04-08,2024-04-01,Hamilton,1941,$25-100M,Exempt,Yes,236422864RC0001,2026-05-08
TXN-00000612,BIZ-00359,Ontario Business 133,Crown Corporation,Technology,2088603.83,489403.94,2026-05-24,2025-07-01,Eastern,640,$1-5M,Compliant,No,947649257RC0001,2026-05-16
TXN-00000613,BIZ-00418,Ontario Business 393,Non-Profit,Retail,4281467.18,431013.37,2025-02-01,2026-01-01,Northern,4867,$25-100M,Exempt,Yes,156504477RC0001,2026-03-11
TXN-00000614,BIZ-00046,Ontario Business 284,Crown Corporation,Finance,3064672.37,42462.88,2026-02-13,2024-07-01,Niagara,3636,>$100M,Exempt,No,898207387RC0001,2026-06-26
TXN-00000615,BIZ-00480,Ontario Business 286,Crown Corporation,Retail,2457505.0,168090.83,2026-06-28,2024-07-01,Waterloo,1179,$5-25M,Non-Compliant,Yes,229581790RC0001,2026-04-26
TXN-00000616,BIZ-00499,Ontario Business 172,Partnership,Technology,1303223.2,544669.17,2025-03-20,2024-07-01,Southwestern,1917,>$100M,Non-Compliant,Yes,343411307RC0001,2026-06-04
TXN-00000617,BIZ-00447,Ontario Business 239,Sole Proprietorship,Education,2384356.14,182943.92,2025-03-26,2025-10-01,Waterloo,471,>$100M,Non-Compliant,Yes,377023965RC0001,2026-02-03
TXN-00000618,BIZ-00183,Ontario Business 479,Cooperative,Technology,3082945.22,255066.87,2025-02-22,2024-04-01,Eastern,4174,$5-25M,Non-Compliant,Yes,644485264RC0001,2026-07-13
TXN-00000619,BIZ-00268,Ontario Business 96,Sole Proprietorship,Healthcare,4702809.27,96654.95,2025-09-26,2025-10-01,Hamilton,4193,$1-5M,Non-Compliant,Yes,485400853RC0001,2026-05-18
TXN-00000620,BIZ-00359,Ontario Business 350,Cooperative,Energy,3088344.85,70335.53,2025-09-13,2026-01-01,Hamilton,3353,$1-5M,Non-Compliant,No,855498818RC0001,2026-07-25
TXN-00000621,BIZ-00337,Ontario Business 295,Sole Proprietorship,Finance,1671188.35,420685.08,2024-10-03,2025-01-01,Hamilton,3335,$1-5M,Exempt,No,289660782RC0001,2026-05-09
TXN-00000622,BIZ-00255,Ontario Business 50,Corporation,Construction,4062139.88,627299.29,2025-03-23,2025-07-01,Eastern,2806,>$100M,Non-Compliant,No,309671755RC0001,2026-06-05
TXN-00000623,BIZ-00138,Ontario Business 474,Partnership,Technology,2125531.21,369321.27,2025-09-22,2025-07-01,Durham,1053,>$100M,Non-Compliant,No,352835901RC0001,2026-07-20
TXN-00000624,BIZ-00411,Ontario Business 32,Non-Profit,Mining,3655343.09,457550.26,2025-06-17,2025-07-01,Central,2267,<$1M,Exempt,Yes,852487049RC0001,2026-07-16
TXN-00000625,BIZ-00316,Ontario Business 154,Sole Proprietorship,Healthcare,1561846.81,367925.54,2024-05-01,2025-04-01,Northern,584,$5-25M,Non-Compliant,No,875467384RC0001,2026-01-09
TXN-00000626,BIZ-00297,Ontario Business 206,Crown Corporation,Education,736013.87,591365.99,2025-07-17,2025-07-01,Hamilton,2144,<$1M,Non-Compliant,Yes,935391184RC0001,2026-04-05
TXN-00000627,BIZ-00082,Ontario Business 382,Cooperative,Construction,3183457.67,302460.88,2026-03-20,2024-04-01,Eastern,3017,$5-25M,Exempt,No,508408088RC0001,2026-07-28
TXN-00000628,BIZ-00410,Ontario Business 417,Sole Proprietorship,Technology,4823664.77,513100.99,2025-11-05,2026-01-01,Waterloo,4978,$25-100M,Non-Compliant,Yes,816294823RC0001,2026-06-15
TXN-00000629,BIZ-00001,Ontario Business 299,Corporation,Education,3520261.33,229927.99,2026-04-16,2024-07-01,Waterloo,2318,<$1M,Exempt,Yes,987516421RC0001,2026-07-24
TXN-00000630,BIZ-00495,Ontario Business 117,Partnership,Education,513622.66,472180.83,2024-10-05,2024-07-01,Ottawa,4089,<$1M,Under Review,Yes,249420033RC0001,2026-01-14
TXN-00000631,BIZ-00301,Ontario Business 74,Partnership,Healthcare,3785558.01,136974.27,2024-01-30,2024-04-01,Northern,4794,$5-25M,Compliant,Yes,940790828RC0001,2026-07-08
TXN-00000632,BIZ-00048,Ontario Business 156,Crown Corporation,Retail,4514480.3,538846.62,2025-04-01,2024-10-01,Waterloo,4688,<$1M,Non-Compliant,No,445746487RC0001,2026-02-02
TXN-00000633,BIZ-00124,Ontario Business 247,Non-Profit,Manufacturing,3471429.78,18241.59,2025-09-19,2026-01-01,Central,3933,$5-25M,Non-Compliant,No,684314938RC0001,2026-03-14
TXN-00000634,BIZ-00146,Ontario Business 70,Crown Corporation,Manufacturing,978705.65,535190.5,2024-09-08,2025-04-01,Niagara,2807,<$1M,Compliant,Yes,865518345RC0001,2026-03-16
TXN-00000635,BIZ-00288,Ontario Business 103,Corporation,Agriculture,690250.31,58068.26,2024-02-12,2024-07-01,Niagara,402,$25-100M,Non-Compliant,No,963872125RC0001,2026-05-29
TXN-00000636,BIZ-00022,Ontario Business 104,Partnership,Mining,1216187.97,646982.45,2024-05-01,2026-01-01,Hamilton,1593,$1-5M,Non-Compliant,Yes,906317492RC0001,2026-07-01
TXN-00000637,BIZ-00323,Ontario Business 22,Cooperative,Construction,556042.07,467840.39,2024-06-04,2024-07-01,Durham,1308,<$1M,Exempt,Yes,565825031RC0001,2026-06-20
TXN-00000638,BIZ-00097,Ontario Business 292,Sole Proprietorship,Manufacturing,336075.98,603606.74,2025-04-17,2024-07-01,Ottawa,224,>$100M,Compliant,Yes,352906675RC0001,2026-05-19
TXN-00000639,BIZ-00286,Ontario Business 124,Crown Corporation,Mining,3399941.9,591401.35,2026-02-27,2024-10-01,Central,3685,>$100M,Non-Compliant,Yes,940028233RC0001,2026-04-02
TXN-00000640,BIZ-00217,Ontario Business 159,Partnership,Healthcare,4517684.84,393760.08,2025-11-28,2025-01-01,Central,2392,$25-100M,Under Review,No,367376097RC0001,2026-06-01
TXN-00000641,BIZ-00290,Ontario Business 360,Crown Corporation,Finance,1531518.28,10927.75,2024-06-09,2025-01-01,Durham,2150,>$100M,Under Review,Yes,342105364RC0001,2026-01-19
TXN-00000642,BIZ-00244,Ontario Business 325,Partnership,Mining,377440.36,208572.83,2025-09-13,2024-04-01,Waterloo,194,$1-5M,Non-Compliant,No,248648570RC0001,2026-05-14
TXN-00000643,BIZ-00459,Ontario Business 193,Non-Profit,Manufacturing,3074720.82,153187.78,2025-10-16,2024-07-01,GTA,3138,$25-100M,Under Review,Yes,328782694RC0001,2026-05-14
TXN-00000644,BIZ-00095,Ontario Business 228,Crown Corporation,Energy,4100363.89,616228.59,2024-10-29,2024-04-01,Northern,2458,>$100M,Exempt,No,659564102RC0001,2026-06-07
TXN-00000645,BIZ-00295,Ontario Business 361,Sole Proprietorship,Manufacturing,4814266.11,235489.4,2024-12-19,2025-07-01,Northern,223,<$1M,Compliant,Yes,781250446RC0001,2026-06-29
TXN-00000646,BIZ-00487,Ontario Business 463,Cooperative,Energy,3393087.39,196848.68,2024-11-11,2025-04-01,Hamilton,4872,$1-5M,Compliant,No,391011133RC0001,2026-01-15
TXN-00000647,BIZ-00188,Ontario Business 54,Cooperative,Agriculture,4277542.4,303107.79,2024-07-12,2024-10-01,Northern,842,$25-100M,Exempt,No,760719581RC0001,2026-06-06
TXN-00000648,BIZ-00028,Ontario Business 69,Partnership,Retail,3741319.32,407664.31,2025-06-26,2025-01-01,Waterloo,610,<$1M,Under Review,Yes,106696816RC0001,2026-06-26
TXN-00000649,BIZ-00141,Ontario Business 55,Cooperative,Technology,1148530.4,316461.59,2025-06-04,2024-07-01,GTA,1231,>$100M,Exempt,Yes,739348055RC0001,2026-03-29
TXN-00000650,BIZ-00419,Ontario Business 427,Crown Corporation,Energy,4967774.69,575016.01,2024-04-27,2024-10-01,Niagara,1759,$25-100M,Compliant,Yes,630289419RC0001,2026-07-15
TXN-00000651,BIZ-00311,Ontario Business 219,Cooperative,Manufacturing,1040032.99,15110.13,2024-07-04,2024-10-01,Central,848,$25-100M,Exempt,No,569123221RC0001,2026-05-17
TXN-00000652,BIZ-00319,Ontario Business 313,Sole Proprietorship,Healthcare,4530600.11,317967.25,2025-03-03,2024-10-01,Ottawa,1704,$1-5M,Non-Compliant,No,719660338RC0001,2026-07-03
TXN-00000653,BIZ-00178,Ontario Business 288,Sole Proprietorship,Mining,4734868.74,625275.14,2024-12-24,2025-10-01,Northern,524,>$100M,Under Review,No,742380317RC0001,2026-01-09
TXN-00000654,BIZ-00299,Ontario Business 459,Cooperative,Mining,1520423.61,193113.5,2026-02-07,2025-04-01,Hamilton,2986,$1-5M,Exempt,No,310421326RC0001,2026-07-13
TXN-00000655,BIZ-00232,Ontario Business 390,Non-Profit,Finance,1744902.85,271382.07,2024-10-26,2025-07-01,Durham,3510,$5-25M,Exempt,No,548494707RC0001,2026-05-30
TXN-00000656,BIZ-00184,Ontario Business 461,Cooperative,Energy,3385240.08,316016.75,2024-01-05,2025-07-01,Ottawa,4594,$25-100M,Non-Compliant,Yes,525536553RC0001,2026-04-29
TXN-00000657,BIZ-00307,Ontario Business 374,Non-Profit,Education,4616981.78,561812.24,2024-03-09,2024-07-01,Central,4800,<$1M,Non-Compliant,Yes,455813676RC0001,2026-04-16
TXN-00000658,BIZ-00258,Ontario Business 234,Corporation,Retail,4363038.48,276145.8,2025-01-21,2026-01-01,Waterloo,2926,<$1M,Compliant,No,839423425RC0001,2026-04-12
TXN-00000659,BIZ-00209,Ontario Business 430,Corporation,Education,1102639.9,457709.24,2026-04-18,2024-10-01,Durham,3042,<$1M,Non-Compliant,Yes,548319110RC0001,2026-02-06
TXN-00000660,BIZ-00391,Ontario Business 238,Partnership,Technology,4294761.22,409305.35,2024-06-15,2024-04-01,Waterloo,1294,$1-5M,Non-Compliant,Yes,218008575RC0001,2026-02-17
TXN-00000661,BIZ-00393,Ontario Business 398,Sole Proprietorship,Agriculture,63520.52,377594.88,2025-11-19,2025-04-01,Southwestern,3132,$1-5M,Exempt,No,361435663RC0001,2026-03-24
TXN-00000662,BIZ-00490,Ontario Business 369,Corporation,Retail,2557963.12,171384.7,2026-05-23,2026-01-01,Ottawa,2582,<$1M,Under Review,No,396136401RC0001,2026-04-05
TXN-00000663,BIZ-00386,Ontario Business 413,Non-Profit,Mining,1202756.8,640144.85,2024-11-16,2025-01-01,Eastern,2716,>$100M,Non-Compliant,Yes,565206355RC0001,2026-06-01
TXN-00000664,BIZ-00178,Ontario Business 115,Partnership,Mining,3561823.97,93134.99,2025-07-17,2026-01-01,Central,649,$1-5M,Compliant,Yes,170590544RC0001,2026-05-21
TXN-00000665,BIZ-00046,Ontario Business 255,Cooperative,Retail,3770566.89,297437.27,2026-02-23,2024-07-01,Ottawa,652,$5-25M,Exempt,Yes,325432405RC0001,2026-04-19
TXN-00000666,BIZ-00436,Ontario Business 14,Non-Profit,Agriculture,3051190.54,62684.58,2026-06-10,2024-04-01,Central,24,$5-25M,Non-Compliant,No,781945374RC0001,2026-01-27
TXN-00000667,BIZ-00317,Ontario Business 336,Crown Corporation,Retail,308919.66,550497.83,2025-01-05,2026-01-01,Central,4259,$1-5M,Non-Compliant,No,483982030RC0001,2026-06-03
TXN-00000668,BIZ-00377,Ontario Business 140,Sole Proprietorship,Healthcare,83376.35,194867.02,2024-01-18,2025-04-01,Ottawa,4209,$1-5M,Exempt,No,391449391RC0001,2026-05-26
TXN-00000669,BIZ-00019,Ontario Business 427,Crown Corporation,Agriculture,2215261.41,210948.06,2024-02-05,2025-07-01,Southwestern,979,$5-25M,Compliant,Yes,716076247RC0001,2026-02-22
TXN-00000670,BIZ-00235,Ontario Business 190,Crown Corporation,Construction,4906932.22,638499.84,2026-05-25,2026-01-01,Waterloo,3106,<$1M,Exempt,Yes,819860269RC0001,2026-04-19
TXN-00000671,BIZ-00301,Ontario Business 142,Corporation,Manufacturing,3802435.77,530596.49,2024-06-24,2025-04-01,Durham,1680,$25-100M,Non-Compliant,No,731325277RC0001,2026-08-01
TXN-00000672,BIZ-00187,Ontario Business 276,Sole Proprietorship,Construction,2315647.61,40126.44,2025-02-23,2024-10-01,Northern,3407,>$100M,Compliant,No,517323989RC0001,2026-05-25
TXN-00000673,BIZ-00345,Ontario Business 344,Partnership,Mining,144088.48,576182.87,2026-05-21,2024-10-01,Hamilton,3480,<$1M,Compliant,Yes,282224084RC0001,2026-07-02
TXN-00000674,BIZ-00116,Ontario Business 182,Corporation,Finance,136599.44,405579.17,2026-06-07,2025-04-01,Central,4804,$25-100M,Compliant,No,938717318RC0001,2026-05-01
TXN-00000675,BIZ-00106,Ontario Business 361,Partnership,Mining,1307508.49,126617.76,2024-12-20,2025-10-01,Eastern,1676,$25-100M,Non-Compliant,No,735930867RC0001,2026-06-27
TXN-00000676,BIZ-00044,Ontario Business 125,Cooperative,Agriculture,3677620.49,578900.56,2025-06-25,2026-01-01,GTA,926,>$100M,Compliant,Yes,228834078RC0001,2026-07-04
TXN-00000677,BIZ-00119,Ontario Business 120,Crown Corporation,Mining,1629674.5,434559.17,2024-06-12,2025-01-01,Eastern,769,$5-25M,Under Review,Yes,395800061RC0001,2026-01-21
TXN-00000678,BIZ-00323,Ontario Business 464,Crown Corporation,Technology,3346153.21,570902.95,2026-02-19,2024-07-01,Northern,4012,>$100M,Exempt,No,357686542RC0001,2026-03-04
TXN-00000679,BIZ-00382,Ontario Business 262,Crown Corporation,Mining,3229760.11,547107.53,2026-01-12,2024-07-01,Eastern,1411,$1-5M,Compliant,Yes,294400292RC0001,2026-01-14
TXN-00000680,BIZ-00157,Ontario Business 145,Non-Profit,Retail,3294386.03,465628.78,2026-06-01,2025-07-01,Ottawa,4946,$25-100M,Compliant,No,374245621RC0001,2026-05-31
TXN-00000681,BIZ-00181,Ontario Business 244,Corporation,Technology,4006273.09,632055.91,2025-11-15,2025-07-01,Waterloo,4844,<$1M,Compliant,Yes,648908030RC0001,2026-03-17
TXN-00000682,BIZ-00085,Ontario Business 69,Partnership,Healthcare,2493317.4,459255.74,2025-07-06,2025-01-01,Ottawa,1955,$25-100M,Exempt,No,325069866RC0001,2026-03-07
TXN-00000683,BIZ-00018,Ontario Business 115,Corporation,Energy,3694558.28,307498.17,2024-06-23,2025-07-01,Ottawa,4080,$1-5M,Under Review,Yes,473043658RC0001,2026-05-14
TXN-00000684,BIZ-00059,Ontario Business 120,Crown Corporation,Agriculture,817297.81,105548.48,2024-03-24,2025-07-01,Northern,3986,>$100M,Exempt,No,408972059RC0001,2026-04-14
TXN-00000685,BIZ-00090,Ontario Business 42,Corporation,Education,4765387.49,5748.65,2024-02-24,2025-10-01,Northern,357,>$100M,Under Review,Yes,984169146RC0001,2026-02-03
TXN-00000686,BIZ-00138,Ontario Business 6,Crown Corporation,Education,2164105.79,467400.38,2025-10-13,2025-07-01,Eastern,3186,$1-5M,Under Review,Yes,912130992RC0001,2026-06-28
TXN-00000687,BIZ-00126,Ontario Business 455,Cooperative,Energy,220092.64,554907.16,2024-04-17,2025-01-01,Southwestern,2100,>$100M,Exempt,No,129053837RC0001,2026-06-01
TXN-00000688,BIZ-00068,Ontario Business 420,Non-Profit,Healthcare,4209408.69,342364.1,2025-06-04,2025-04-01,Central,2225,>$100M,Non-Compliant,No,251182675RC0001,2026-04-01
TXN-00000689,BIZ-00151,Ontario Business 239,Sole Proprietorship,Technology,1444933.43,163034.03,2026-05-04,2025-04-01,Northern,883,$25-100M,Non-Compliant,No,347961947RC0001,2026-05-26
TXN-00000690,BIZ-00132,Ontario Business 301,Corporation,Retail,4066731.18,211683.05,2026-06-12,2025-04-01,Southwestern,2119,$5-25M,Exempt,No,620754781RC0001,2026-03-21
TXN-00000691,BIZ-00265,Ontario Business 35,Partnership,Energy,801095.24,87596.38,2026-06-27,2025-10-01,Southwestern,3105,$5-25M,Compliant,Yes,126722741RC0001,2026-03-06
TXN-00000692,BIZ-00122,Ontario Business 43,Crown Corporation,Agriculture,1469436.12,49778.87,2025-09-02,2024-07-01,Eastern,3579,>$100M,Exempt,No,379852046RC0001,2026-05-15
TXN-00000693,BIZ-00113,Ontario Business 316,Sole Proprietorship,Construction,2424983.71,582058.35,2024-05-15,2026-01-01,Ottawa,2966,$5-25M,Under Review,Yes,376365742RC0001,2026-01-30
TXN-00000694,BIZ-00085,Ontario Business 163,Corporation,Manufacturing,4259197.84,440342.15,2024-10-08,2024-07-01,Northern,2360,$25-100M,Under Review,Yes,346511711RC0001,2026-04-27
TXN-00000695,BIZ-00468,Ontario Business 75,Corporation,Construction,1488313.49,44838.53,2025-05-09,2025-07-01,Eastern,3912,<$1M,Compliant,No,353626448RC0001,2026-02-11
TXN-00000696,BIZ-00121,Ontario Business 306,Non-Profit,Agriculture,3320544.06,361140.76,2025-05-16,2026-01-01,Eastern,1853,$5-25M,Under Review,Yes,100690446RC0001,2026-05-16
TXN-00000697,BIZ-00175,Ontario Business 470,Non-Profit,Manufacturing,4838346.01,299079.8,2024-12-30,2024-10-01,Niagara,1855,$1-5M,Compliant,No,959098667RC0001,2026-07-17
TXN-00000698,BIZ-00393,Ontario Business 190,Corporation,Technology,2784308.62,225397.85,2025-06-03,2024-07-01,Durham,1004,<$1M,Non-Compliant,Yes,702757617RC0001,2026-01-31
TXN-00000699,BIZ-00255,Ontario Business 419,Cooperative,Agriculture,1176506.04,87773.51,2025-10-19,2024-04-01,Niagara,2091,$1-5M,Under Review,No,464430132RC0001,2026-02-18
TXN-00000700,BIZ-00416,Ontario Business 159,Sole Proprietorship,Manufacturing,1419677.14,440206.26,2025-12-30,2024-07-01,Waterloo,3644,$1-5M,Compliant,No,154208962RC0001,2026-08-01
TXN-00000701,BIZ-00474,Ontario Business 447,Non-Profit,Manufacturing,927034.33,96491.07,2026-03-04,2025-01-01,GTA,201,>$100M,Compliant,No,341561590RC0001,2026-01-29
TXN-00000702,BIZ-00193,Ontario Business 99,Sole Proprietorship,Finance,1467657.52,147896.69,2025-11-04,2026-01-01,Northern,2505,$5-25M,Exempt,Yes,715078725RC0001,2026-07-08
TXN-00000703,BIZ-00015,Ontario Business 473,Crown Corporation,Healthcare,4478093.78,54406.14,2026-07-15,2024-10-01,Central,4062,>$100M,Exempt,Yes,153526153RC0001,2026-02-07
TXN-00000704,BIZ-00156,Ontario Business 436,Corporation,Mining,4946320.79,543452.45,2025-11-05,2024-10-01,Hamilton,1334,$5-25M,Non-Compliant,No,289496098RC0001,2026-01-10
TXN-00000705,BIZ-00226,Ontario Business 197,Non-Profit,Mining,3142917.41,50202.65,2024-05-26,2025-01-01,Ottawa,738,>$100M,Exempt,No,644099356RC0001,2026-05-28
TXN-00000706,BIZ-00183,Ontario Business 55,Crown Corporation,Education,1792028.25,594196.33,2024-04-19,2024-04-01,GTA,3051,$5-25M,Non-Compliant,Yes,906839654RC0001,2026-02-06
TXN-00000707,BIZ-00239,Ontario Business 225,Crown Corporation,Technology,586554.4,562455.34,2024-08-15,2024-07-01,Niagara,1128,$5-25M,Exempt,No,198900865RC0001,2026-01-07
TXN-00000708,BIZ-00018,Ontario Business 10,Sole Proprietorship,Education,4301496.16,487785.65,2024-12-23,2026-01-01,Southwestern,1960,>$100M,Exempt,Yes,689152035RC0001,2026-03-11
TXN-00000709,BIZ-00440,Ontario Business 409,Crown Corporation,Healthcare,3725688.29,355455.35,2026-04-01,2025-07-01,Durham,611,$25-100M,Under Review,Yes,289362428RC0001,2026-01-28
TXN-00000710,BIZ-00090,Ontario Business 304,Corporation,Agriculture,795524.39,264640.3,2026-05-23,2026-01-01,Northern,2706,<$1M,Compliant,Yes,739685624RC0001,2026-06-19
TXN-00000711,BIZ-00267,Ontario Business 479,Corporation,Manufacturing,4775196.61,468083.55,2024-02-23,2024-10-01,Niagara,1253,$1-5M,Exempt,Yes,489691812RC0001,2026-01-10
TXN-00000712,BIZ-00197,Ontario Business 401,Crown Corporation,Retail,2785411.95,606250.28,2025-11-23,2025-07-01,Northern,1249,>$100M,Under Review,No,402098515RC0001,2026-07-25
TXN-00000713,BIZ-00202,Ontario Business 173,Cooperative,Retail,2472066.17,144728.3,2024-03-19,2025-10-01,Waterloo,756,$5-25M,Non-Compliant,No,739056365RC0001,2026-01-14
TXN-00000714,BIZ-00106,Ontario Business 198,Partnership,Manufacturing,1775642.97,486143.24,2026-05-23,2025-04-01,Northern,1672,$25-100M,Under Review,No,569213004RC0001,2026-04-19
TXN-00000715,BIZ-00232,Ontario Business 444,Crown Corporation,Finance,837650.87,592491.37,2025-05-08,2025-10-01,Ottawa,4039,$5-25M,Exempt,Yes,397957515RC0001,2026-07-26
TXN-00000716,BIZ-00183,Ontario Business 385,Partnership,Finance,3780886.4,191330.08,2026-02-13,2024-10-01,GTA,2950,>$100M,Exempt,No,258183713RC0001,2026-04-04
TXN-00000717,BIZ-00148,Ontario Business 310,Crown Corporation,Agriculture,263941.1,176751.86,2025-05-08,2024-07-01,Waterloo,3262,<$1M,Under Review,No,906092318RC0001,2026-07-25
TXN-00000718,BIZ-00262,Ontario Business 319,Crown Corporation,Manufacturing,346404.83,278386.35,2024-05-05,2025-07-01,Niagara,2812,$1-5M,Non-Compliant,Yes,198703163RC0001,2026-01-25
TXN-00000719,BIZ-00396,Ontario Business 380,Cooperative,Energy,1400516.08,119395.27,2024-01-05,2024-07-01,Central,188,$5-25M,Under Review,No,756126708RC0001,2026-07-21
TXN-00000720,BIZ-00032,Ontario Business 361,Non-Profit,Education,4188869.34,17484.96,2026-04-03,2025-01-01,Central,4320,$5-25M,Non-Compliant,Yes,558658124RC0001,2026-03-08
TXN-00000721,BIZ-00165,Ontario Business 135,Cooperative,Agriculture,2242217.18,497616.67,2025-04-04,2026-01-01,Southwestern,1090,$5-25M,Non-Compliant,Yes,778655281RC0001,2026-05-29
TXN-00000722,BIZ-00332,Ontario Business 30,Cooperative,Retail,1065768.17,344675.05,2026-03-27,2026-01-01,Central,3307,>$100M,Non-Compliant,No,821439835RC0001,2026-05-16
TXN-00000723,BIZ-00168,Ontario Business 32,Cooperative,Construction,2612960.29,416604.63,2025-03-17,2026-01-01,Northern,2601,$1-5M,Compliant,Yes,458147152RC0001,2026-05-16
TXN-00000724,BIZ-00003,Ontario Business 279,Crown Corporation,Construction,2612669.88,505545.78,2026-06-26,2025-04-01,Central,888,<$1M,Under Review,Yes,962708904RC0001,2026-03-14
TXN-00000725,BIZ-00212,Ontario Business 247,Corporation,Mining,3084930.48,100381.31,2024-12-10,2024-10-01,Eastern,3598,<$1M,Compliant,Yes,877235586RC0001,2026-02-07
TXN-00000726,BIZ-00373,Ontario Business 408,Non-Profit,Energy,4342436.74,416445.27,2024-07-14,2025-07-01,Ottawa,4584,$25-100M,Non-Compliant,No,159687184RC0001,2026-04-04
TXN-00000727,BIZ-00105,Ontario Business 418,Sole Proprietorship,Technology,2814007.66,159770.83,2024-03-19,2025-01-01,GTA,534,$5-25M,Non-Compliant,No,393768683RC0001,2026-07-22
TXN-00000728,BIZ-00495,Ontario Business 56,Non-Profit,Construction,789414.59,366896.66,2025-11-03,2025-04-01,Ottawa,470,$1-5M,Exempt,No,452302750RC0001,2026-05-16
TXN-00000729,BIZ-00488,Ontario Business 8,Crown Corporation,Mining,3903477.97,144465.18,2025-12-27,2025-04-01,GTA,581,<$1M,Exempt,Yes,993862848RC0001,2026-02-18
TXN-00000730,BIZ-00453,Ontario Business 18,Sole Proprietorship,Construction,140758.67,298992.21,2025-06-25,2025-04-01,Niagara,3760,>$100M,Compliant,No,611199440RC0001,2026-07-24
TXN-00000731,BIZ-00358,Ontario Business 120,Crown Corporation,Manufacturing,4855524.02,68715.23,2025-03-02,2024-10-01,Hamilton,2827,>$100M,Under Review,No,432353124RC0001,2026-04-16
TXN-00000732,BIZ-00475,Ontario Business 25,Corporation,Technology,82104.17,259874.37,2025-09-15,2026-01-01,Hamilton,2393,<$1M,Compliant,No,159105521RC0001,2026-01-17
TXN-00000733,BIZ-00263,Ontario Business 111,Sole Proprietorship,Energy,3148968.42,447920.95,2025-02-11,2025-10-01,Ottawa,4458,<$1M,Exempt,Yes,103471323RC0001,2026-05-15
TXN-00000734,BIZ-00467,Ontario Business 174,Sole Proprietorship,Construction,206032.19,324807.76,2026-04-29,2024-04-01,Ottawa,51,$1-5M,Under Review,Yes,878357157RC0001,2026-01-30
TXN-00000735,BIZ-00087,Ontario Business 360,Crown Corporation,Agriculture,4144002.79,568093.91,2025-09-20,2024-04-01,Central,785,<$1M,Compliant,Yes,917514329RC0001,2026-05-20
TXN-00000736,BIZ-00466,Ontario Business 35,Cooperative,Education,2831894.7,513330.3,2026-01-13,2024-07-01,GTA,3130,$25-100M,Exempt,No,169553784RC0001,2026-01-11
TXN-00000737,BIZ-00430,Ontario Business 57,Partnership,Mining,1525272.82,53107.87,2026-04-02,2025-10-01,Eastern,1471,>$100M,Under Review,Yes,489555302RC0001,2026-01-29
TXN-00000738,BIZ-00291,Ontario Business 196,Partnership,Finance,4560607.13,596114.47,2024-12-03,2025-10-01,Ottawa,3545,$25-100M,Under Review,Yes,167552553RC0001,2026-05-05
TXN-00000739,BIZ-00011,Ontario Business 445,Sole Proprietorship,Energy,1266674.7,195994.52,2026-04-14,2025-10-01,Central,2678,<$1M,Under Review,No,893303318RC0001,2026-02-10
TXN-00000740,BIZ-00462,Ontario Business 367,Corporation,Agriculture,3317214.33,515319.28,2026-07-26,2025-07-01,Southwestern,4300,<$1M,Non-Compliant,No,470752933RC0001,2026-06-08
TXN-00000741,BIZ-00429,Ontario Business 498,Partnership,Technology,4914401.64,110992.0,2024-05-25,2025-04-01,Northern,3432,$1-5M,Under Review,No,292669447RC0001,2026-02-28
TXN-00000742,BIZ-00060,Ontario Business 338,Crown Corporation,Energy,1438125.67,287766.58,2024-05-07,2025-01-01,Northern,20,$1-5M,Compliant,No,196741735RC0001,2026-06-26
TXN-00000743,BIZ-00106,Ontario Business 316,Cooperative,Finance,72717.73,68902.78,2025-06-20,2025-10-01,Hamilton,3485,$25-100M,Non-Compliant,No,656265572RC0001,2026-02-12
TXN-00000744,BIZ-00092,Ontario Business 262,Cooperative,Construction,2773642.62,324398.78,2024-07-18,2024-04-01,GTA,2452,>$100M,Exempt,Yes,133597034RC0001,2026-06-28
TXN-00000745,BIZ-00297,Ontario Business 469,Crown Corporation,Education,1957646.48,291978.35,2026-05-06,2025-10-01,Northern,4651,$25-100M,Compliant,Yes,950443551RC0001,2026-07-01
TXN-00000746,BIZ-00312,Ontario Business 435,Crown Corporation,Retail,4221868.25,388881.87,2026-07-17,2024-04-01,Southwestern,4037,<$1M,Exempt,No,982335850RC0001,2026-06-02
TXN-00000747,BIZ-00168,Ontario Business 443,Partnership,Energy,3190112.31,551672.66,2026-01-20,2025-04-01,Niagara,2820,$25-100M,Exempt,Yes,363192785RC0001,2026-06-26
TXN-00000748,BIZ-00418,Ontario Business 461,Cooperative,Construction,557191.57,128468.66,2024-06-20,2026-01-01,Durham,4768,$1-5M,Under Review,No,926516119RC0001,2026-02-25
TXN-00000749,BIZ-00075,Ontario Business 480,Sole Proprietorship,Construction,3837784.83,277119.83,2024-11-24,2025-04-01,Durham,2372,$1-5M,Exempt,No,925148553RC0001,2026-06-02
TXN-00000750,BIZ-00395,Ontario Business 410,Partnership,Education,3443276.94,222860.98,2024-10-08,2024-04-01,Eastern,247,<$1M,Under Review,Yes,422392617RC0001,2026-03-01
TXN-00000751,BIZ-00197,Ontario Business 213,Partnership,Mining,1470133.74,584438.5,2024-07-25,2024-10-01,Eastern,1118,$1-5M,Non-Compliant,No,876577383RC0001,2026-03-04
TXN-00000752,BIZ-00112,Ontario Business 179,Crown Corporation,Education,2573960.87,105326.24,2024-05-15,2025-10-01,Central,3968,$5-25M,Non-Compliant,Yes,813543310RC0001,2026-01-02
TXN-00000753,BIZ-00499,Ontario Business 404,Sole Proprietorship,Mining,2736347.22,73565.88,2024-08-26,2026-01-01,Niagara,600,>$100M,Compliant,No,821544361RC0001,2026-04-27
TXN-00000754,BIZ-00247,Ontario Business 498,Corporation,Healthcare,4571210.74,569833.71,2024-04-27,2024-07-01,Central,4329,<$1M,Exempt,Yes,327487108RC0001,2026-01-18
TXN-00000755,BIZ-00182,Ontario Business 125,Non-Profit,Retail,803129.59,47744.37,2025-01-01,2026-01-01,Niagara,2768,<$1M,Compliant,No,316888026RC0001,2026-06-03
TXN-00000756,BIZ-00230,Ontario Business 451,Cooperative,Energy,114377.52,576550.37,2026-04-19,2024-10-01,Ottawa,3037,<$1M,Compliant,Yes,166701392RC0001,2026-01-08
TXN-00000757,BIZ-00330,Ontario Business 297,Partnership,Retail,1105578.29,23166.38,2025-04-15,2026-01-01,Eastern,1134,<$1M,Exempt,No,526253928RC0001,2026-05-25
TXN-00000758,BIZ-00149,Ontario Business 75,Crown Corporation,Education,3142916.35,359890.42,2026-05-04,2024-10-01,Niagara,1620,$1-5M,Exempt,No,547945141RC0001,2026-07-08
TXN-00000759,BIZ-00116,Ontario Business 356,Cooperative,Healthcare,439502.34,160289.96,2026-02-03,2024-04-01,Hamilton,2783,$1-5M,Exempt,Yes,396697651RC0001,2026-01-28
TXN-00000760,BIZ-00137,Ontario Business 436,Sole Proprietorship,Education,3606313.16,189766.03,2025-08-29,2025-01-01,GTA,3084,$5-25M,Exempt,Yes,402030294RC0001,2026-02-20
TXN-00000761,BIZ-00260,Ontario Business 376,Sole Proprietorship,Agriculture,4360530.55,41201.1,2025-05-24,2025-04-01,Northern,4426,>$100M,Non-Compliant,No,154880966RC0001,2026-04-02
TXN-00000762,BIZ-00273,Ontario Business 146,Cooperative,Construction,1298564.34,362514.22,2025-08-20,2025-04-01,Hamilton,2753,$1-5M,Exempt,Yes,799747457RC0001,2026-03-20
TXN-00000763,BIZ-00171,Ontario Business 419,Non-Profit,Construction,4562555.83,361348.71,2025-08-26,2024-10-01,Northern,2358,$5-25M,Non-Compliant,No,128325818RC0001,2026-07-06
TXN-00000764,BIZ-00334,Ontario Business 481,Partnership,Finance,611474.08,6224.62,2024-11-03,2025-10-01,Ottawa,898,$25-100M,Exempt,No,959218500RC0001,2026-03-13
TXN-00000765,BIZ-00191,Ontario Business 107,Non-Profit,Technology,3606775.28,286176.55,2025-09-26,2025-10-01,Niagara,1050,$25-100M,Under Review,Yes,354384984RC0001,2026-05-26
TXN-00000766,BIZ-00174,Ontario Business 411,Sole Proprietorship,Technology,163612.78,436620.79,2026-07-05,2024-10-01,Central,2878,$1-5M,Non-Compliant,Yes,786763745RC0001,2026-04-05
TXN-00000767,BIZ-00205,Ontario Business 355,Sole Proprietorship,Construction,4213508.78,316919.03,2026-02-03,2025-01-01,Ottawa,1440,$5-25M,Under Review,No,488856191RC0001,2026-05-16
TXN-00000768,BIZ-00369,Ontario Business 431,Crown Corporation,Technology,615942.09,649878.55,2026-01-25,2024-07-01,Ottawa,3645,$5-25M,Compliant,No,355138246RC0001,2026-06-20
TXN-00000769,BIZ-00106,Ontario Business 187,Non-Profit,Manufacturing,2056869.38,579559.56,2026-05-02,2024-10-01,Ottawa,2760,<$1M,Non-Compliant,No,721850349RC0001,2026-03-21
TXN-00000770,BIZ-00160,Ontario Business 113,Non-Profit,Construction,4429642.23,309190.5,2025-04-13,2024-07-01,Eastern,2652,>$100M,Under Review,No,847659195RC0001,2026-06-21
TXN-00000771,BIZ-00263,Ontario Business 349,Non-Profit,Healthcare,4565031.59,594097.21,2026-03-13,2025-04-01,Durham,1427,$5-25M,Exempt,Yes,874795474RC0001,2026-05-04
TXN-00000772,BIZ-00110,Ontario Business 313,Crown Corporation,Retail,996336.66,506206.33,2026-05-26,2024-07-01,Niagara,676,$1-5M,Compliant,Yes,689904243RC0001,2026-04-18
TXN-00000773,BIZ-00339,Ontario Business 274,Cooperative,Construction,2792217.72,99645.19,2025-12-12,2026-01-01,Hamilton,2708,<$1M,Non-Compliant,Yes,526293897RC0001,2026-06-18
TXN-00000774,BIZ-00226,Ontario Business 405,Sole Proprietorship,Technology,3465307.45,285785.95,2026-02-05,2025-07-01,GTA,3145,$25-100M,Compliant,Yes,886857498RC0001,2026-05-20
TXN-00000775,BIZ-00161,Ontario Business 495,Cooperative,Education,2590418.06,367536.2,2024-10-08,2025-04-01,Ottawa,3444,$5-25M,Under Review,Yes,206675541RC0001,2026-07-16
TXN-00000776,BIZ-00464,Ontario Business 43,Corporation,Energy,1908222.17,414227.07,2025-07-08,2025-07-01,Southwestern,234,$1-5M,Exempt,Yes,206713086RC0001,2026-05-13
TXN-00000777,BIZ-00022,Ontario Business 202,Cooperative,Technology,3579115.76,487651.66,2025-02-22,2025-01-01,Northern,1892,$5-25M,Compliant,No,284382572RC0001,2026-02-07
TXN-00000778,BIZ-00305,Ontario Business 338,Corporation,Education,4095942.23,259395.09,2024-07-23,2024-04-01,Hamilton,1970,>$100M,Exempt,Yes,795768744RC0001,2026-06-21
TXN-00000779,BIZ-00149,Ontario Business 262,Partnership,Energy,4766211.87,200217.74,2026-06-09,2025-01-01,GTA,33,$25-100M,Non-Compliant,No,974964319RC0001,2026-06-22
TXN-00000780,BIZ-00391,Ontario Business 460,Crown Corporation,Construction,2344918.22,189226.77,2025-10-25,2025-04-01,Niagara,2838,<$1M,Under Review,Yes,530973436RC0001,2026-03-04
TXN-00000781,BIZ-00103,Ontario Business 388,Sole Proprietorship,Energy,1109233.51,510442.18,2026-06-29,2025-01-01,Niagara,1613,<$1M,Non-Compliant,No,888767049RC0001,2026-04-01
TXN-00000782,BIZ-00238,Ontario Business 353,Non-Profit,Education,2019917.38,36347.88,2024-02-29,2024-10-01,Central,191,$25-100M,Exempt,No,558226706RC0001,2026-01-12
TXN-00000783,BIZ-00480,Ontario Business 198,Non-Profit,Energy,97384.51,608728.79,2025-12-29,2024-10-01,Niagara,671,<$1M,Exempt,No,499917547RC0001,2026-03-30
TXN-00000784,BIZ-00441,Ontario Business 434,Cooperative,Manufacturing,680589.4,496132.23,2024-09-17,2026-01-01,Southwestern,879,$5-25M,Compliant,Yes,822078580RC0001,2026-03-11
TXN-00000785,BIZ-00008,Ontario Business 346,Partnership,Manufacturing,2844454.73,338299.0,2025-06-11,2025-01-01,Central,4777,$25-100M,Compliant,Yes,105739907RC0001,2026-01-18
TXN-00000786,BIZ-00283,Ontario Business 338,Cooperative,Finance,39642.19,333917.65,2024-04-18,2025-10-01,Eastern,4352,>$100M,Compliant,Yes,863349269RC0001,2026-06-23
TXN-00000787,BIZ-00298,Ontario Business 324,Cooperative,Finance,2384298.7,368193.62,2025-06-02,2025-01-01,Durham,867,>$100M,Exempt,Yes,203427125RC0001,2026-04-16
TXN-00000788,BIZ-00171,Ontario Business 2,Corporation,Agriculture,4775535.7,302535.21,2025-01-05,2026-01-01,Niagara,66,<$1M,Compliant,No,865356638RC0001,2026-04-23
TXN-00000789,BIZ-00351,Ontario Business 432,Partnership,Finance,631577.0,85345.71,2025-09-03,2024-07-01,Central,1055,>$100M,Under Review,Yes,648001066RC0001,2026-01-28
TXN-00000790,BIZ-00465,Ontario Business 408,Crown Corporation,Education,1685642.05,487177.07,2025-05-14,2026-01-01,Eastern,637,$1-5M,Compliant,No,411002480RC0001,2026-05-26
TXN-00000791,BIZ-00126,Ontario Business 60,Sole Proprietorship,Energy,688978.73,631419.05,2026-01-31,2026-01-01,Niagara,1494,$5-25M,Non-Compliant,Yes,628124057RC0001,2026-04-19
TXN-00000792,BIZ-00338,Ontario Business 190,Corporation,Healthcare,4306972.43,570807.71,2024-11-24,2025-10-01,Niagara,2766,<$1M,Exempt,Yes,740098973RC0001,2026-01-29
TXN-00000793,BIZ-00234,Ontario Business 87,Crown Corporation,Healthcare,3836570.33,163766.05,2025-12-10,2025-01-01,Niagara,1411,>$100M,Compliant,Yes,408512877RC0001,2026-02-01
TXN-00000794,BIZ-00120,Ontario Business 402,Partnership,Technology,939959.58,184184.59,2024-01-13,2026-01-01,Southwestern,4856,$25-100M,Exempt,No,578729894RC0001,2026-03-19
TXN-00000795,BIZ-00331,Ontario Business 382,Partnership,Education,3499533.4,198037.89,2024-09-16,2024-10-01,Ottawa,4222,$25-100M,Under Review,Yes,213529140RC0001,2026-07-14
TXN-00000796,BIZ-00066,Ontario Business 458,Partnership,Energy,2551007.72,610636.94,2025-04-27,2025-04-01,GTA,2879,<$1M,Under Review,Yes,465546391RC0001,2026-01-17
TXN-00000797,BIZ-00107,Ontario Business 159,Cooperative,Education,1867708.93,354595.62,2025-11-09,2025-10-01,Central,3426,>$100M,Exempt,Yes,685740287RC0001,2026-05-06
TXN-00000798,BIZ-00405,Ontario Business 137,Partnership,Construction,4423043.97,50930.39,2024-11-11,2024-07-01,Northern,2781,$1-5M,Under Review,No,992524527RC0001,2026-01-23
TXN-00000799,BIZ-00014,Ontario Business 218,Partnership,Construction,4135220.3,88058.06,2026-01-17,2026-01-01,Niagara,3133,$5-25M,Exempt,Yes,865651373RC0001,2026-07-17
TXN-00000800,BIZ-00022,Ontario Business 449,Crown Corporation,Construction,3159234.25,563569.76,2026-07-02,2025-01-01,Eastern,3080,$25-100M,Exempt,No,374795014RC0001,2026-03-21
TXN-00000801,BIZ-00434,Ontario Business 49,Corporation,Agriculture,1260382.69,380557.76,2026-07-12,2024-07-01,Ottawa,4258,$1-5M,Compliant,Yes,333899402RC0001,2026-06-21
TXN-00000802,BIZ-00470,Ontario Business 469,Partnership,Technology,3111727.1,159657.1,2026-01-24,2024-10-01,Hamilton,929,$25-100M,Under Review,Yes,975674459RC0001,2026-01-14
TXN-00000803,BIZ-00109,Ontario Business 41,Cooperative,Technology,2186276.37,256529.4,2026-07-11,2025-10-01,Central,791,>$100M,Non-Compliant,No,646292682RC0001,2026-07-22
TXN-00000804,BIZ-00261,Ontario Business 256,Cooperative,Mining,2335547.77,356964.98,2024-11-07,2025-07-01,Durham,4028,>$100M,Non-Compliant,No,852231853RC0001,2026-05-29
TXN-00000805,BIZ-00245,Ontario Business 44,Corporation,Retail,4369120.57,56383.9,2026-07-28,2025-04-01,Niagara,550,>$100M,Compliant,No,732333113RC0001,2026-07-01
TXN-00000806,BIZ-00465,Ontario Business 482,Sole Proprietorship,Manufacturing,3193446.6,371237.57,2024-12-28,2024-07-01,GTA,4415,$1-5M,Under Review,No,820061720RC0001,2026-05-13
TXN-00000807,BIZ-00493,Ontario Business 204,Crown Corporation,Agriculture,4283358.44,352344.85,2025-11-07,2025-04-01,Northern,146,<$1M,Under Review,Yes,513676300RC0001,2026-07-27
TXN-00000808,BIZ-00170,Ontario Business 31,Cooperative,Manufacturing,4980196.74,570862.18,2026-07-26,2024-10-01,Southwestern,769,<$1M,Non-Compliant,Yes,142237581RC0001,2026-07-07
TXN-00000809,BIZ-00227,Ontario Business 209,Partnership,Healthcare,4992268.36,144998.59,2024-12-11,2024-10-01,Waterloo,2313,>$100M,Non-Compliant,No,569485772RC0001,2026-01-14
TXN-00000810,BIZ-00128,Ontario Business 365,Cooperative,Mining,2088488.75,448106.95,2024-02-01,2025-04-01,Waterloo,1349,>$100M,Exempt,Yes,423221485RC0001,2026-07-17
TXN-00000811,BIZ-00163,Ontario Business 106,Non-Profit,Education,2714186.56,259040.27,2024-05-26,2026-01-01,Niagara,4022,$25-100M,Under Review,Yes,783628323RC0001,2026-02-20
TXN-00000812,BIZ-00172,Ontario Business 154,Cooperative,Energy,2020728.95,44452.59,2024-10-14,2025-01-01,Ottawa,2822,$1-5M,Under Review,No,699655102RC0001,2026-07-30
TXN-00000813,BIZ-00428,Ontario Business 329,Non-Profit,Mining,3566401.75,235799.96,2024-03-08,2024-10-01,GTA,262,>$100M,Non-Compliant,Yes,434806124RC0001,2026-01-13
TXN-00000814,BIZ-00498,Ontario Business 399,Corporation,Finance,1399056.4,635091.18,2025-04-06,2024-04-01,Eastern,3314,$5-25M,Under Review,Yes,957081565RC0001,2026-05-06
TXN-00000815,BIZ-00371,Ontario Business 128,Sole Proprietorship,Healthcare,1023580.95,531230.69,2024-06-01,2025-04-01,Ottawa,2395,$25-100M,Compliant,No,987313465RC0001,2026-04-11
TXN-00000816,BIZ-00084,Ontario Business 433,Corporation,Construction,3918537.5,304936.56,2026-05-24,2025-04-01,Northern,4995,$1-5M,Compliant,Yes,975794426RC0001,2026-01-27
TXN-00000817,BIZ-00254,Ontario Business 70,Crown Corporation,Retail,2710367.84,86784.42,2025-12-26,2025-07-01,Ottawa,3934,$5-25M,Compliant,No,834285232RC0001,2026-05-26
TXN-00000818,BIZ-00216,Ontario Business 121,Corporation,Manufacturing,719712.54,446859.21,2025-11-09,2025-04-01,Waterloo,3191,<$1M,Exempt,No,198853622RC0001,2026-06-06
TXN-00000819,BIZ-00203,Ontario Business 201,Sole Proprietorship,Construction,460437.94,228149.99,2024-02-22,2025-10-01,Central,4353,$25-100M,Exempt,Yes,997532603RC0001,2026-07-17
TXN-00000820,BIZ-00473,Ontario Business 434,Sole Proprietorship,Construction,2558084.46,452623.47,2025-04-04,2026-01-01,Ottawa,3794,<$1M,Under Review,Yes,717640065RC0001,2026-06-01
TXN-00000821,BIZ-00293,Ontario Business 496,Sole Proprietorship,Mining,3938869.35,320276.01,2026-01-08,2026-01-01,GTA,4010,<$1M,Compliant,Yes,283892057RC0001,2026-06-15
TXN-00000822,BIZ-00225,Ontario Business 296,Crown Corporation,Finance,3683062.08,199024.07,2024-07-06,2026-01-01,Durham,2378,$1-5M,Compliant,Yes,335593849RC0001,2026-06-05
TXN-00000823,BIZ-00280,Ontario Business 255,Non-Profit,Technology,2100802.14,509032.29,2024-10-20,2025-10-01,Central,4621,$5-25M,Compliant,No,682825208RC0001,2026-06-15
TXN-00000824,BIZ-00376,Ontario Business 422,Partnership,Mining,3255984.99,316318.92,2024-10-05,2025-01-01,Northern,64,$1-5M,Under Review,Yes,505968789RC0001,2026-05-22
TXN-00000825,BIZ-00440,Ontario Business 477,Crown Corporation,Agriculture,2354571.24,421347.2,2024-07-30,2026-01-01,Central,3049,$25-100M,Non-Compliant,No,451843035RC0001,2026-05-04
TXN-00000826,BIZ-00362,Ontario Business 356,Crown Corporation,Energy,1072604.11,377035.04,2024-09-23,2025-10-01,Southwestern,1681,<$1M,Compliant,Yes,238476097RC0001,2026-02-08
TXN-00000827,BIZ-00089,Ontario Business 178,Crown Corporation,Energy,96275.22,49508.69,2024-06-16,2025-10-01,Niagara,2507,$1-5M,Non-Compliant,Yes,714175020RC0001,2026-03-13
TXN-00000828,BIZ-00430,Ontario Business 464,Partnership,Energy,4838530.64,420499.23,2025-03-30,2025-01-01,Ottawa,2347,>$100M,Under Review,No,552997964RC0001,2026-02-15
TXN-00000829,BIZ-00075,Ontario Business 414,Cooperative,Retail,2457069.51,278563.03,2024-07-25,2024-10-01,Durham,487,$25-100M,Compliant,Yes,152566892RC0001,2026-02-06
TXN-00000830,BIZ-00131,Ontario Business 162,Non-Profit,Agriculture,3385204.03,278630.86,2024-04-25,2026-01-01,Waterloo,1961,>$100M,Exempt,No,747515094RC0001,2026-03-04
TXN-00000831,BIZ-00337,Ontario Business 448,Cooperative,Manufacturing,3779512.33,398366.24,2024-07-26,2025-01-01,Durham,1604,$1-5M,Exempt,No,694762418RC0001,2026-05-12
TXN-00000832,BIZ-00108,Ontario Business 283,Cooperative,Education,2610497.43,514121.26,2024-06-02,2025-07-01,Durham,1006,$25-100M,Under Review,No,678233468RC0001,2026-01-27
TXN-00000833,BIZ-00467,Ontario Business 194,Partnership,Finance,3714146.61,162233.6,2024-02-08,2026-01-01,Waterloo,1931,$25-100M,Exempt,Yes,886789443RC0001,2026-06-11
TXN-00000834,BIZ-00185,Ontario Business 69,Corporation,Mining,3018560.61,16390.14,2025-06-12,2025-04-01,Waterloo,3309,<$1M,Under Review,Yes,410650016RC0001,2026-02-15
TXN-00000835,BIZ-00305,Ontario Business 466,Non-Profit,Energy,288510.59,256557.53,2024-06-06,2024-10-01,Niagara,3555,$1-5M,Compliant,Yes,582672062RC0001,2026-04-14
TXN-00000836,BIZ-00226,Ontario Business 234,Cooperative,Construction,4032881.33,349939.05,2025-02-27,2026-01-01,Eastern,4930,$25-100M,Compliant,Yes,753698050RC0001,2026-01-12
TXN-00000837,BIZ-00184,Ontario Business 334,Non-Profit,Construction,1324583.48,279689.71,2026-03-17,2025-01-01,Eastern,271,$5-25M,Under Review,No,401324100RC0001,2026-01-11
TXN-00000838,BIZ-00343,Ontario Business 218,Sole Proprietorship,Retail,702289.13,76364.9,2025-12-27,2025-01-01,Eastern,1241,$5-25M,Exempt,No,301654675RC0001,2026-04-10
TXN-00000839,BIZ-00180,Ontario Business 56,Non-Profit,Agriculture,1369444.84,393713.22,2025-09-20,2025-10-01,Niagara,665,$1-5M,Under Review,No,123019201RC0001,2026-04-13
TXN-00000840,BIZ-00122,Ontario Business 484,Partnership,Construction,913254.66,303672.56,2026-05-18,2025-01-01,Waterloo,4512,$5-25M,Exempt,Yes,967584245RC0001,2026-04-12
TXN-00000841,BIZ-00339,Ontario Business 359,Non-Profit,Energy,173567.68,302352.0,2025-07-20,2025-04-01,Eastern,4163,$5-25M,Compliant,Yes,721634675RC0001,2026-06-09
TXN-00000842,BIZ-00416,Ontario Business 302,Non-Profit,Education,2169015.25,446426.75,2025-12-17,2024-10-01,Southwestern,2565,<$1M,Non-Compliant,Yes,386993283RC0001,2026-06-07
TXN-00000843,BIZ-00015,Ontario Business 159,Non-Profit,Construction,3738449.53,224146.91,2025-09-13,2026-01-01,Central,2239,$1-5M,Non-Compliant,No,352168607RC0001,2026-04-08
TXN-00000844,BIZ-00431,Ontario Business 151,Non-Profit,Mining,1959364.81,465308.4,2025-05-14,2026-01-01,Waterloo,4958,$25-100M,Exempt,Yes,260523164RC0001,2026-02-11
TXN-00000845,BIZ-00073,Ontario Business 358,Crown Corporation,Retail,4351399.83,246322.72,2025-11-22,2024-07-01,Central,1983,$1-5M,Compliant,Yes,258655716RC0001,2026-05-08
TXN-00000846,BIZ-00006,Ontario Business 70,Crown Corporation,Energy,3711011.58,556458.06,2025-05-02,2025-10-01,Waterloo,3854,$25-100M,Under Review,Yes,442719682RC0001,2026-01-28
TXN-00000847,BIZ-00130,Ontario Business 184,Sole Proprietorship,Agriculture,1887319.17,386359.51,2024-01-11,2024-07-01,Niagara,4225,<$1M,Under Review,Yes,634679449RC0001,2026-03-29
TXN-00000848,BIZ-00447,Ontario Business 4,Corporation,Technology,2013312.67,558150.76,2026-07-15,2024-07-01,Central,2998,>$100M,Non-Compliant,Yes,728591794RC0001,2026-06-19
TXN-00000849,BIZ-00081,Ontario Business 443,Sole Proprietorship,Retail,1281431.59,231413.69,2025-03-22,2025-07-01,Northern,1738,$1-5M,Under Review,Yes,426103142RC0001,2026-07-10
TXN-00000850,BIZ-00498,Ontario Business 275,Non-Profit,Retail,1398920.3,54640.39,2025-09-28,2025-07-01,Ottawa,3664,$25-100M,Under Review,Yes,155614682RC0001,2026-03-03
TXN-00000851,BIZ-00283,Ontario Business 41,Partnership,Education,2919411.16,381758.51,2024-02-12,2026-01-01,GTA,2861,$25-100M,Non-Compliant,Yes,113979022RC0001,2026-04-21
TXN-00000852,BIZ-00421,Ontario Business 419,Sole Proprietorship,Education,4517346.88,423048.45,2024-03-06,2024-10-01,Durham,3971,$5-25M,Compliant,Yes,168554691RC0001,2026-04-27
TXN-00000853,BIZ-00424,Ontario Business 98,Corporation,Education,2889955.02,390773.67,2026-05-02,2024-10-01,Ottawa,2257,$5-25M,Under Review,No,964738446RC0001,2026-05-13
TXN-00000854,BIZ-00299,Ontario Business 309,Non-Profit,Mining,1983222.68,328503.39,2024-08-28,2024-04-01,Northern,4527,$5-25M,Compliant,No,255164612RC0001,2026-01-20
TXN-00000855,BIZ-00258,Ontario Business 184,Corporation,Energy,1917240.98,34016.43,2024-07-13,2024-07-01,Waterloo,787,$1-5M,Exempt,Yes,382043816RC0001,2026-06-29
TXN-00000856,BIZ-00374,Ontario Business 280,Partnership,Agriculture,2836719.11,211934.22,2025-09-19,2024-07-01,Durham,2227,$5-25M,Compliant,Yes,683700390RC0001,2026-08-01
TXN-00000857,BIZ-00220,Ontario Business 181,Partnership,Construction,347849.94,501023.02,2026-07-15,2026-01-01,GTA,3054,$5-25M,Exempt,No,668534156RC0001,2026-05-01
TXN-00000858,BIZ-00019,Ontario Business 173,Crown Corporation,Education,766724.16,17938.98,2026-03-15,2024-04-01,Central,3216,<$1M,Non-Compliant,No,772319744RC0001,2026-04-11
TXN-00000859,BIZ-00447,Ontario Business 56,Partnership,Technology,4295450.5,90129.6,2026-06-29,2025-01-01,Central,432,$25-100M,Exempt,No,503886381RC0001,2026-04-21
TXN-00000860,BIZ-00429,Ontario Business 29,Partnership,Technology,4922571.48,401461.56,2026-05-04,2025-07-01,Central,3751,$25-100M,Non-Compliant,No,677486932RC0001,2026-05-28
TXN-00000861,BIZ-00109,Ontario Business 423,Crown Corporation,Mining,3498026.29,161697.57,2024-04-08,2025-04-01,Hamilton,2184,$1-5M,Exempt,Yes,708758506RC0001,2026-06-01
TXN-00000862,BIZ-00022,Ontario Business 361,Sole Proprietorship,Energy,4348059.59,53813.63,2026-03-20,2025-10-01,GTA,4854,<$1M,Compliant,Yes,589163527RC0001,2026-04-19
TXN-00000863,BIZ-00465,Ontario Business 401,Partnership,Construction,357160.27,496763.29,2026-06-09,2025-04-01,Northern,2058,$1-5M,Under Review,Yes,208137337RC0001,2026-01-20
TXN-00000864,BIZ-00417,Ontario Business 324,Non-Profit,Technology,654716.78,421257.87,2026-02-19,2024-10-01,Eastern,3973,$25-100M,Under Review,Yes,940512592RC0001,2026-02-26
TXN-00000865,BIZ-00486,Ontario Business 439,Sole Proprietorship,Technology,3060745.27,638840.49,2024-09-06,2024-07-01,Southwestern,3031,$1-5M,Under Review,No,673390129RC0001,2026-07-16
TXN-00000866,BIZ-00408,Ontario Business 7,Sole Proprietorship,Retail,1929998.75,520152.26,2026-01-25,2024-10-01,Durham,3629,$5-25M,Under Review,No,547585054RC0001,2026-03-23
TXN-00000867,BIZ-00207,Ontario Business 494,Non-Profit,Education,2070243.54,345506.2,2026-02-04,2025-07-01,Durham,334,<$1M,Compliant,No,697177543RC0001,2026-05-28
TXN-00000868,BIZ-00337,Ontario Business 180,Cooperative,Manufacturing,2722834.16,213024.33,2026-05-02,2025-07-01,GTA,759,$5-25M,Non-Compliant,Yes,835080997RC0001,2026-05-20
TXN-00000869,BIZ-00353,Ontario Business 383,Partnership,Construction,2702739.83,363925.43,2024-02-20,2026-01-01,Hamilton,2243,>$100M,Compliant,No,669624069RC0001,2026-05-14
TXN-00000870,BIZ-00447,Ontario Business 414,Corporation,Energy,3348859.77,547911.11,2026-03-16,2024-07-01,Southwestern,2221,$25-100M,Exempt,Yes,740618021RC0001,2026-06-18
TXN-00000871,BIZ-00305,Ontario Business 175,Partnership,Healthcare,2271266.31,23193.28,2026-06-07,2025-10-01,Central,3400,$1-5M,Exempt,No,559771889RC0001,2026-05-18
TXN-00000872,BIZ-00284,Ontario Business 186,Partnership,Energy,3335567.71,152790.07,2026-06-13,2025-10-01,Eastern,4077,$25-100M,Exempt,No,487166824RC0001,2026-06-04
TXN-00000873,BIZ-00318,Ontario Business 456,Partnership,Mining,2998033.99,109727.75,2024-08-22,2025-04-01,Southwestern,1088,$1-5M,Compliant,No,294353094RC0001,2026-02-17
TXN-00000874,BIZ-00196,Ontario Business 220,Partnership,Agriculture,4231502.52,399075.74,2024-04-20,2025-10-01,Ottawa,2557,$25-100M,Under Review,Yes,533680325RC0001,2026-02-25
TXN-00000875,BIZ-00365,Ontario Business 172,Non-Profit,Technology,3296374.7,488738.22,2024-07-24,2024-07-01,Central,673,$1-5M,Compliant,Yes,470986300RC0001,2026-04-21
TXN-00000876,BIZ-00059,Ontario Business 418,Corporation,Construction,4483582.83,106589.22,2025-06-02,2025-04-01,Hamilton,1538,$5-25M,Non-Compliant,No,991677278RC0001,2026-05-28
TXN-00000877,BIZ-00404,Ontario Business 99,Crown Corporation,Finance,3740984.34,147407.99,2025-09-27,2024-07-01,Hamilton,3116,<$1M,Exempt,Yes,282707617RC0001,2026-03-30
TXN-00000878,BIZ-00268,Ontario Business 280,Partnership,Agriculture,4945804.1,606455.51,2024-10-06,2025-01-01,Ottawa,1766,$5-25M,Exempt,No,116220436RC0001,2026-05-16
TXN-00000879,BIZ-00230,Ontario Business 158,Crown Corporation,Retail,139023.48,293610.34,2025-09-16,2026-01-01,Northern,4708,$25-100M,Compliant,No,472817018RC0001,2026-04-15
TXN-00000880,BIZ-00175,Ontario Business 225,Crown Corporation,Mining,2859115.15,551601.06,2025-01-29,2024-07-01,Durham,1990,$5-25M,Non-Compliant,Yes,453049326RC0001,2026-02-01
TXN-00000881,BIZ-00045,Ontario Business 260,Corporation,Mining,1581969.83,216999.42,2024-03-20,2024-10-01,Southwestern,856,$5-25M,Under Review,No,354362728RC0001,2026-03-21
TXN-00000882,BIZ-00281,Ontario Business 129,Corporation,Healthcare,4814040.66,549198.72,2024-03-30,2026-01-01,GTA,3119,$5-25M,Compliant,No,428497709RC0001,2026-03-25
TXN-00000883,BIZ-00109,Ontario Business 126,Crown Corporation,Energy,4215899.1,13143.79,2026-04-18,2025-07-01,Niagara,784,$5-25M,Exempt,Yes,507591698RC0001,2026-06-25
TXN-00000884,BIZ-00484,Ontario Business 153,Corporation,Energy,4405572.13,148212.38,2025-05-01,2025-10-01,Durham,2213,<$1M,Compliant,Yes,386828356RC0001,2026-01-19
TXN-00000885,BIZ-00323,Ontario Business 252,Non-Profit,Healthcare,78990.96,3847.67,2024-04-23,2025-07-01,Hamilton,837,$5-25M,Non-Compliant,Yes,434608466RC0001,2026-05-30
TXN-00000886,BIZ-00184,Ontario Business 51,Partnership,Mining,4285899.71,423514.39,2024-11-30,2025-01-01,Durham,3985,$1-5M,Exempt,Yes,601436599RC0001,2026-02-14
TXN-00000887,BIZ-00305,Ontario Business 202,Crown Corporation,Healthcare,4224674.52,336397.22,2025-07-01,2025-04-01,Eastern,4264,>$100M,Compliant,No,988818397RC0001,2026-05-19
TXN-00000888,BIZ-00160,Ontario Business 272,Sole Proprietorship,Construction,3567878.99,636375.48,2025-10-29,2024-04-01,Waterloo,4950,<$1M,Exempt,Yes,945724637RC0001,2026-03-21
TXN-00000889,BIZ-00371,Ontario Business 480,Crown Corporation,Retail,1254454.86,2183.9,2024-01-23,2024-04-01,Niagara,22,$5-25M,Non-Compliant,Yes,823780969RC0001,2026-06-06
TXN-00000890,BIZ-00315,Ontario Business 25,Non-Profit,Healthcare,4193348.81,311667.42,2024-08-04,2024-04-01,GTA,1453,$25-100M,Exempt,Yes,867185393RC0001,2026-02-05
TXN-00000891,BIZ-00414,Ontario Business 234,Sole Proprietorship,Finance,1034436.9,322610.13,2026-05-02,2025-10-01,Waterloo,2655,<$1M,Non-Compliant,Yes,256918298RC0001,2026-06-16
TXN-00000892,BIZ-00198,Ontario Business 456,Corporation,Energy,2926104.05,169311.85,2024-08-27,2025-07-01,Eastern,2682,$1-5M,Under Review,No,913488922RC0001,2026-07-31
TXN-00000893,BIZ-00337,Ontario Business 467,Partnership,Retail,2948936.67,34168.94,2026-03-23,2025-07-01,Eastern,4615,$25-100M,Under Review,No,496374891RC0001,2026-01-25
TXN-00000894,BIZ-00100,Ontario Business 347,Cooperative,Energy,4046956.01,381854.94,2024-10-30,2024-10-01,Niagara,486,$25-100M,Compliant,Yes,755050602RC0001,2026-05-24
TXN-00000895,BIZ-00319,Ontario Business 362,Crown Corporation,Finance,2335793.54,573627.45,2025-12-18,2025-07-01,Ottawa,2117,$1-5M,Compliant,No,412416302RC0001,2026-01-24
TXN-00000896,BIZ-00406,Ontario Business 36,Non-Profit,Mining,4273254.18,455812.2,2025-03-20,2025-07-01,Niagara,2544,<$1M,Under Review,No,409811602RC0001,2026-07-31
TXN-00000897,BIZ-00089,Ontario Business 220,Corporation,Technology,2064283.99,351057.93,2025-10-23,2024-10-01,Northern,1552,>$100M,Non-Compliant,Yes,486547153RC0001,2026-04-29
TXN-00000898,BIZ-00312,Ontario Business 468,Non-Profit,Manufacturing,2689327.17,388028.82,2025-08-09,2025-04-01,Central,4607,>$100M,Under Review,Yes,450081408RC0001,2026-01-17
TXN-00000899,BIZ-00329,Ontario Business 248,Partnership,Construction,1611083.74,387756.83,2025-09-29,2026-01-01,Hamilton,2912,$25-100M,Non-Compliant,No,209665831RC0001,2026-02-11
TXN-00000900,BIZ-00264,Ontario Business 434,Non-Profit,Mining,3356713.3,646906.85,2024-07-25,2025-01-01,Niagara,4018,$25-100M,Exempt,No,929440118RC0001,2026-04-27
TXN-00000901,BIZ-00030,Ontario Business 108,Corporation,Technology,392306.54,83040.4,2024-03-14,2025-01-01,Eastern,4226,$25-100M,Non-Compliant,Yes,788274434RC0001,2026-07-18
TXN-00000902,BIZ-00349,Ontario Business 403,Partnership,Finance,369412.62,186779.48,2025-06-07,2025-01-01,Central,2364,$5-25M,Exempt,No,705480835RC0001,2026-05-10
TXN-00000903,BIZ-00270,Ontario Business 365,Cooperative,Manufacturing,3092540.1,575632.47,2024-07-24,2024-10-01,Central,1235,$5-25M,Non-Compliant,Yes,138566513RC0001,2026-06-09
TXN-00000904,BIZ-00439,Ontario Business 99,Partnership,Manufacturing,4659908.71,220821.01,2024-03-06,2025-07-01,Ottawa,4016,$1-5M,Non-Compliant,No,550946659RC0001,2026-01-06
TXN-00000905,BIZ-00482,Ontario Business 403,Crown Corporation,Agriculture,3619062.9,416244.21,2026-04-08,2024-10-01,Southwestern,3853,<$1M,Non-Compliant,No,937000210RC0001,2026-03-24
TXN-00000906,BIZ-00213,Ontario Business 457,Corporation,Technology,2728168.6,431934.34,2024-03-19,2024-04-01,Eastern,166,$1-5M,Under Review,Yes,868521455RC0001,2026-02-05
TXN-00000907,BIZ-00108,Ontario Business 299,Partnership,Energy,533940.83,62837.91,2026-04-12,2025-10-01,Waterloo,4195,$1-5M,Under Review,Yes,264595730RC0001,2026-05-23
TXN-00000908,BIZ-00182,Ontario Business 467,Partnership,Healthcare,1309524.66,82354.69,2024-06-17,2025-10-01,Eastern,1091,$25-100M,Under Review,Yes,416724075RC0001,2026-03-09
TXN-00000909,BIZ-00164,Ontario Business 104,Crown Corporation,Healthcare,1681041.97,23723.06,2024-11-25,2024-07-01,Waterloo,3218,$25-100M,Exempt,No,691040035RC0001,2026-05-09
TXN-00000910,BIZ-00415,Ontario Business 17,Corporation,Healthcare,3194697.07,495035.06,2024-04-12,2025-01-01,Northern,3463,>$100M,Non-Compliant,Yes,310122525RC0001,2026-02-14
TXN-00000911,BIZ-00362,Ontario Business 352,Crown Corporation,Manufacturing,1689128.47,515533.52,2025-02-28,2024-04-01,Eastern,1575,$25-100M,Under Review,Yes,137685649RC0001,2026-03-29
TXN-00000912,BIZ-00228,Ontario Business 43,Non-Profit,Construction,1237460.9,130244.63,2025-07-15,2024-07-01,Central,2403,$5-25M,Non-Compliant,Yes,587554407RC0001,2026-05-24
TXN-00000913,BIZ-00374,Ontario Business 241,Crown Corporation,Finance,3150383.1,4387.33,2024-07-05,2025-01-01,Central,3519,$5-25M,Compliant,Yes,115615448RC0001,2026-06-09
TXN-00000914,BIZ-00314,Ontario Business 390,Non-Profit,Agriculture,2168520.65,394611.4,2024-03-21,2025-07-01,GTA,3947,>$100M,Exempt,No,710939661RC0001,2026-04-11
TXN-00000915,BIZ-00292,Ontario Business 293,Non-Profit,Mining,1087406.7,341044.01,2024-04-20,2024-07-01,Waterloo,2379,>$100M,Exempt,No,517445461RC0001,2026-01-31
TXN-00000916,BIZ-00089,Ontario Business 121,Cooperative,Healthcare,2993526.05,430425.26,2024-02-06,2024-10-01,Southwestern,746,$5-25M,Non-Compliant,Yes,630900853RC0001,2026-03-25
TXN-00000917,BIZ-00267,Ontario Business 390,Crown Corporation,Manufacturing,4493341.02,598875.38,2024-08-03,2025-07-01,Eastern,1661,$1-5M,Exempt,Yes,240193453RC0001,2026-05-10
TXN-00000918,BIZ-00397,Ontario Business 418,Non-Profit,Mining,2009761.2,625819.16,2025-05-28,2025-10-01,Durham,3023,>$100M,Non-Compliant,Yes,174729739RC0001,2026-01-23
TXN-00000919,BIZ-00198,Ontario Business 83,Corporation,Technology,3562241.69,451164.59,2024-12-29,2024-07-01,Southwestern,2074,$25-100M,Under Review,No,888190233RC0001,2026-04-04
TXN-00000920,BIZ-00351,Ontario Business 405,Partnership,Manufacturing,391780.89,221009.59,2025-03-25,2026-01-01,Ottawa,371,$1-5M,Compliant,Yes,594940091RC0001,2026-03-26
TXN-00000921,BIZ-00294,Ontario Business 213,Corporation,Agriculture,4603419.53,354810.66,2025-08-15,2025-07-01,Durham,3138,>$100M,Exempt,Yes,456204404RC0001,2026-05-14
TXN-00000922,BIZ-00154,Ontario Business 105,Partnership,Finance,942514.31,170207.57,2024-10-10,2025-07-01,Northern,831,$1-5M,Non-Compliant,No,148719774RC0001,2026-04-19
TXN-00000923,BIZ-00072,Ontario Business 330,Corporation,Mining,4477006.49,69955.35,2024-02-15,2025-04-01,GTA,4705,>$100M,Compliant,No,233283480RC0001,2026-07-24
TXN-00000924,BIZ-00494,Ontario Business 155,Cooperative,Healthcare,1459759.63,232941.74,2024-03-02,2025-07-01,GTA,649,$1-5M,Non-Compliant,No,775649146RC0001,2026-03-11
TXN-00000925,BIZ-00367,Ontario Business 83,Non-Profit,Education,4544460.56,509360.46,2024-09-17,2024-07-01,Northern,1408,$25-100M,Non-Compliant,No,245660690RC0001,2026-03-23
TXN-00000926,BIZ-00355,Ontario Business 137,Cooperative,Manufacturing,3497106.69,480896.87,2024-07-01,2025-04-01,Central,1736,>$100M,Exempt,Yes,410565061RC0001,2026-02-02
TXN-00000927,BIZ-00130,Ontario Business 14,Non-Profit,Healthcare,2268295.03,460123.37,2024-10-10,2024-10-01,Central,1944,>$100M,Exempt,No,906883257RC0001,2026-06-10
TXN-00000928,BIZ-00096,Ontario Business 232,Crown Corporation,Agriculture,4280884.4,12552.61,2024-04-10,2024-07-01,Northern,1249,$5-25M,Exempt,No,231994751RC0001,2026-03-08
TXN-00000929,BIZ-00453,Ontario Business 82,Non-Profit,Technology,3027610.6,317392.22,2024-06-14,2024-04-01,Waterloo,3835,>$100M,Compliant,No,823786288RC0001,2026-03-05
TXN-00000930,BIZ-00184,Ontario Business 444,Corporation,Energy,3114119.28,48713.29,2024-12-15,2025-01-01,Eastern,961,$25-100M,Compliant,Yes,820171518RC0001,2026-03-31
TXN-00000931,BIZ-00459,Ontario Business 105,Sole Proprietorship,Construction,2993191.09,1207.56,2025-02-02,2024-04-01,Southwestern,1931,$25-100M,Exempt,No,690923795RC0001,2026-04-28
TXN-00000932,BIZ-00093,Ontario Business 394,Partnership,Manufacturing,2336463.58,320073.71,2024-02-06,2024-07-01,Central,1888,$1-5M,Under Review,Yes,107939501RC0001,2026-02-21
TXN-00000933,BIZ-00474,Ontario Business 445,Sole Proprietorship,Energy,4755385.07,374041.96,2026-04-07,2025-10-01,Southwestern,3646,$5-25M,Compliant,Yes,353286318RC0001,2026-01-18
TXN-00000934,BIZ-00473,Ontario Business 52,Partnership,Healthcare,2974639.73,327098.86,2025-09-16,2025-04-01,Durham,2467,$1-5M,Under Review,No,804382458RC0001,2026-04-21
TXN-00000935,BIZ-00102,Ontario Business 45,Partnership,Retail,4416716.11,11549.78,2026-06-20,2024-04-01,Eastern,2550,>$100M,Compliant,Yes,181684044RC0001,2026-04-02
TXN-00000936,BIZ-00421,Ontario Business 196,Cooperative,Energy,980731.08,532902.81,2025-01-23,2025-10-01,Hamilton,721,$1-5M,Exempt,No,549590643RC0001,2026-06-30
TXN-00000937,BIZ-00101,Ontario Business 169,Corporation,Retail,1624781.47,119519.83,2026-02-11,2024-10-01,Eastern,1141,$5-25M,Under Review,No,649234590RC0001,2026-06-18
TXN-00000938,BIZ-00165,Ontario Business 372,Sole Proprietorship,Mining,2234824.23,398059.39,2024-08-04,2025-04-01,Waterloo,3329,$5-25M,Exempt,No,438533790RC0001,2026-05-21
TXN-00000939,BIZ-00123,Ontario Business 329,Sole Proprietorship,Energy,882244.54,434899.83,2025-05-23,2024-04-01,Niagara,2411,<$1M,Exempt,No,194848432RC0001,2026-02-06
TXN-00000940,BIZ-00101,Ontario Business 476,Cooperative,Healthcare,1617999.89,26686.77,2024-11-11,2025-04-01,Hamilton,4121,$1-5M,Compliant,No,458649155RC0001,2026-01-04
TXN-00000941,BIZ-00055,Ontario Business 205,Sole Proprietorship,Finance,2487746.7,13705.4,2024-07-13,2025-04-01,Waterloo,943,$5-25M,Compliant,Yes,825593348RC0001,2026-03-30
TXN-00000942,BIZ-00065,Ontario Business 195,Non-Profit,Education,1005832.39,603580.84,2024-10-31,2024-10-01,Hamilton,1252,<$1M,Under Review,No,380783695RC0001,2026-06-25
TXN-00000943,BIZ-00161,Ontario Business 482,Partnership,Manufacturing,1938211.2,271874.46,2025-10-25,2026-01-01,Waterloo,3552,$25-100M,Non-Compliant,No,614690039RC0001,2026-06-11
TXN-00000944,BIZ-00439,Ontario Business 475,Sole Proprietorship,Education,2979695.88,265478.78,2024-07-18,2024-04-01,Ottawa,1905,$1-5M,Under Review,Yes,624186086RC0001,2026-06-07
TXN-00000945,BIZ-00397,Ontario Business 288,Cooperative,Agriculture,4746053.28,527678.16,2026-04-29,2026-01-01,GTA,1401,$25-100M,Exempt,Yes,747495406RC0001,2026-05-26
TXN-00000946,BIZ-00198,Ontario Business 37,Partnership,Mining,1416297.19,61205.35,2025-07-07,2025-07-01,Ottawa,2525,$25-100M,Non-Compliant,No,232266882RC0001,2026-04-17
TXN-00000947,BIZ-00379,Ontario Business 22,Sole Proprietorship,Agriculture,1416526.22,616561.53,2025-12-08,2024-10-01,Niagara,240,$25-100M,Under Review,Yes,638726771RC0001,2026-04-28
TXN-00000948,BIZ-00290,Ontario Business 161,Cooperative,Education,359085.13,506162.12,2026-02-10,2024-04-01,Waterloo,3116,$25-100M,Compliant,No,760365300RC0001,2026-02-13
TXN-00000949,BIZ-00318,Ontario Business 451,Sole Proprietorship,Finance,3658858.31,619574.22,2025-04-07,2024-04-01,Durham,4135,$5-25M,Compliant,No,710373009RC0001,2026-01-04
TXN-00000950,BIZ-00098,Ontario Business 29,Cooperative,Manufacturing,1428729.99,486511.25,2025-05-09,2024-07-01,Ottawa,1508,<$1M,Under Review,No,328247067RC0001,2026-01-07
TXN-00000951,BIZ-00426,Ontario Business 432,Cooperative,Finance,4519865.83,567636.57,2025-10-02,2025-07-01,Waterloo,2708,<$1M,Under Review,Yes,137787950RC0001,2026-04-29
TXN-00000952,BIZ-00079,Ontario Business 76,Sole Proprietorship,Technology,3947201.32,157715.74,2026-01-23,2024-10-01,Eastern,1838,>$100M,Non-Compliant,Yes,213348379RC0001,2026-06-28
TXN-00000953,BIZ-00062,Ontario Business 491,Sole Proprietorship,Mining,2913234.57,496037.65,2025-04-25,2025-01-01,Durham,3750,>$100M,Under Review,No,691948242RC0001,2026-04-30
TXN-00000954,BIZ-00200,Ontario Business 225,Non-Profit,Finance,1230074.06,5097.15,2025-07-18,2025-04-01,Northern,1067,>$100M,Exempt,No,453298119RC0001,2026-01-27
TXN-00000955,BIZ-00156,Ontario Business 131,Cooperative,Retail,3981438.65,244984.07,2025-04-15,2025-04-01,Eastern,194,$25-100M,Under Review,Yes,510302626RC0001,2026-05-16
TXN-00000956,BIZ-00034,Ontario Business 159,Cooperative,Agriculture,3180183.52,526186.42,2025-09-21,2024-07-01,Waterloo,4144,$25-100M,Under Review,Yes,285946877RC0001,2026-06-01
TXN-00000957,BIZ-00264,Ontario Business 41,Corporation,Manufacturing,51474.66,3159.39,2024-10-05,2025-01-01,Eastern,4793,<$1M,Non-Compliant,Yes,721913921RC0001,2026-06-30
TXN-00000958,BIZ-00282,Ontario Business 60,Corporation,Construction,2954816.24,162044.44,2024-07-18,2024-04-01,Central,11,$25-100M,Non-Compliant,No,156690758RC0001,2026-03-14
TXN-00000959,BIZ-00145,Ontario Business 123,Sole Proprietorship,Construction,484993.96,546334.64,2024-06-19,2024-04-01,Northern,4261,$5-25M,Non-Compliant,Yes,954898518RC0001,2026-07-20
TXN-00000960,BIZ-00210,Ontario Business 45,Cooperative,Education,2959921.62,636320.13,2025-02-22,2024-10-01,Southwestern,477,>$100M,Non-Compliant,Yes,803068003RC0001,2026-06-16
TXN-00000961,BIZ-00220,Ontario Business 120,Sole Proprietorship,Manufacturing,2530175.17,127358.14,2024-01-15,2025-07-01,Hamilton,2411,<$1M,Compliant,Yes,610920052RC0001,2026-04-16
TXN-00000962,BIZ-00475,Ontario Business 82,Sole Proprietorship,Education,4265279.03,217558.14,2024-10-01,2024-07-01,Central,1054,$5-25M,Under Review,No,189840040RC0001,2026-07-25
TXN-00000963,BIZ-00221,Ontario Business 120,Partnership,Construction,2585596.4,645650.17,2024-05-01,2025-10-01,Southwestern,2278,$25-100M,Exempt,No,965343863RC0001,2026-05-03
TXN-00000964,BIZ-00055,Ontario Business 422,Sole Proprietorship,Finance,3423454.9,402889.24,2026-03-22,2024-07-01,GTA,1457,>$100M,Compliant,No,659865202RC0001,2026-07-17
TXN-00000965,BIZ-00440,Ontario Business 473,Cooperative,Energy,3426033.03,545403.73,2025-07-18,2025-07-01,Durham,666,<$1M,Compliant,Yes,406270704RC0001,2026-04-09
TXN-00000966,BIZ-00024,Ontario Business 68,Sole Proprietorship,Energy,1250663.51,219667.19,2026-03-15,2025-10-01,Durham,1336,>$100M,Compliant,Yes,942448301RC0001,2026-03-11
TXN-00000967,BIZ-00493,Ontario Business 25,Non-Profit,Healthcare,4245709.91,450643.08,2024-12-10,2025-10-01,Eastern,669,$25-100M,Exempt,No,524355722RC0001,2026-01-13
TXN-00000968,BIZ-00074,Ontario Business 232,Corporation,Education,2805340.98,117129.36,2025-06-25,2025-04-01,Hamilton,4200,$25-100M,Compliant,Yes,761086241RC0001,2026-02-20
TXN-00000969,BIZ-00433,Ontario Business 489,Non-Profit,Manufacturing,1536551.17,435204.03,2025-03-30,2024-04-01,Central,727,<$1M,Non-Compliant,No,349746157RC0001,2026-01-01
TXN-00000970,BIZ-00322,Ontario Business 285,Corporation,Finance,4989307.19,107079.72,2024-04-06,2025-01-01,Ottawa,645,$5-25M,Under Review,No,775458126RC0001,2026-01-24
TXN-00000971,BIZ-00426,Ontario Business 379,Partnership,Manufacturing,105525.95,494183.41,2024-11-12,2025-10-01,Waterloo,3805,>$100M,Non-Compliant,Yes,955135630RC0001,2026-03-25
TXN-00000972,BIZ-00289,Ontario Business 212,Sole Proprietorship,Retail,2898627.85,543671.21,2024-01-17,2024-04-01,Ottawa,4840,$25-100M,Exempt,Yes,364938615RC0001,2026-03-12
TXN-00000973,BIZ-00185,Ontario Business 4,Corporation,Retail,520858.79,236683.43,2025-11-13,2024-07-01,Eastern,359,$1-5M,Compliant,No,933286041RC0001,2026-04-10
TXN-00000974,BIZ-00440,Ontario Business 200,Corporation,Construction,21770.31,456876.56,2024-04-18,2025-10-01,Niagara,4558,$5-25M,Exempt,No,954891425RC0001,2026-06-26
TXN-00000975,BIZ-00276,Ontario Business 346,Sole Proprietorship,Technology,4655718.22,339482.31,2024-05-09,2025-04-01,Durham,581,>$100M,Compliant,No,716428041RC0001,2026-04-11
TXN-00000976,BIZ-00310,Ontario Business 72,Sole Proprietorship,Retail,1272802.32,166534.84,2024-11-30,2025-07-01,Hamilton,1165,$5-25M,Exempt,No,283749049RC0001,2026-01-22
TXN-00000977,BIZ-00405,Ontario Business 114,Non-Profit,Education,4267429.71,422616.82,2025-02-17,2024-10-01,GTA,4776,<$1M,Exempt,Yes,809762084RC0001,2026-03-11
TXN-00000978,BIZ-00300,Ontario Business 347,Partnership,Healthcare,2385862.77,455570.21,2026-06-03,2025-01-01,Ottawa,235,<$1M,Exempt,Yes,850283132RC0001,2026-07-25
TXN-00000979,BIZ-00200,Ontario Business 217,Non-Profit,Education,1214675.5,284674.75,2024-04-12,2025-07-01,Durham,4719,$1-5M,Non-Compliant,No,880230221RC0001,2026-07-04
TXN-00000980,BIZ-00473,Ontario Business 385,Cooperative,Technology,4033623.15,198141.06,2024-02-10,2025-07-01,Hamilton,724,$1-5M,Exempt,No,516906986RC0001,2026-03-30
TXN-00000981,BIZ-00197,Ontario Business 439,Cooperative,Retail,505087.5,278508.81,2025-02-08,2025-10-01,Niagara,3749,<$1M,Non-Compliant,No,930066008RC0001,2026-07-22
TXN-00000982,BIZ-00484,Ontario Business 58,Corporation,Healthcare,702600.82,609184.18,2024-01-19,2024-07-01,Durham,145,$5-25M,Under Review,No,711687491RC0001,2026-04-19
TXN-00000983,BIZ-00252,Ontario Business 324,Non-Profit,Finance,4020212.11,574735.01,2024-07-05,2025-07-01,Central,1125,$5-25M,Exempt,No,183946434RC0001,2026-03-31
TXN-00000984,BIZ-00015,Ontario Business 365,Cooperative,Manufacturing,938475.91,566652.53,2025-09-13,2025-04-01,Durham,387,>$100M,Exempt,Yes,641144942RC0001,2026-04-21
TXN-00000985,BIZ-00345,Ontario Business 390,Cooperative,Agriculture,3702402.48,124346.68,2024-01-11,2025-04-01,Eastern,2296,$1-5M,Under Review,No,680020461RC0001,2026-04-06
TXN-00000986,BIZ-00112,Ontario Business 67,Corporation,Technology,323674.22,156363.2,2026-07-11,2025-01-01,GTA,4630,<$1M,Non-Compliant,Yes,150937711RC0001,2026-03-05
TXN-00000987,BIZ-00251,Ontario Business 478,Crown Corporation,Energy,2771170.13,541925.26,2026-07-30,2024-04-01,Ottawa,2491,<$1M,Non-Compliant,No,457371747RC0001,2026-07-08
TXN-00000988,BIZ-00001,Ontario Business 76,Partnership,Construction,2741790.06,24325.55,2026-01-27,2024-04-01,Waterloo,2662,>$100M,Compliant,Yes,832502403RC0001,2026-04-29
TXN-00000989,BIZ-00377,Ontario Business 309,Non-Profit,Technology,1356899.48,125468.31,2025-09-11,2024-07-01,Waterloo,4714,<$1M,Under Review,No,386390735RC0001,2026-05-16
TXN-00000990,BIZ-00387,Ontario Business 277,Sole Proprietorship,Education,666275.79,381428.95,2025-02-28,2024-07-01,Niagara,1589,$25-100M,Exempt,No,171372701RC0001,2026-04-27
TXN-00000991,BIZ-00470,Ontario Business 364,Crown Corporation,Energy,926895.86,267240.29,2025-11-28,2025-04-01,Northern,3152,>$100M,Compliant,No,392125828RC0001,2026-07-01
TXN-00000992,BIZ-00277,Ontario Business 324,Non-Profit,Construction,4625754.18,353770.98,2024-03-31,2025-04-01,Ottawa,1133,$5-25M,Non-Compliant,Yes,953543641RC0001,2026-04-24
TXN-00000993,BIZ-00386,Ontario Business 422,Crown Corporation,Technology,1808717.12,515203.84,2026-04-03,2026-01-01,Central,2769,<$1M,Non-Compliant,No,275059599RC0001,2026-03-09
TXN-00000994,BIZ-00152,Ontario Business 432,Non-Profit,Healthcare,2717821.95,619109.7,2026-06-08,2025-10-01,Hamilton,4232,>$100M,Non-Compliant,Yes,208901392RC0001,2026-02-27
TXN-00000995,BIZ-00455,Ontario Business 294,Corporation,Mining,1005306.59,299899.54,2025-03-24,2025-04-01,Ottawa,2448,$1-5M,Compliant,Yes,358514047RC0001,2026-03-12
TXN-00000996,BIZ-00429,Ontario Business 320,Cooperative,Agriculture,4292457.5,137745.14,2026-06-27,2024-10-01,Durham,616,$5-25M,Compliant,No,519201138RC0001,2026-02-15
TXN-00000997,BIZ-00160,Ontario Business 244,Non-Profit,Education,3436952.12,127493.04,2025-01-01,2026-01-01,Northern,1767,$25-100M,Under Review,No,343991413RC0001,2026-03-01
TXN-00000998,BIZ-00025,Ontario Business 257,Cooperative,Mining,58536.45,198845.18,2026-03-06,2025-04-01,Southwestern,3251,>$100M,Non-Compliant,Yes,917387908RC0001,2026-02-15
TXN-00000999,BIZ-00428,Ontario Business 33,Cooperative,Technology,4326522.59,386053.76,2024-10-30,2025-10-01,Durham,3430,<$1M,Exempt,No,961328669RC0001,2026-07-03
TXN-00001000,BIZ-00341,Ontario Business 97,Corporation,Construction,2831809.58,2038.53,2025-09-27,2024-07-01,Waterloo,4104,$5-25M,Exempt,No,550296996RC0001,2026-01-18
