CLIENT_ID,RETENTION_RATE,SERVICE_PROGRAM,SATISFACTION_SCORE,CHURN_RISK_INDICATOR,REGION,QUARTER,ENGAGEMENT_FREQUENCY,PROGRAM_TYPE,SERVICE_CATEGORY,CASE_LOAD,RENEWAL_COUNT,DROPOUT_COUNT,AVG_INTERACTION_DAYS,FIRST_CONTACT_DATE,LAST_CONTACT_DATE,REFERRAL_SOURCE,CASE_COMPLEXITY,NET_PROMOTER_SCORE,RESPONSE_TIME_HOURS,DIGITAL_ENGAGEMENT_PCT,IN_PERSON_VISITS,PHONE_INTERACTIONS,EMAIL_INTERACTIONS,BENEFITS_AMOUNT,COST_PER_CLIENT,FISCAL_YEAR,DATA_QUALITY_SCORE,LAST_UPDATED
CLT-000001,0.777,Ontario Works,8.0,Low,Eastern,2024-10-01,24,Child Care,Child Care,118,0,0,13.0,2021-04-21,2026-06-02,Self-Referral,Complex,5,51.7,69.6,13,7,28,14937.01,40662.09,FY2023-24,92.8,2026-02-10
CLT-000002,0.812,Youth Services,4.9,Low,Central,2024-07-01,3,Community,Child Care,101,2,2,73.6,2024-02-03,2026-04-16,Community Agency,Standard,-10,40.0,80.5,19,28,23,14645.13,35524.02,FY2023-24,89.8,2026-07-17
CLT-000003,0.571,ODSP,8.8,Low,Niagara,2025-04-01,15,Family,Home Care,104,2,1,62.0,2023-12-08,2025-03-15,Hospital,Complex,73,18.0,49.3,8,29,40,17359.97,11761.14,FY2024-25,95.3,2026-07-18
CLT-000004,0.433,Ontario Works,8.5,Medium,Southwestern,2024-07-01,7,Family,Disability,137,3,3,17.1,2020-10-12,2025-09-10,Court,Complex,54,31.1,59.6,11,7,8,12983.39,5454.56,FY2023-24,95.8,2026-02-09
CLT-000005,0.77,Family Support,7.1,Medium,Niagara,2026-01-01,17,Youth,Employment,39,5,2,70.3,2021-11-27,2025-04-25,Court,Standard,0,32.9,91.1,8,16,48,4876.97,45718.76,FY2025-26,79.0,2026-06-13
CLT-000006,0.7,Home Care,4.0,Low,Durham,2024-04-01,20,Family,Housing,14,0,2,79.7,2024-07-10,2025-11-11,School,Simple,10,63.3,90.5,2,23,31,20492.57,48921.24,FY2025-26,93.0,2026-02-02
CLT-000007,0.789,Child Care Subsidy,4.8,High,Niagara,2025-01-01,18,Disability,Youth,112,5,2,42.2,2022-11-25,2026-04-08,Community Agency,Simple,8,5.1,11.8,17,7,37,5895.33,4478.66,FY2025-26,71.8,2026-01-18
CLT-000008,0.934,Youth Services,3.5,Low,Southwestern,2026-01-01,7,Home Care,Housing,72,3,3,21.2,2020-07-17,2026-03-18,Other Ministry,Standard,32,33.9,72.0,20,20,6,1985.01,36682.47,FY2023-24,77.5,2026-02-18
CLT-000009,0.716,Child Care Subsidy,5.9,Medium,Hamilton,2025-01-01,3,Housing,Child Care,22,5,0,87.4,2024-03-23,2025-08-31,Hospital,Standard,42,34.9,83.5,1,5,24,552.81,20130.67,FY2024-25,78.6,2026-06-28
CLT-000010,0.965,Community Living,4.1,Medium,Eastern,2024-04-01,19,Employment,Family,24,0,3,47.7,2022-12-23,2025-06-11,Self-Referral,Complex,-10,61.4,15.8,2,21,15,10392.5,47138.21,FY2025-26,77.4,2026-06-02
CLT-000011,0.423,ODSP,5.9,High,Waterloo,2025-07-01,9,Disability,Family,71,2,3,16.1,2023-08-14,2025-11-04,Online Portal,Standard,76,67.4,10.8,19,18,6,2294.89,11444.56,FY2024-25,74.0,2026-03-31
CLT-000012,0.92,Home Care,5.5,Low,Hamilton,2025-04-01,20,Employment,Youth,36,1,2,14.8,2020-08-07,2026-07-21,Hospital,Standard,16,43.7,71.0,6,21,40,21396.36,25765.04,FY2024-25,97.2,2026-01-14
CLT-000013,0.454,Family Support,8.6,Low,GTA,2025-07-01,5,Youth,Home Care,123,4,3,52.7,2020-08-17,2025-03-19,Hospital,Complex,-16,60.2,59.5,4,13,8,1524.81,18867.92,FY2023-24,97.0,2026-02-23
CLT-000014,0.802,ODSP,5.4,High,Niagara,2024-10-01,8,Home Care,Home Care,115,0,1,67.6,2021-11-11,2026-02-26,School,Standard,0,56.8,19.2,1,27,30,5949.63,41012.74,FY2024-25,80.5,2026-07-30
CLT-000015,0.869,Home Care,4.5,High,Eastern,2025-10-01,11,Youth,Child Care,81,2,3,62.8,2023-01-03,2025-12-06,Self-Referral,Simple,13,13.3,91.8,8,1,6,15116.0,17938.67,FY2024-25,83.1,2026-05-11
CLT-000016,0.468,Home Care,4.7,High,Niagara,2024-04-01,17,Disability,Family,120,0,2,58.0,2023-09-20,2025-05-08,Court,Complex,19,48.2,37.7,9,17,8,5200.08,33581.54,FY2024-25,90.3,2026-02-14
CLT-000017,0.763,Employment Services,5.8,Low,Southwestern,2025-04-01,7,Community,Family,129,3,3,62.4,2022-11-12,2026-04-30,Hospital,Complex,-10,20.8,66.4,19,10,5,20551.37,37805.77,FY2025-26,79.3,2026-07-26
CLT-000018,0.517,Ontario Works,3.3,Medium,Waterloo,2024-07-01,15,Community,Disability,108,3,3,25.7,2023-09-05,2025-01-06,Community Agency,Standard,8,13.1,91.4,16,14,3,14156.44,45956.03,FY2023-24,83.7,2026-07-25
CLT-000019,0.674,Youth Services,9.5,Medium,Waterloo,2025-10-01,18,Housing,Home Care,131,3,2,68.9,2023-07-29,2025-10-11,Online Portal,Complex,10,20.1,16.6,9,7,17,8728.26,44758.31,FY2023-24,74.2,2026-03-01
CLT-000020,0.626,Child Care Subsidy,7.8,Low,Niagara,2025-10-01,11,Housing,Community,25,1,3,38.1,2024-04-25,2025-01-21,Family Doctor,Standard,-20,67.9,35.4,12,27,26,13686.4,36997.07,FY2025-26,96.9,2026-05-05
CLT-000021,0.529,Family Support,6.3,Medium,Central,2025-10-01,24,Home Care,Housing,42,4,0,82.1,2023-04-27,2026-08-01,Self-Referral,Simple,62,31.1,83.7,5,1,16,9788.04,11371.35,FY2024-25,80.1,2026-04-08
CLT-000022,0.564,Family Support,4.7,Low,Hamilton,2024-04-01,24,Employment,Family,67,5,0,71.4,2023-08-27,2025-02-11,Self-Referral,Simple,5,60.5,62.8,7,4,30,16901.74,28634.51,FY2023-24,84.0,2026-03-07
CLT-000023,0.852,Child Care Subsidy,7.1,High,Ottawa,2024-10-01,10,Child Care,Employment,89,4,3,38.7,2024-01-04,2025-07-23,Community Agency,Complex,68,59.9,30.6,9,27,43,15210.08,6931.7,FY2025-26,93.5,2026-03-30
CLT-000024,0.714,Youth Services,3.5,High,Central,2024-04-01,14,Housing,Child Care,120,2,3,65.1,2022-06-10,2025-06-30,Court,Complex,48,55.9,49.5,18,8,20,21366.97,41705.82,FY2023-24,78.4,2026-04-26
CLT-000025,0.544,Community Living,6.9,High,Niagara,2025-07-01,1,Housing,Family,56,3,1,35.2,2021-06-13,2025-12-15,Court,Complex,69,63.4,57.2,16,30,12,2597.52,36283.66,FY2024-25,86.7,2026-03-03
CLT-000026,0.807,Community Living,6.0,Low,Ottawa,2025-04-01,8,Community,Disability,88,5,2,45.2,2022-12-23,2025-12-19,Family Doctor,Complex,50,24.2,69.7,8,9,16,6148.18,36342.93,FY2024-25,73.6,2026-05-18
CLT-000027,0.961,Child Care Subsidy,4.3,High,Hamilton,2025-04-01,24,Youth,Child Care,59,2,1,35.7,2021-09-11,2025-01-15,Hospital,Standard,-15,70.2,57.0,4,20,48,12526.53,43763.27,FY2025-26,78.5,2026-05-03
CLT-000028,0.66,Child Care Subsidy,9.6,Medium,Hamilton,2024-07-01,3,Community,Housing,28,4,0,17.9,2024-07-19,2026-07-31,Court,Simple,11,9.0,75.0,19,19,50,15651.25,39008.98,FY2024-25,83.5,2026-04-24
CLT-000029,0.575,Family Support,5.1,High,GTA,2024-07-01,7,Disability,Youth,30,1,1,19.8,2020-06-02,2025-06-10,Self-Referral,Standard,37,49.8,49.9,1,7,18,17820.42,35446.39,FY2024-25,72.1,2026-03-01
CLT-000030,0.945,Home Care,5.9,High,Eastern,2024-10-01,9,Home Care,Child Care,25,1,2,55.6,2023-03-11,2025-10-23,Online Portal,Simple,39,49.7,69.5,8,16,34,12597.98,4941.65,FY2023-24,96.7,2026-07-08
CLT-000031,0.59,Employment Services,3.2,Low,Waterloo,2024-04-01,22,Youth,Employment,54,3,3,82.9,2021-01-06,2026-03-23,Online Portal,Simple,40,25.4,38.3,3,27,10,8580.19,34990.01,FY2024-25,89.9,2026-04-13
CLT-000032,0.88,Ontario Works,6.1,Medium,Southwestern,2025-07-01,4,Community,Employment,148,3,3,9.6,2022-11-27,2026-01-06,Online Portal,Complex,36,54.8,27.3,17,4,18,11233.84,35214.25,FY2023-24,70.9,2026-06-11
CLT-000033,0.759,Home Care,7.8,Medium,Durham,2024-04-01,18,Community,Child Care,67,0,3,85.5,2023-08-19,2025-06-07,Online Portal,Complex,17,36.9,33.2,15,15,15,11691.27,8087.46,FY2023-24,97.7,2026-05-11
CLT-000034,0.84,Child Care Subsidy,8.9,Medium,Niagara,2025-07-01,17,Youth,Employment,82,5,2,76.2,2023-04-02,2026-05-17,Hospital,Standard,48,35.1,38.3,17,12,29,23354.88,43610.48,FY2025-26,77.2,2026-04-09
CLT-000035,0.538,Family Support,3.3,High,Hamilton,2025-10-01,13,Home Care,Housing,19,1,2,78.9,2022-06-20,2025-04-13,Online Portal,Simple,72,10.8,84.0,4,2,30,19647.37,13986.12,FY2025-26,90.8,2026-06-16
CLT-000036,0.447,Youth Services,8.8,High,Niagara,2025-07-01,21,Housing,Employment,27,1,2,89.8,2024-03-09,2025-04-03,Family Doctor,Simple,77,45.8,84.2,14,5,44,7836.92,2418.42,FY2024-25,93.9,2026-03-17
CLT-000037,0.611,Family Support,4.0,High,Niagara,2024-10-01,6,Home Care,Child Care,107,4,1,47.3,2023-04-09,2025-05-27,School,Standard,61,18.7,31.7,0,28,29,22579.63,34202.93,FY2023-24,72.2,2026-03-30
CLT-000038,0.983,Employment Services,7.3,Medium,Southwestern,2026-01-01,10,Disability,Community,133,0,1,37.4,2022-01-05,2025-10-30,Court,Simple,64,28.8,10.7,1,29,38,18756.72,41809.11,FY2024-25,93.3,2026-02-28
CLT-000039,0.758,Youth Services,4.5,Low,Waterloo,2025-04-01,22,Home Care,Child Care,20,2,3,7.8,2022-01-17,2025-05-15,Community Agency,Standard,21,53.9,24.9,4,25,34,21973.28,18927.02,FY2025-26,97.4,2026-08-01
CLT-000040,0.497,Community Living,9.6,Medium,Central,2024-07-01,15,Child Care,Home Care,67,5,3,87.2,2024-07-05,2026-07-25,Other Ministry,Simple,30,1.5,55.6,14,11,43,18850.78,13845.91,FY2024-25,94.7,2026-04-06
CLT-000041,0.464,Home Care,6.2,High,Durham,2025-07-01,20,Disability,Child Care,128,5,2,60.2,2020-08-26,2025-05-24,Self-Referral,Simple,18,71.7,19.9,7,28,34,3823.77,23228.54,FY2025-26,98.5,2026-06-28
CLT-000042,0.958,Family Support,7.0,High,Northern,2025-10-01,21,Child Care,Housing,114,2,0,63.7,2021-03-20,2026-03-31,Online Portal,Simple,26,7.6,68.3,17,28,41,9287.51,20508.84,FY2023-24,99.0,2026-07-30
CLT-000043,0.668,Home Care,7.4,High,GTA,2024-04-01,11,Disability,Home Care,62,0,1,54.8,2024-07-23,2025-08-27,Other Ministry,Simple,80,64.9,10.2,4,4,34,6641.03,9550.36,FY2025-26,96.0,2026-02-03
CLT-000044,0.409,Home Care,7.0,Low,Northern,2025-04-01,2,Home Care,Community,144,0,0,45.5,2024-05-12,2026-01-06,Community Agency,Standard,44,16.3,62.3,16,9,29,16261.85,2526.38,FY2024-25,95.4,2026-04-20
CLT-000045,0.805,Community Living,7.8,Medium,Ottawa,2024-07-01,11,Home Care,Child Care,42,2,2,37.4,2023-05-08,2026-06-28,Court,Standard,44,43.8,18.4,3,27,41,16447.46,38679.17,FY2025-26,96.0,2026-04-21
CLT-000046,0.666,Home Care,5.8,Medium,Niagara,2025-10-01,24,Child Care,Family,119,2,2,36.8,2020-11-08,2026-05-01,Community Agency,Simple,-10,7.2,18.2,11,25,8,14131.08,29736.79,FY2025-26,86.9,2026-06-21
CLT-000047,0.472,Youth Services,8.9,Medium,GTA,2025-04-01,20,Youth,Family,36,4,1,18.2,2022-09-14,2025-08-18,Community Agency,Standard,51,26.8,74.8,18,7,27,21206.3,48752.78,FY2025-26,88.4,2026-06-14
CLT-000048,0.728,Employment Services,3.2,Medium,Southwestern,2025-07-01,12,Employment,Home Care,46,4,3,10.9,2024-02-26,2025-02-01,Community Agency,Complex,47,15.9,45.7,10,5,23,8135.12,16894.76,FY2025-26,87.9,2026-01-14
CLT-000049,0.492,Ontario Works,7.6,Medium,Hamilton,2025-10-01,16,Housing,Community,79,1,0,34.3,2020-08-15,2025-10-18,Online Portal,Complex,65,22.6,28.7,19,1,0,5508.37,47320.88,FY2023-24,92.9,2026-03-16
CLT-000050,0.594,Ontario Works,6.4,Medium,Northern,2024-10-01,13,Disability,Family,28,3,0,42.1,2022-07-30,2025-03-21,Other Ministry,Complex,34,41.5,70.3,13,9,7,10423.29,48343.78,FY2023-24,94.0,2026-06-08
CLT-000051,0.671,Youth Services,3.6,Low,Eastern,2025-10-01,19,Community,Child Care,111,2,2,23.8,2024-05-14,2025-06-22,Community Agency,Complex,61,8.7,53.3,11,11,46,23976.47,32626.71,FY2023-24,77.1,2026-02-07
CLT-000052,0.551,Child Care Subsidy,7.1,High,Ottawa,2024-10-01,21,Housing,Housing,124,5,2,78.5,2023-07-08,2025-11-20,Hospital,Standard,-12,34.0,63.7,8,18,3,9122.58,4635.34,FY2024-25,83.6,2026-01-15
CLT-000053,0.618,Employment Services,3.5,Low,Waterloo,2025-10-01,15,Employment,Housing,58,2,3,47.6,2020-05-06,2026-04-07,Community Agency,Standard,71,6.5,64.9,1,7,45,11225.08,22531.67,FY2025-26,88.3,2026-04-04
CLT-000054,0.62,Employment Services,5.6,Medium,Waterloo,2024-04-01,21,Family,Child Care,94,0,3,29.2,2024-01-22,2025-06-03,Other Ministry,Simple,54,47.9,87.9,9,30,41,17612.76,20205.94,FY2025-26,91.3,2026-01-22
CLT-000055,0.583,Family Support,7.4,Medium,Northern,2024-07-01,21,Community,Family,14,2,2,20.3,2021-03-14,2025-12-16,Online Portal,Simple,8,72.0,23.2,9,27,50,2977.95,38772.86,FY2025-26,96.5,2026-01-10
CLT-000056,0.791,Child Care Subsidy,7.1,Low,Northern,2024-10-01,23,Home Care,Housing,21,3,2,62.5,2021-05-01,2026-03-31,Court,Complex,80,32.6,55.4,9,30,50,11990.88,41920.56,FY2024-25,90.3,2026-05-27
CLT-000057,0.981,Community Living,8.2,Medium,Durham,2025-10-01,6,Disability,Home Care,74,0,3,79.3,2023-02-09,2025-04-16,Community Agency,Standard,-10,55.1,33.2,16,4,27,2746.98,45614.74,FY2024-25,96.5,2026-01-07
CLT-000058,0.645,Family Support,6.4,Low,Niagara,2024-07-01,12,Disability,Employment,91,0,2,72.3,2020-10-08,2025-02-09,Court,Standard,69,59.9,74.5,15,14,39,628.65,4882.06,FY2024-25,76.5,2026-02-08
CLT-000059,0.724,Family Support,3.8,Medium,Eastern,2025-04-01,4,Employment,Disability,117,5,3,10.3,2022-10-20,2026-07-03,Self-Referral,Complex,45,41.6,71.1,9,13,0,15562.83,12787.65,FY2024-25,75.6,2026-06-21
CLT-000060,0.451,Youth Services,3.5,High,Durham,2024-04-01,13,Housing,Employment,109,2,2,68.5,2022-01-01,2025-03-11,Other Ministry,Simple,73,47.5,18.8,18,23,48,8646.71,3172.45,FY2025-26,80.2,2026-06-14
CLT-000061,0.503,Community Living,9.7,Medium,Northern,2024-10-01,3,Housing,Employment,85,1,0,72.2,2020-03-26,2025-11-20,Court,Complex,30,71.2,56.2,8,1,48,16349.06,15019.43,FY2023-24,96.0,2026-03-26
CLT-000062,0.561,Youth Services,6.0,Medium,Hamilton,2025-10-01,11,Home Care,Housing,137,2,2,73.1,2024-01-29,2026-03-11,Community Agency,Standard,57,71.6,25.3,9,10,6,2461.69,33385.04,FY2024-25,83.4,2026-07-03
CLT-000063,0.651,Community Living,5.4,Low,Central,2025-10-01,9,Employment,Child Care,113,2,1,86.0,2020-10-19,2026-03-25,Self-Referral,Simple,-12,17.4,64.8,11,12,36,1293.44,8518.47,FY2024-25,98.5,2026-04-06
CLT-000064,0.662,ODSP,6.9,High,Central,2025-10-01,11,Youth,Disability,39,0,1,47.4,2022-03-03,2026-07-30,Community Agency,Standard,79,19.1,47.9,19,9,44,22953.73,25068.81,FY2023-24,74.1,2026-01-19
CLT-000065,0.667,Community Living,9.8,High,Central,2025-07-01,23,Child Care,Youth,86,1,1,72.5,2022-11-07,2025-08-18,Community Agency,Simple,-3,17.4,52.0,11,17,36,9538.32,40379.42,FY2025-26,73.9,2026-01-23
CLT-000066,0.439,Family Support,9.8,High,Hamilton,2025-10-01,14,Child Care,Home Care,91,5,0,43.2,2023-10-24,2026-06-14,Other Ministry,Simple,79,39.9,60.0,4,13,32,22812.45,3715.23,FY2023-24,85.5,2026-03-19
CLT-000067,0.497,Youth Services,9.4,Low,Central,2025-04-01,3,Youth,Disability,80,1,2,57.2,2020-07-10,2026-05-30,Hospital,Complex,54,11.5,66.0,19,10,36,1509.26,43325.28,FY2023-24,71.4,2026-06-14
CLT-000068,0.855,Employment Services,7.4,High,Niagara,2024-04-01,16,Youth,Youth,133,1,3,30.3,2020-05-29,2025-03-03,Hospital,Standard,33,35.1,27.3,19,4,20,21606.38,16646.5,FY2024-25,99.3,2026-02-03
CLT-000069,0.849,ODSP,5.2,Medium,Ottawa,2025-04-01,15,Disability,Home Care,34,0,2,85.4,2023-06-14,2026-03-05,School,Simple,21,67.3,71.3,6,24,10,12707.51,26221.52,FY2024-25,96.4,2026-05-08
CLT-000070,0.414,Family Support,6.4,Low,Eastern,2025-07-01,2,Employment,Youth,136,4,3,29.3,2020-01-17,2025-04-21,Family Doctor,Simple,13,52.5,74.9,11,1,25,1753.36,28529.03,FY2024-25,86.6,2026-01-19
CLT-000071,0.628,Community Living,8.2,Medium,Waterloo,2024-07-01,5,Child Care,Community,105,2,2,69.2,2021-02-11,2026-06-06,Family Doctor,Complex,-15,3.7,21.6,10,25,30,13223.65,8298.09,FY2025-26,74.2,2026-06-06
CLT-000072,0.588,Family Support,9.7,High,Southwestern,2025-07-01,17,Housing,Youth,131,0,2,33.2,2020-08-12,2026-03-03,Court,Complex,68,45.5,60.7,8,30,41,19681.15,39031.94,FY2025-26,76.8,2026-01-14
CLT-000073,0.744,Child Care Subsidy,6.6,High,Waterloo,2025-10-01,5,Disability,Employment,38,1,0,42.5,2022-05-07,2025-06-05,Family Doctor,Complex,6,29.8,75.9,15,27,47,18321.35,35582.99,FY2025-26,76.2,2026-03-25
CLT-000074,0.989,Community Living,6.6,Medium,Northern,2026-01-01,18,Family,Family,77,4,3,21.3,2021-05-19,2025-10-13,Court,Simple,18,55.6,69.9,15,10,30,9045.68,46751.32,FY2025-26,78.2,2026-02-01
CLT-000075,0.738,Family Support,9.1,Medium,Central,2024-10-01,10,Employment,Youth,30,2,3,60.8,2024-03-10,2026-05-06,School,Simple,48,19.9,57.8,8,4,6,15584.09,29754.69,FY2023-24,71.5,2026-05-16
CLT-000076,0.533,Home Care,3.4,Medium,Central,2026-01-01,4,Home Care,Employment,150,1,3,60.5,2022-09-01,2026-05-04,School,Standard,21,20.9,15.0,2,20,36,6189.39,37195.64,FY2023-24,97.4,2026-02-14
CLT-000077,0.647,Child Care Subsidy,9.4,Low,Niagara,2026-01-01,6,Youth,Employment,12,2,0,83.9,2021-11-17,2025-10-19,Online Portal,Complex,49,38.0,85.6,4,27,32,11966.51,10447.76,FY2023-24,79.9,2026-07-07
CLT-000078,0.671,Employment Services,7.9,Low,Central,2025-04-01,19,Disability,Home Care,113,3,2,12.4,2023-10-02,2025-04-08,Hospital,Simple,41,23.6,31.1,8,12,15,11445.02,14082.72,FY2024-25,79.1,2026-07-05
CLT-000079,0.738,Employment Services,7.4,High,Eastern,2024-04-01,22,Child Care,Housing,88,1,3,63.3,2023-12-11,2025-11-15,Community Agency,Complex,17,26.8,28.8,4,15,9,11646.98,49453.06,FY2024-25,82.5,2026-05-21
CLT-000080,0.939,Home Care,8.2,High,Waterloo,2024-07-01,17,Housing,Family,29,4,0,10.2,2023-01-26,2026-06-02,School,Complex,48,11.2,37.9,16,14,7,17167.23,36128.98,FY2024-25,72.7,2026-05-11
CLT-000081,0.663,Ontario Works,6.1,High,Niagara,2026-01-01,19,Employment,Housing,88,5,0,38.7,2024-07-30,2025-01-04,School,Complex,-11,3.7,39.3,2,17,3,23397.28,4381.94,FY2024-25,71.0,2026-04-15
CLT-000082,0.506,Child Care Subsidy,8.2,High,Niagara,2025-07-01,13,Housing,Community,106,0,1,60.6,2021-12-13,2025-05-02,Hospital,Complex,30,38.3,71.9,7,26,0,19026.4,48946.04,FY2024-25,90.2,2026-05-20
CLT-000083,0.65,Family Support,8.6,Low,Hamilton,2025-07-01,5,Youth,Disability,38,0,3,57.3,2020-02-02,2025-09-04,School,Simple,-8,43.0,47.9,1,7,47,1583.8,22509.18,FY2025-26,76.5,2026-07-18
CLT-000084,0.433,Employment Services,4.6,High,Waterloo,2025-07-01,19,Family,Disability,87,1,1,40.2,2021-07-17,2025-03-04,Hospital,Complex,66,31.0,52.1,11,30,41,16947.89,39504.43,FY2024-25,90.9,2026-04-15
CLT-000085,0.488,Family Support,4.3,High,Hamilton,2025-01-01,8,Youth,Home Care,128,0,3,87.3,2023-02-15,2026-06-27,Hospital,Standard,11,18.7,38.1,2,29,28,21254.77,5530.74,FY2025-26,94.9,2026-01-14
CLT-000086,0.558,Ontario Works,8.9,Low,Waterloo,2025-01-01,16,Disability,Family,87,0,1,84.7,2024-02-27,2025-05-01,Online Portal,Simple,69,43.7,27.4,7,17,20,19500.09,19652.43,FY2025-26,89.5,2026-03-20
CLT-000087,0.554,Community Living,6.2,High,Hamilton,2025-07-01,7,Family,Family,115,0,1,68.0,2020-02-03,2025-09-25,Family Doctor,Standard,-1,14.5,29.6,18,26,15,12732.89,33075.79,FY2025-26,80.1,2026-07-15
CLT-000088,0.885,Community Living,6.1,High,Central,2024-10-01,5,Housing,Home Care,148,5,0,49.5,2020-06-01,2025-02-19,Self-Referral,Standard,-3,60.7,29.7,4,0,13,12890.46,19286.83,FY2025-26,89.1,2026-06-07
CLT-000089,0.939,Community Living,3.1,High,Durham,2025-10-01,1,Employment,Youth,147,2,0,47.7,2023-11-30,2026-03-17,Hospital,Simple,-8,38.0,30.5,19,16,16,20472.75,14098.91,FY2024-25,72.4,2026-04-14
CLT-000090,0.671,Home Care,9.7,Low,Southwestern,2024-07-01,21,Employment,Child Care,113,3,3,52.0,2020-04-24,2025-01-10,Hospital,Simple,43,60.9,64.8,10,18,6,22422.38,46038.46,FY2023-24,76.3,2026-06-27
CLT-000091,0.924,Community Living,4.8,Low,Southwestern,2024-04-01,6,Family,Employment,63,4,1,68.9,2023-12-30,2026-02-12,Community Agency,Standard,0,40.8,58.2,12,21,34,8627.38,38024.85,FY2023-24,93.7,2026-06-26
CLT-000092,0.827,Youth Services,3.4,Medium,Eastern,2024-07-01,11,Community,Family,17,5,2,71.6,2022-07-11,2026-05-18,School,Standard,50,67.8,46.7,18,21,24,2599.51,31312.18,FY2023-24,91.4,2026-01-22
CLT-000093,0.558,Family Support,7.8,High,Northern,2025-10-01,11,Family,Child Care,33,0,2,42.8,2024-04-08,2025-10-04,Community Agency,Simple,-9,13.9,48.2,17,16,26,3030.68,5391.32,FY2025-26,72.8,2026-06-03
CLT-000094,0.863,Family Support,3.1,Medium,Niagara,2024-07-01,24,Disability,Home Care,107,1,1,27.9,2021-07-03,2026-05-20,Hospital,Simple,1,31.6,45.8,15,25,4,9347.56,47266.89,FY2025-26,88.8,2026-06-02
CLT-000095,0.764,Community Living,3.7,Medium,GTA,2025-10-01,11,Community,Family,122,2,3,74.3,2023-08-26,2025-05-20,Court,Standard,57,68.2,27.1,10,5,25,24233.77,15280.96,FY2025-26,89.0,2026-05-28
CLT-000096,0.861,Youth Services,5.6,Medium,Central,2024-07-01,19,Disability,Home Care,150,0,3,85.2,2021-03-05,2026-03-25,Court,Complex,-12,59.1,77.6,13,21,31,3909.89,15838.8,FY2024-25,89.8,2026-07-03
CLT-000097,0.65,Family Support,3.5,High,Hamilton,2025-10-01,18,Community,Employment,102,5,0,14.3,2021-05-23,2025-12-30,Hospital,Complex,58,3.7,93.6,20,12,48,8624.12,40015.32,FY2023-24,70.3,2026-03-08
CLT-000098,0.531,Home Care,6.0,Medium,Hamilton,2024-10-01,12,Employment,Housing,36,2,3,83.2,2020-06-24,2025-04-29,Hospital,Standard,19,25.0,76.7,16,15,22,12165.98,22470.13,FY2025-26,83.6,2026-01-18
CLT-000099,0.577,ODSP,3.2,Medium,Ottawa,2024-10-01,24,Disability,Home Care,50,2,3,86.5,2021-04-19,2026-02-19,Hospital,Simple,61,47.5,43.6,19,28,12,11514.59,22048.09,FY2023-24,91.1,2026-02-22
CLT-000100,0.564,ODSP,6.9,High,Northern,2025-07-01,11,Disability,Housing,39,2,3,49.9,2023-08-01,2025-11-17,Family Doctor,Complex,30,42.5,39.6,14,19,11,20436.59,35593.43,FY2024-25,97.6,2026-06-01
CLT-000101,0.45,Child Care Subsidy,5.1,Low,Southwestern,2024-07-01,6,Family,Home Care,140,3,3,55.7,2023-03-23,2026-01-28,Family Doctor,Simple,42,45.9,68.9,20,29,11,14095.36,24992.46,FY2023-24,75.6,2026-04-26
CLT-000102,0.765,Youth Services,9.5,Medium,Northern,2025-01-01,13,Housing,Community,135,3,3,46.5,2020-06-18,2025-02-01,School,Standard,-16,20.2,55.7,5,24,29,14358.44,38854.83,FY2024-25,86.5,2026-01-29
CLT-000103,0.738,Employment Services,8.3,Medium,Durham,2024-04-01,24,Housing,Disability,118,0,1,30.3,2020-03-07,2026-04-06,Court,Standard,-9,31.9,94.5,7,6,47,14904.14,18180.91,FY2025-26,88.3,2026-04-20
CLT-000104,0.498,Child Care Subsidy,8.3,Low,GTA,2025-07-01,18,Youth,Home Care,92,5,2,29.6,2021-07-01,2026-06-11,Community Agency,Simple,76,56.7,88.1,8,27,41,3608.76,43437.86,FY2023-24,74.4,2026-03-24
CLT-000105,0.889,Family Support,6.3,High,Southwestern,2025-10-01,13,Housing,Child Care,33,3,2,64.0,2022-01-25,2026-04-11,Online Portal,Standard,54,0.7,75.8,2,23,29,16053.59,35167.16,FY2023-24,93.9,2026-04-12
CLT-000106,0.529,Family Support,8.6,Medium,Southwestern,2025-07-01,10,Family,Home Care,134,2,0,8.9,2023-07-06,2026-04-16,Self-Referral,Simple,0,32.1,10.1,13,6,44,22780.48,44225.24,FY2024-25,74.8,2026-03-12
CLT-000107,0.455,Youth Services,4.7,Medium,Northern,2024-04-01,13,Youth,Disability,119,5,0,64.8,2020-01-03,2025-08-07,Online Portal,Simple,-4,42.9,54.2,14,0,0,17542.13,41038.34,FY2024-25,90.8,2026-05-03
CLT-000108,0.442,Family Support,3.6,Low,Ottawa,2025-07-01,12,Youth,Home Care,107,1,1,10.8,2023-02-27,2025-01-09,Hospital,Standard,24,52.2,63.4,4,29,26,15593.86,22676.81,FY2023-24,72.6,2026-01-26
CLT-000109,0.483,ODSP,7.0,Medium,Central,2025-10-01,11,Home Care,Disability,80,5,0,26.1,2023-05-15,2025-10-19,Self-Referral,Complex,18,15.2,61.6,6,23,25,7740.78,3673.89,FY2023-24,84.8,2026-01-29
CLT-000110,0.542,ODSP,6.6,Low,Central,2025-07-01,5,Community,Community,103,4,1,69.8,2024-04-26,2025-03-16,Self-Referral,Complex,-12,1.5,28.3,1,30,50,10250.39,15037.9,FY2025-26,85.0,2026-04-17
CLT-000111,0.65,Family Support,3.6,High,Durham,2024-10-01,9,Child Care,Youth,30,4,1,87.8,2020-11-14,2026-07-04,Other Ministry,Standard,55,45.9,80.9,20,2,19,17617.56,36767.96,FY2023-24,71.7,2026-01-23
CLT-000112,0.946,ODSP,6.1,High,GTA,2025-04-01,22,Home Care,Child Care,13,5,1,64.6,2020-12-01,2026-05-24,Other Ministry,Complex,46,56.5,71.3,5,11,8,18869.52,43799.54,FY2025-26,96.6,2026-07-17
CLT-000113,0.931,Youth Services,8.5,Medium,Durham,2024-07-01,9,Child Care,Housing,126,4,2,9.7,2023-03-06,2025-06-20,Other Ministry,Simple,12,55.8,86.0,3,7,47,12966.21,3157.86,FY2023-24,77.3,2026-05-01
CLT-000114,0.615,Child Care Subsidy,4.2,Low,Durham,2025-10-01,8,Family,Disability,116,5,2,28.1,2020-06-08,2026-01-17,Community Agency,Complex,66,65.0,25.2,16,1,25,2188.7,23789.61,FY2024-25,93.2,2026-03-21
CLT-000115,0.593,Community Living,3.1,Low,Southwestern,2025-04-01,24,Disability,Housing,104,4,3,89.8,2024-05-08,2025-07-20,School,Simple,-20,67.2,12.0,17,11,40,21069.56,43982.73,FY2024-25,70.0,2026-06-18
CLT-000116,0.622,Employment Services,3.7,High,Eastern,2025-10-01,16,Employment,Home Care,81,0,0,83.3,2022-11-30,2026-02-27,Other Ministry,Standard,75,6.6,18.1,4,20,25,2333.35,28823.22,FY2024-25,89.9,2026-02-03
CLT-000117,0.54,Employment Services,8.8,Medium,Central,2025-07-01,15,Youth,Disability,29,1,1,71.3,2023-04-12,2025-04-22,Hospital,Simple,1,32.6,36.7,3,17,22,24133.55,11174.18,FY2024-25,83.9,2026-01-31
CLT-000118,0.453,Employment Services,8.6,High,Waterloo,2024-04-01,7,Family,Home Care,33,5,1,87.3,2022-03-22,2026-06-10,Self-Referral,Complex,18,19.1,94.2,0,30,25,21437.73,28241.73,FY2025-26,77.5,2026-04-29
CLT-000119,0.46,Child Care Subsidy,3.8,Low,Eastern,2024-10-01,7,Community,Family,31,4,2,83.0,2020-06-02,2025-01-23,Community Agency,Simple,62,32.2,20.9,10,3,2,23585.88,3481.25,FY2025-26,83.0,2026-07-05
CLT-000120,0.633,Ontario Works,5.6,Medium,Northern,2025-07-01,7,Home Care,Youth,81,3,1,7.9,2023-06-22,2025-09-09,Court,Standard,32,63.6,50.7,2,8,24,3862.28,10773.43,FY2025-26,77.5,2026-07-25
CLT-000121,0.721,Ontario Works,9.7,High,Central,2026-01-01,18,Housing,Family,138,2,3,28.0,2020-02-23,2025-11-23,School,Simple,79,20.6,78.7,15,16,22,19287.63,49980.68,FY2023-24,73.0,2026-06-18
CLT-000122,0.542,Ontario Works,8.2,Low,Waterloo,2025-10-01,12,Home Care,Home Care,70,4,2,73.5,2023-11-29,2026-01-03,Self-Referral,Complex,69,25.6,58.3,4,18,12,20999.07,40709.66,FY2024-25,86.3,2026-02-14
CLT-000123,0.689,ODSP,3.4,High,Eastern,2024-04-01,17,Housing,Employment,94,4,1,73.5,2021-11-28,2025-07-01,Other Ministry,Simple,-18,11.1,69.9,4,24,7,21238.78,43172.8,FY2023-24,81.2,2026-06-19
CLT-000124,0.633,ODSP,5.3,Medium,Northern,2024-10-01,24,Community,Housing,91,1,2,24.0,2023-04-21,2025-06-29,Family Doctor,Standard,73,49.7,20.8,0,30,44,23743.1,20188.47,FY2025-26,71.0,2026-06-04
CLT-000125,0.588,Home Care,7.3,Low,Hamilton,2024-10-01,11,Child Care,Disability,98,2,1,59.1,2020-06-30,2025-12-10,Online Portal,Simple,13,15.5,68.9,11,8,50,3146.85,1062.78,FY2024-25,83.1,2026-04-18
CLT-000126,0.972,Family Support,6.4,Medium,Central,2025-10-01,4,Housing,Disability,51,3,0,72.9,2020-03-09,2025-10-29,Self-Referral,Standard,13,68.5,16.3,5,28,24,4442.16,4675.12,FY2023-24,80.1,2026-06-07
CLT-000127,0.927,Ontario Works,5.9,High,Northern,2025-10-01,6,Employment,Child Care,94,1,1,39.8,2023-02-08,2026-07-08,Court,Complex,16,21.8,18.2,12,18,35,21076.44,8525.91,FY2024-25,70.1,2026-01-23
CLT-000128,0.574,Community Living,4.4,Low,Eastern,2024-10-01,21,Youth,Child Care,131,0,2,71.7,2022-08-22,2026-05-16,Court,Simple,62,39.4,25.7,12,11,11,11421.49,13901.5,FY2024-25,77.9,2026-03-10
CLT-000129,0.733,Child Care Subsidy,8.1,High,Ottawa,2024-07-01,22,Family,Community,68,4,0,76.5,2022-12-06,2026-03-05,Online Portal,Complex,10,34.6,16.7,1,16,36,22561.15,40222.07,FY2025-26,99.5,2026-02-07
CLT-000130,0.471,Community Living,4.2,Low,Eastern,2025-01-01,5,Employment,Community,30,5,3,22.2,2023-07-08,2025-06-01,Court,Standard,73,65.9,15.7,12,17,25,14025.33,42974.58,FY2025-26,83.7,2026-01-04
CLT-000131,0.864,Family Support,3.8,Low,Northern,2024-07-01,4,Child Care,Youth,147,2,3,27.5,2023-09-03,2026-05-13,Online Portal,Simple,2,20.2,22.2,19,21,44,10342.14,20393.84,FY2024-25,90.7,2026-01-13
CLT-000132,0.84,Employment Services,9.1,Low,Central,2025-04-01,10,Youth,Housing,35,1,1,30.5,2024-03-03,2026-03-30,Other Ministry,Standard,73,30.3,64.9,6,14,13,22879.1,20951.35,FY2024-25,92.8,2026-04-06
CLT-000133,0.884,Child Care Subsidy,3.4,High,Durham,2025-10-01,5,Employment,Home Care,59,1,0,26.2,2022-07-23,2025-02-21,Other Ministry,Complex,5,20.1,80.0,16,12,40,23115.3,34377.54,FY2023-24,81.2,2026-06-02
CLT-000134,0.663,Community Living,7.0,Medium,Central,2024-10-01,9,Child Care,Youth,17,3,0,18.8,2023-03-17,2025-08-08,School,Complex,8,49.0,32.9,13,16,1,21683.43,48389.78,FY2025-26,70.3,2026-02-03
CLT-000135,0.782,Ontario Works,4.5,High,Southwestern,2025-04-01,14,Community,Family,127,2,1,44.7,2023-10-18,2026-06-18,Family Doctor,Complex,-7,1.0,95.0,11,17,41,15047.43,14851.17,FY2025-26,73.2,2026-01-17
CLT-000136,0.598,Employment Services,7.4,Medium,Southwestern,2025-04-01,7,Home Care,Disability,24,4,3,61.1,2023-10-26,2025-05-24,Self-Referral,Complex,43,71.8,32.1,13,12,24,18549.94,29568.16,FY2025-26,94.5,2026-03-29
CLT-000137,0.829,Home Care,7.7,High,Hamilton,2025-07-01,17,Youth,Home Care,56,2,0,45.0,2024-02-26,2025-09-22,Hospital,Complex,22,47.3,28.9,7,23,19,10801.58,44455.33,FY2024-25,77.8,2026-03-17
CLT-000138,0.674,ODSP,6.2,High,Waterloo,2024-07-01,16,Disability,Child Care,107,4,2,40.1,2020-11-04,2025-05-21,School,Standard,32,71.1,85.9,14,4,20,21628.65,9837.48,FY2023-24,84.6,2026-06-11
CLT-000139,0.982,Youth Services,7.3,Low,Hamilton,2025-04-01,7,Home Care,Home Care,135,0,1,57.2,2023-07-21,2026-03-16,Family Doctor,Standard,41,27.9,13.2,6,23,23,23776.68,44708.31,FY2025-26,75.7,2026-06-23
CLT-000140,0.402,Home Care,4.5,Medium,Southwestern,2024-10-01,4,Community,Youth,52,0,0,30.3,2021-08-18,2026-04-12,Other Ministry,Standard,67,71.7,39.1,15,11,48,5116.44,47456.13,FY2024-25,70.6,2026-02-27
CLT-000141,0.829,Child Care Subsidy,4.4,Low,Waterloo,2024-10-01,4,Family,Employment,106,5,2,70.6,2023-06-30,2025-02-19,Self-Referral,Complex,-7,47.2,11.7,3,13,28,9816.22,27816.84,FY2024-25,91.1,2026-02-22
CLT-000142,0.81,Ontario Works,5.0,High,Ottawa,2025-04-01,20,Home Care,Community,36,4,0,29.0,2024-05-26,2025-04-19,Online Portal,Simple,57,14.8,32.4,16,6,22,17734.2,15472.21,FY2023-24,86.4,2026-02-23
CLT-000143,0.806,Community Living,5.2,Low,GTA,2024-07-01,4,Housing,Home Care,33,4,0,66.5,2020-07-26,2025-09-20,School,Standard,17,19.4,14.3,5,27,2,21380.09,18650.52,FY2025-26,79.4,2026-07-09
CLT-000144,0.468,Ontario Works,3.1,Low,Northern,2025-07-01,12,Housing,Youth,33,2,2,20.5,2022-03-31,2026-02-14,Online Portal,Standard,29,49.8,50.7,13,20,10,3269.89,35112.32,FY2023-24,99.4,2026-02-10
CLT-000145,0.461,Community Living,8.5,High,Hamilton,2024-10-01,20,Community,Family,17,5,1,46.1,2022-09-26,2025-04-26,Family Doctor,Standard,-15,5.0,65.7,0,22,43,13358.04,37437.57,FY2025-26,87.0,2026-06-21
CLT-000146,0.915,ODSP,5.9,High,Eastern,2026-01-01,12,Community,Home Care,23,0,1,48.0,2022-08-19,2026-05-23,Hospital,Simple,76,35.7,30.5,8,1,32,5956.31,32522.55,FY2024-25,94.5,2026-01-21
CLT-000147,0.671,Community Living,3.6,Medium,Hamilton,2025-07-01,4,Housing,Employment,36,3,3,8.0,2023-01-29,2025-01-01,Community Agency,Complex,59,46.1,85.7,17,6,41,16951.12,47567.4,FY2024-25,94.8,2026-07-29
CLT-000148,0.532,Community Living,5.3,High,Waterloo,2026-01-01,23,Family,Housing,39,0,1,5.2,2021-12-28,2025-10-26,Other Ministry,Complex,-7,3.8,24.0,4,26,45,18691.52,21051.33,FY2024-25,88.3,2026-02-18
CLT-000149,0.471,Family Support,4.5,Low,Central,2024-07-01,14,Employment,Child Care,125,3,1,86.9,2020-01-09,2026-06-28,Self-Referral,Complex,35,60.5,51.0,16,24,11,17449.53,9508.86,FY2023-24,73.1,2026-06-18
CLT-000150,0.754,Youth Services,6.4,Medium,Niagara,2025-01-01,9,Community,Family,85,3,1,16.7,2023-05-18,2026-06-09,Court,Complex,50,62.0,70.5,17,20,13,5421.78,31584.21,FY2024-25,90.6,2026-06-22
CLT-000151,0.478,Child Care Subsidy,6.4,High,Central,2024-07-01,12,Housing,Community,146,2,3,73.7,2022-12-06,2025-04-20,Self-Referral,Standard,-2,4.3,14.8,8,24,50,4442.92,15044.16,FY2024-25,74.4,2026-01-16
CLT-000152,0.807,Employment Services,4.4,High,GTA,2025-07-01,15,Child Care,Disability,109,1,2,63.9,2020-04-06,2026-01-26,Family Doctor,Standard,80,70.3,36.6,17,1,0,18719.91,10951.27,FY2024-25,94.9,2026-06-12
CLT-000153,0.816,Youth Services,8.1,High,Waterloo,2025-01-01,24,Disability,Youth,124,1,0,20.9,2020-12-21,2026-06-11,Community Agency,Standard,-15,31.1,57.3,4,5,37,21227.35,1276.61,FY2024-25,91.3,2026-02-09
CLT-000154,0.424,Youth Services,7.1,High,Waterloo,2025-04-01,16,Family,Child Care,91,4,1,86.3,2022-12-02,2025-03-11,Hospital,Standard,49,38.9,17.8,7,28,13,16751.69,17222.26,FY2024-25,76.6,2026-07-12
CLT-000155,0.765,Community Living,9.8,High,GTA,2024-07-01,22,Family,Housing,71,5,1,86.5,2023-10-29,2025-11-25,Family Doctor,Simple,29,18.8,71.5,0,29,33,20641.67,19372.94,FY2025-26,83.4,2026-01-12
CLT-000156,0.575,Home Care,5.2,Low,Ottawa,2024-10-01,18,Employment,Child Care,63,5,1,78.5,2022-05-18,2025-04-17,School,Complex,69,63.3,73.0,13,20,4,18798.83,8533.97,FY2024-25,91.5,2026-01-10
CLT-000157,0.452,Ontario Works,4.2,Medium,Durham,2024-07-01,19,Disability,Youth,114,3,3,58.6,2022-06-05,2025-11-20,Self-Referral,Standard,66,9.0,10.5,19,2,48,18775.8,3230.33,FY2023-24,80.7,2026-05-09
CLT-000158,0.463,Employment Services,7.1,Medium,Hamilton,2025-10-01,13,Employment,Housing,50,4,1,16.6,2022-03-11,2026-07-13,Court,Complex,-2,21.8,85.4,20,11,0,14061.34,28198.42,FY2023-24,71.3,2026-05-27
CLT-000159,0.752,ODSP,5.1,High,Central,2025-01-01,14,Home Care,Home Care,57,1,2,21.5,2021-01-06,2025-02-25,Online Portal,Complex,50,5.7,67.1,8,3,12,18276.94,24872.33,FY2024-25,80.7,2026-06-21
CLT-000160,0.787,ODSP,4.9,Low,Eastern,2025-07-01,16,Housing,Family,88,5,1,53.1,2022-01-16,2025-11-20,Family Doctor,Simple,-20,22.9,76.8,20,13,17,21082.7,7580.99,FY2025-26,79.9,2026-05-03
CLT-000161,0.673,Youth Services,8.3,Medium,Durham,2024-07-01,6,Child Care,Youth,45,4,1,27.4,2023-07-07,2025-03-20,Community Agency,Simple,44,45.7,79.1,18,12,49,14955.89,45408.88,FY2025-26,77.8,2026-05-19
CLT-000162,0.679,Child Care Subsidy,5.5,Low,Waterloo,2025-04-01,5,Housing,Child Care,111,2,0,61.3,2024-07-09,2025-06-19,Hospital,Standard,0,13.3,90.6,4,23,46,12345.83,18580.98,FY2023-24,92.8,2026-03-01
CLT-000163,0.437,Youth Services,4.6,High,Eastern,2025-07-01,13,Housing,Housing,21,0,2,13.8,2022-12-03,2025-10-08,Court,Complex,49,41.3,42.0,12,11,37,16506.75,41937.98,FY2025-26,77.5,2026-02-27
CLT-000164,0.705,Youth Services,8.6,Medium,Hamilton,2026-01-01,20,Employment,Home Care,122,1,1,11.6,2023-08-10,2025-10-15,School,Simple,3,11.8,61.2,3,21,14,10658.04,17181.01,FY2023-24,84.4,2026-05-03
CLT-000165,0.683,Child Care Subsidy,7.4,Medium,GTA,2025-01-01,2,Home Care,Home Care,44,5,0,80.7,2020-10-27,2025-02-27,Hospital,Standard,3,37.4,44.5,18,20,1,22023.47,36670.74,FY2024-25,98.4,2026-02-25
CLT-000166,0.665,Community Living,8.9,Low,Eastern,2025-10-01,20,Home Care,Home Care,140,2,1,66.6,2021-12-02,2026-04-10,Community Agency,Simple,28,28.1,19.2,6,16,32,17267.01,41499.2,FY2025-26,72.9,2026-05-02
CLT-000167,0.932,Ontario Works,9.0,High,Durham,2024-07-01,3,Housing,Home Care,148,0,3,49.4,2022-01-28,2025-02-14,Family Doctor,Simple,41,57.0,42.4,18,25,47,22742.54,42022.34,FY2025-26,72.9,2026-02-04
CLT-000168,0.55,Home Care,9.2,Low,Southwestern,2025-10-01,9,Disability,Employment,11,4,0,49.2,2022-02-07,2025-07-30,Other Ministry,Standard,26,8.1,46.2,18,8,16,21446.93,21754.52,FY2024-25,88.4,2026-06-24
CLT-000169,0.634,Home Care,5.8,High,Hamilton,2024-10-01,12,Housing,Youth,88,4,2,70.8,2022-03-26,2025-05-22,Community Agency,Complex,9,32.4,69.4,5,3,13,12954.42,39517.98,FY2025-26,88.4,2026-06-25
CLT-000170,0.817,Child Care Subsidy,5.6,High,GTA,2024-07-01,5,Housing,Community,32,0,2,23.9,2020-06-12,2025-02-08,Family Doctor,Standard,58,47.4,34.3,19,1,49,20595.6,32374.27,FY2024-25,70.3,2026-06-18
CLT-000171,0.949,Employment Services,4.3,High,Durham,2025-01-01,20,Home Care,Employment,102,1,0,87.9,2020-06-26,2025-10-10,Family Doctor,Standard,65,28.8,59.8,16,0,47,17738.74,46039.69,FY2025-26,78.5,2026-08-01
CLT-000172,0.73,Youth Services,5.4,Medium,Eastern,2025-01-01,15,Community,Employment,76,1,3,48.0,2023-02-18,2025-03-16,Court,Standard,-6,57.9,91.3,17,26,50,14584.9,35015.4,FY2024-25,86.9,2026-07-17
CLT-000173,0.544,Youth Services,9.5,Medium,Hamilton,2024-04-01,16,Child Care,Youth,27,3,1,62.5,2021-04-15,2025-11-20,Family Doctor,Standard,46,38.8,69.6,8,7,18,2778.73,34011.2,FY2024-25,72.3,2026-02-15
CLT-000174,0.681,Youth Services,4.5,High,Southwestern,2024-10-01,24,Disability,Housing,61,1,1,79.2,2021-02-27,2025-08-23,School,Simple,59,26.0,76.2,3,29,5,17057.4,33507.78,FY2025-26,70.2,2026-05-19
CLT-000175,0.965,Community Living,5.5,Medium,Hamilton,2025-04-01,16,Home Care,Youth,111,1,1,9.6,2024-06-24,2026-03-10,Online Portal,Complex,-16,36.4,43.5,5,14,7,17606.99,23543.46,FY2025-26,70.3,2026-06-22
CLT-000176,0.524,ODSP,5.2,High,Southwestern,2024-10-01,18,Youth,Disability,78,3,2,36.1,2022-10-18,2026-03-11,School,Standard,69,54.3,41.0,12,8,28,4907.29,7425.82,FY2025-26,90.6,2026-07-28
CLT-000177,0.459,Employment Services,8.5,High,Niagara,2025-10-01,7,Home Care,Home Care,131,0,1,40.8,2020-10-02,2026-06-14,Other Ministry,Standard,18,18.4,83.0,1,12,6,17418.31,3941.78,FY2024-25,84.3,2026-06-11
CLT-000178,0.457,Youth Services,4.8,Medium,Durham,2025-04-01,12,Employment,Community,41,2,1,54.0,2023-08-23,2026-07-06,Hospital,Standard,25,23.7,53.4,14,28,5,9836.24,15039.66,FY2025-26,98.7,2026-02-12
CLT-000179,0.778,Youth Services,5.9,High,Waterloo,2025-10-01,3,Child Care,Home Care,97,1,2,31.9,2021-08-19,2025-10-01,Family Doctor,Standard,36,56.3,89.8,18,16,28,10642.73,10010.42,FY2023-24,73.8,2026-03-02
CLT-000180,0.791,ODSP,4.4,Medium,Ottawa,2024-07-01,3,Housing,Employment,16,3,0,13.8,2023-06-19,2025-06-09,Community Agency,Complex,29,22.6,31.0,9,14,40,3597.09,26810.37,FY2023-24,70.9,2026-06-19
CLT-000181,0.611,Youth Services,8.9,Medium,Durham,2025-04-01,18,Housing,Home Care,148,1,3,58.6,2023-07-26,2026-08-01,Family Doctor,Complex,61,46.2,36.3,11,15,34,6064.65,5388.15,FY2024-25,81.0,2026-03-08
CLT-000182,0.492,Ontario Works,3.0,Low,Central,2025-04-01,16,Employment,Housing,132,2,0,70.1,2024-06-22,2025-10-27,School,Simple,50,27.2,45.0,17,13,25,6622.45,36031.96,FY2025-26,81.7,2026-04-07
CLT-000183,0.53,ODSP,5.9,Low,Durham,2025-04-01,10,Youth,Community,58,0,1,16.6,2020-08-14,2026-04-12,Online Portal,Standard,69,45.0,26.0,0,4,3,24258.05,2084.41,FY2023-24,78.5,2026-02-02
CLT-000184,0.822,Ontario Works,4.6,Low,GTA,2026-01-01,7,Family,Community,89,3,2,44.4,2024-06-08,2025-02-02,Other Ministry,Simple,76,68.5,14.8,12,2,34,12018.6,10417.42,FY2024-25,94.5,2026-08-01
CLT-000185,0.407,Home Care,5.6,Medium,Eastern,2024-04-01,7,Housing,Child Care,143,5,1,45.2,2023-10-27,2025-11-16,Other Ministry,Simple,60,52.6,73.3,17,16,7,6706.16,32287.48,FY2023-24,80.8,2026-01-14
CLT-000186,0.91,Home Care,9.6,Low,Niagara,2025-07-01,1,Home Care,Youth,40,3,1,5.8,2020-03-27,2026-05-02,Hospital,Standard,78,6.9,23.4,2,21,39,8791.34,48512.93,FY2025-26,71.8,2026-04-02
CLT-000187,0.78,ODSP,3.9,Low,Central,2025-07-01,15,Disability,Employment,106,2,1,26.3,2020-03-21,2026-05-12,Online Portal,Complex,17,39.3,51.7,18,5,34,9017.78,36887.72,FY2024-25,96.0,2026-06-03
CLT-000188,0.94,Child Care Subsidy,3.5,Low,Hamilton,2025-04-01,9,Family,Housing,10,5,3,67.4,2020-02-08,2026-01-08,School,Standard,72,5.0,92.2,12,6,33,17238.99,38520.97,FY2023-24,88.4,2026-03-24
CLT-000189,0.642,Youth Services,3.8,High,Ottawa,2024-04-01,5,Home Care,Employment,61,0,3,21.3,2020-03-06,2026-02-02,Online Portal,Complex,59,50.6,31.8,11,7,38,18087.21,1641.22,FY2023-24,89.7,2026-01-21
CLT-000190,0.676,Ontario Works,5.5,High,Niagara,2025-07-01,23,Employment,Youth,145,0,0,75.9,2020-06-08,2025-08-10,Community Agency,Simple,72,17.0,42.8,6,16,42,6594.69,31640.93,FY2023-24,86.8,2026-05-23
CLT-000191,0.645,ODSP,8.2,High,Central,2026-01-01,23,Community,Child Care,52,1,3,47.9,2023-09-08,2025-06-11,Online Portal,Standard,20,39.8,94.7,11,13,48,16014.4,41481.59,FY2024-25,88.3,2026-05-25
CLT-000192,0.722,Family Support,8.2,High,Southwestern,2025-07-01,15,Housing,Community,10,5,0,88.6,2023-05-05,2025-01-17,Hospital,Standard,-20,22.0,28.9,10,0,49,20637.53,34796.24,FY2024-25,97.6,2026-05-11
CLT-000193,0.728,Child Care Subsidy,3.6,Medium,Central,2024-10-01,5,Youth,Family,73,1,2,73.9,2020-07-07,2026-02-14,School,Complex,-11,52.2,77.4,5,15,44,17719.77,41156.25,FY2023-24,87.9,2026-03-18
CLT-000194,0.422,Family Support,3.5,Low,Central,2025-07-01,14,Community,Child Care,68,5,0,58.9,2023-07-18,2026-01-27,Self-Referral,Standard,47,3.4,55.9,4,10,32,17595.33,8506.68,FY2025-26,91.9,2026-04-11
CLT-000195,0.973,ODSP,4.5,Medium,Niagara,2024-10-01,5,Family,Child Care,131,4,0,51.6,2021-06-21,2025-03-29,Family Doctor,Complex,35,55.8,21.1,4,15,35,5353.66,20370.62,FY2025-26,75.9,2026-06-07
CLT-000196,0.988,Home Care,4.6,Medium,Niagara,2025-07-01,22,Child Care,Child Care,115,3,2,34.6,2021-10-18,2025-12-19,Self-Referral,Standard,1,71.1,62.4,14,19,9,11291.35,46286.45,FY2023-24,76.0,2026-04-06
CLT-000197,0.492,ODSP,3.8,Low,Eastern,2024-10-01,10,Employment,Family,38,2,3,45.1,2021-11-10,2025-08-03,School,Simple,49,37.9,32.0,15,19,46,24811.4,35058.49,FY2025-26,70.6,2026-05-30
CLT-000198,0.935,Ontario Works,4.7,Low,Southwestern,2025-01-01,23,Youth,Employment,129,5,0,10.7,2023-09-14,2025-10-05,Other Ministry,Simple,-18,21.4,85.1,12,7,24,12959.24,35774.75,FY2024-25,84.5,2026-06-02
CLT-000199,0.714,Child Care Subsidy,4.4,Medium,Durham,2024-04-01,2,Disability,Youth,95,3,3,68.3,2020-02-07,2025-12-22,Other Ministry,Standard,60,22.1,94.7,16,8,3,15831.91,44055.19,FY2023-24,98.3,2026-03-13
CLT-000200,0.533,Youth Services,9.1,High,Northern,2024-07-01,24,Community,Disability,116,1,1,41.2,2021-10-01,2025-12-04,Online Portal,Complex,-4,15.3,21.8,17,21,12,21633.4,16140.92,FY2025-26,97.0,2026-02-04
CLT-000201,0.654,Child Care Subsidy,7.5,High,Northern,2025-07-01,3,Child Care,Home Care,91,1,0,70.1,2022-04-27,2026-02-26,Court,Standard,75,67.3,86.0,8,4,49,5104.37,7445.75,FY2023-24,92.9,2026-06-06
CLT-000202,0.764,Home Care,7.1,Low,GTA,2025-07-01,3,Housing,Home Care,138,4,3,65.5,2022-02-04,2025-07-08,Family Doctor,Standard,40,10.3,26.4,1,13,48,24235.97,46346.32,FY2024-25,76.7,2026-06-21
CLT-000203,0.983,Home Care,3.4,Medium,Waterloo,2026-01-01,23,Family,Housing,73,3,3,71.0,2023-05-30,2026-01-25,Other Ministry,Standard,58,67.6,58.6,17,16,41,21956.68,39559.07,FY2025-26,73.3,2026-04-27
CLT-000204,0.888,Ontario Works,9.0,Low,Durham,2025-10-01,24,Employment,Community,142,5,0,21.1,2022-06-19,2026-02-12,Court,Standard,39,12.4,35.0,1,22,33,22640.05,23715.37,FY2025-26,83.6,2026-07-04
CLT-000205,0.695,Child Care Subsidy,8.3,High,Durham,2024-10-01,13,Community,Family,125,0,1,43.6,2023-12-30,2025-07-26,Online Portal,Simple,12,23.7,65.1,5,22,46,3526.83,6594.08,FY2024-25,89.0,2026-01-22
CLT-000206,0.709,Family Support,7.9,High,Waterloo,2024-10-01,13,Community,Employment,53,2,1,18.8,2020-10-23,2025-07-03,Self-Referral,Standard,19,22.6,75.3,14,9,40,4927.05,45028.55,FY2023-24,70.1,2026-07-15
CLT-000207,0.549,Community Living,6.4,Medium,Durham,2024-04-01,20,Housing,Disability,65,4,3,43.6,2022-06-23,2025-03-23,Self-Referral,Simple,50,20.4,63.4,6,1,11,4132.28,33010.57,FY2023-24,74.4,2026-01-09
CLT-000208,0.794,Employment Services,5.3,Low,GTA,2024-07-01,14,Home Care,Home Care,82,4,1,87.1,2024-03-14,2026-01-04,Self-Referral,Simple,78,21.9,41.3,12,26,4,19081.83,42322.17,FY2023-24,78.8,2026-02-04
CLT-000209,0.472,Employment Services,5.2,Medium,Durham,2025-01-01,23,Disability,Employment,37,4,0,46.1,2023-11-11,2025-10-22,Family Doctor,Complex,20,19.1,58.9,19,11,8,15550.1,25323.45,FY2025-26,89.0,2026-05-07
CLT-000210,0.877,Home Care,7.8,Low,GTA,2024-07-01,1,Housing,Child Care,63,4,3,40.2,2021-11-14,2025-12-25,School,Simple,61,14.9,33.9,2,9,19,12913.9,16872.27,FY2023-24,73.4,2026-03-27
CLT-000211,0.601,Ontario Works,8.7,Low,Central,2025-07-01,22,Housing,Housing,19,5,1,45.9,2023-07-08,2026-04-17,Other Ministry,Standard,80,58.7,88.9,1,26,33,7833.92,36523.24,FY2024-25,86.7,2026-01-05
CLT-000212,0.523,Youth Services,8.4,Medium,Ottawa,2024-10-01,9,Employment,Family,106,5,1,53.5,2022-03-08,2025-07-11,Community Agency,Standard,70,61.8,70.3,8,13,5,12677.83,12644.47,FY2024-25,94.9,2026-03-19
CLT-000213,0.528,Employment Services,4.2,Medium,GTA,2025-01-01,3,Housing,Employment,133,4,1,21.2,2022-09-17,2026-06-21,Court,Standard,-2,55.5,18.4,16,21,8,5527.08,2791.07,FY2024-25,91.4,2026-05-14
CLT-000214,0.468,Employment Services,9.3,High,Waterloo,2024-07-01,11,Housing,Employment,36,4,2,6.9,2024-04-02,2025-11-16,School,Standard,5,14.3,33.5,10,24,28,16942.54,14360.06,FY2023-24,78.2,2026-01-04
CLT-000215,0.965,ODSP,4.4,Medium,Durham,2025-07-01,9,Home Care,Youth,72,1,0,31.5,2021-11-24,2026-07-08,Online Portal,Simple,-4,2.6,86.8,1,3,24,1818.1,21896.82,FY2023-24,91.1,2026-06-01
CLT-000216,0.771,Community Living,7.2,Medium,Central,2025-01-01,23,Child Care,Housing,43,0,3,13.3,2021-09-27,2026-04-22,Online Portal,Simple,8,10.8,86.1,8,29,23,10105.88,35281.12,FY2025-26,79.9,2026-03-25
CLT-000217,0.667,Ontario Works,3.4,Low,Central,2026-01-01,15,Home Care,Youth,99,4,1,48.2,2022-04-10,2025-04-20,Other Ministry,Complex,63,5.6,35.7,14,12,37,10629.33,31422.87,FY2025-26,74.8,2026-05-04
CLT-000218,0.626,Youth Services,4.4,High,Waterloo,2025-10-01,14,Family,Disability,54,5,0,67.8,2023-12-28,2026-05-14,Community Agency,Complex,56,33.6,57.2,14,5,19,23919.14,4410.77,FY2023-24,90.6,2026-06-02
CLT-000219,0.855,Family Support,5.2,High,GTA,2024-07-01,7,Home Care,Employment,47,5,1,43.5,2021-08-19,2026-02-04,Online Portal,Simple,6,49.2,36.9,18,25,43,7961.48,47223.33,FY2024-25,91.5,2026-03-30
CLT-000220,0.984,Ontario Works,7.2,High,Niagara,2024-10-01,10,Employment,Family,150,0,0,64.8,2022-01-05,2025-04-23,Court,Simple,10,31.4,60.2,20,10,45,9878.35,19696.69,FY2025-26,76.3,2026-02-14
CLT-000221,0.68,Home Care,6.8,Medium,Niagara,2024-10-01,10,Home Care,Home Care,12,0,0,17.2,2022-09-23,2026-03-24,Hospital,Simple,-3,46.4,45.3,14,28,50,17537.07,46585.24,FY2025-26,75.4,2026-05-11
CLT-000222,0.65,Community Living,5.6,Low,Northern,2025-10-01,20,Employment,Housing,70,5,2,39.9,2023-01-23,2026-01-11,Self-Referral,Simple,52,35.1,41.3,18,15,44,2461.55,36779.09,FY2025-26,99.5,2026-07-12
CLT-000223,0.86,Community Living,6.5,High,Waterloo,2024-07-01,8,Housing,Child Care,148,4,2,57.1,2021-12-04,2026-07-02,Self-Referral,Standard,38,37.2,49.9,10,13,22,24034.24,40112.94,FY2024-25,75.0,2026-06-27
CLT-000224,0.944,Employment Services,7.9,High,Southwestern,2024-04-01,21,Housing,Home Care,23,5,2,73.8,2023-07-02,2025-01-28,Court,Standard,-10,9.6,16.5,8,8,8,15587.05,14485.64,FY2024-25,70.4,2026-01-29
CLT-000225,0.756,Child Care Subsidy,7.5,Medium,Northern,2025-04-01,23,Disability,Housing,56,4,0,34.1,2020-06-21,2025-05-29,Hospital,Standard,76,71.5,75.5,7,21,28,18286.98,9196.88,FY2025-26,92.0,2026-03-30
CLT-000226,0.432,Employment Services,8.1,Low,GTA,2024-10-01,15,Community,Housing,87,3,1,37.3,2023-12-16,2026-02-04,Online Portal,Standard,-2,38.4,47.0,9,29,28,9859.1,16468.74,FY2025-26,90.5,2026-01-11
CLT-000227,0.457,Youth Services,9.5,Medium,Waterloo,2025-04-01,11,Youth,Youth,35,2,3,44.2,2023-10-14,2025-09-05,School,Complex,23,49.0,94.4,10,17,0,16983.65,41752.79,FY2023-24,82.3,2026-05-15
CLT-000228,0.461,Community Living,5.4,High,Southwestern,2025-04-01,7,Employment,Employment,33,0,1,85.8,2023-07-30,2025-05-05,Community Agency,Simple,57,9.8,65.8,20,18,11,22452.04,35087.03,FY2024-25,78.8,2026-06-19
CLT-000229,0.952,Community Living,9.3,Medium,Niagara,2025-07-01,9,Home Care,Child Care,80,0,3,38.0,2020-05-03,2025-09-22,Court,Simple,36,5.5,93.3,6,19,25,4871.83,25110.81,FY2023-24,86.2,2026-04-21
CLT-000230,0.529,ODSP,9.2,High,Southwestern,2024-07-01,2,Child Care,Child Care,74,3,0,81.2,2020-10-31,2025-01-01,Self-Referral,Complex,29,19.6,69.5,12,18,0,13126.88,47055.64,FY2024-25,84.3,2026-04-14
CLT-000231,0.898,ODSP,6.7,Low,Niagara,2026-01-01,4,Family,Family,87,3,0,58.7,2023-08-18,2025-04-03,Other Ministry,Complex,23,6.3,49.1,9,20,12,4827.15,2927.23,FY2024-25,89.8,2026-03-18
CLT-000232,0.811,ODSP,7.3,Medium,Hamilton,2024-07-01,21,Housing,Disability,45,0,1,7.2,2023-04-29,2025-09-02,Online Portal,Standard,-12,57.2,64.7,15,17,28,24181.07,1804.5,FY2024-25,71.7,2026-07-21
CLT-000233,0.825,Family Support,3.8,High,Durham,2026-01-01,22,Home Care,Disability,28,0,1,46.6,2020-02-09,2026-04-28,Self-Referral,Simple,69,46.9,11.2,20,1,19,20608.11,5767.32,FY2025-26,75.1,2026-06-01
CLT-000234,0.438,ODSP,3.8,High,Waterloo,2025-01-01,3,Disability,Community,96,5,3,32.6,2023-11-02,2026-07-13,Hospital,Standard,7,55.1,60.4,10,2,7,7210.39,38119.95,FY2023-24,90.9,2026-05-22
CLT-000235,0.497,Home Care,9.3,Low,Northern,2024-07-01,21,Community,Home Care,14,3,0,5.5,2021-01-02,2025-04-02,Court,Standard,68,58.2,75.7,4,6,9,16175.73,26631.26,FY2024-25,77.2,2026-02-14
CLT-000236,0.76,Ontario Works,7.1,High,Hamilton,2024-07-01,21,Youth,Family,117,0,1,21.3,2022-12-21,2025-04-08,Other Ministry,Complex,44,16.2,75.5,6,8,3,5246.12,40034.04,FY2025-26,95.3,2026-05-02
CLT-000237,0.694,Child Care Subsidy,7.6,Low,GTA,2025-07-01,10,Disability,Community,74,2,3,8.7,2024-02-25,2025-02-23,Hospital,Simple,80,2.6,53.8,2,28,15,18174.38,30042.63,FY2024-25,82.6,2026-07-11
CLT-000238,0.799,Youth Services,4.6,Low,Central,2025-01-01,4,Disability,Community,61,3,1,11.3,2023-04-13,2026-05-12,Self-Referral,Standard,-2,16.0,61.8,5,12,23,3841.91,36271.24,FY2025-26,80.8,2026-03-11
CLT-000239,0.519,Child Care Subsidy,3.2,High,GTA,2025-04-01,5,Child Care,Housing,127,3,1,69.6,2021-03-26,2025-10-30,Hospital,Complex,58,65.2,59.1,17,27,14,2618.62,42991.71,FY2024-25,95.9,2026-02-25
CLT-000240,0.749,Community Living,4.9,High,Niagara,2025-01-01,8,Family,Community,66,4,1,82.7,2020-01-11,2026-03-04,Self-Referral,Simple,40,52.9,52.9,13,16,25,12242.1,40102.86,FY2023-24,83.6,2026-03-03
CLT-000241,0.449,Ontario Works,7.7,Medium,Eastern,2024-10-01,12,Youth,Disability,33,0,3,61.9,2020-11-27,2026-04-16,Self-Referral,Standard,39,55.7,84.3,12,5,50,21853.02,31713.74,FY2025-26,89.0,2026-06-10
CLT-000242,0.442,Youth Services,6.6,Medium,Niagara,2025-04-01,23,Disability,Child Care,95,5,0,48.8,2023-10-13,2026-01-08,Self-Referral,Simple,29,26.6,62.6,11,11,11,16380.23,35538.81,FY2025-26,91.3,2026-02-22
CLT-000243,0.482,Youth Services,4.6,Low,Hamilton,2025-01-01,24,Disability,Family,100,2,3,28.6,2020-05-09,2026-01-17,Other Ministry,Standard,42,36.4,80.5,15,22,34,17118.55,27109.92,FY2024-25,83.6,2026-04-05
CLT-000244,0.872,ODSP,4.3,Medium,Ottawa,2024-07-01,13,Home Care,Youth,29,0,1,28.5,2023-11-28,2025-06-01,Online Portal,Simple,6,37.7,63.3,9,13,43,13765.16,7469.34,FY2024-25,82.6,2026-07-08
CLT-000245,0.78,Employment Services,4.3,Low,Eastern,2025-07-01,14,Family,Family,134,4,3,43.9,2023-03-07,2025-05-16,Court,Simple,13,16.7,41.6,9,24,3,4134.29,14934.72,FY2023-24,88.6,2026-02-11
CLT-000246,0.82,Employment Services,4.2,Low,Northern,2024-10-01,8,Child Care,Employment,91,4,1,42.5,2022-01-27,2025-07-08,School,Complex,70,3.0,36.9,11,4,23,11486.51,48797.82,FY2025-26,79.0,2026-01-07
CLT-000247,0.639,Community Living,8.2,Medium,Central,2024-10-01,1,Family,Youth,131,2,1,73.0,2024-02-01,2026-03-29,Other Ministry,Complex,-6,52.8,86.5,4,21,35,3363.46,2214.98,FY2025-26,95.2,2026-04-25
CLT-000248,0.611,Youth Services,3.4,High,Eastern,2025-01-01,9,Disability,Employment,31,4,3,62.6,2020-06-27,2026-06-09,Family Doctor,Simple,42,23.2,61.4,1,29,42,9346.09,8249.35,FY2024-25,81.1,2026-04-06
CLT-000249,0.407,Youth Services,5.4,Medium,Durham,2024-07-01,7,Housing,Community,123,2,1,73.5,2022-05-18,2026-03-01,Hospital,Complex,56,6.7,27.7,15,27,33,24672.64,4239.67,FY2025-26,92.7,2026-01-23
CLT-000250,0.404,Employment Services,5.8,High,Hamilton,2024-10-01,7,Home Care,Community,84,4,3,8.6,2021-09-10,2025-11-08,Online Portal,Complex,74,33.6,12.3,0,4,16,7854.15,32387.21,FY2025-26,84.2,2026-06-17
CLT-000251,0.793,Employment Services,5.8,Medium,Eastern,2024-04-01,4,Youth,Housing,27,4,2,54.4,2023-03-04,2026-03-23,Court,Complex,67,34.5,69.0,3,11,32,18457.45,1859.71,FY2024-25,74.9,2026-01-15
CLT-000252,0.486,Community Living,9.0,Low,Central,2024-10-01,2,Youth,Family,117,5,2,9.1,2021-08-20,2026-06-27,Community Agency,Complex,4,55.3,25.6,3,19,48,4594.83,16807.74,FY2024-25,94.8,2026-06-25
CLT-000253,0.872,Employment Services,7.7,High,Central,2024-07-01,18,Family,Home Care,13,1,2,36.7,2022-09-20,2026-02-26,Other Ministry,Simple,-7,16.1,52.8,6,25,35,15528.99,41739.39,FY2025-26,95.4,2026-07-02
CLT-000254,0.725,ODSP,5.8,Low,Ottawa,2024-10-01,1,Housing,Family,89,5,2,16.8,2022-06-24,2026-06-20,Other Ministry,Simple,70,22.3,73.3,3,7,8,21491.97,7975.61,FY2023-24,79.2,2026-02-23
CLT-000255,0.477,ODSP,5.9,Low,Ottawa,2024-04-01,16,Community,Employment,60,0,0,72.4,2022-11-17,2025-03-02,Online Portal,Simple,12,3.6,35.6,0,24,6,19668.08,46084.81,FY2023-24,87.6,2026-02-21
CLT-000256,0.509,Youth Services,3.2,Low,Southwestern,2025-07-01,12,Home Care,Disability,139,4,0,13.4,2023-03-30,2025-01-15,School,Complex,4,69.4,24.6,17,0,46,2917.8,11486.75,FY2025-26,95.5,2026-05-02
CLT-000257,0.616,Child Care Subsidy,6.0,Low,Northern,2025-07-01,13,Community,Disability,141,1,3,14.6,2021-10-05,2025-05-07,Online Portal,Simple,46,10.2,74.8,9,17,46,1494.91,17077.65,FY2023-24,81.5,2026-04-27
CLT-000258,0.754,Employment Services,7.7,Medium,Eastern,2025-10-01,10,Community,Disability,27,3,2,20.2,2023-10-12,2026-05-19,Community Agency,Standard,36,37.9,67.5,3,4,25,10315.3,29937.3,FY2023-24,92.2,2026-02-13
CLT-000259,0.438,Home Care,5.3,High,Niagara,2024-07-01,8,Community,Housing,81,5,2,69.3,2024-06-28,2026-02-14,Other Ministry,Standard,65,43.6,44.4,15,16,17,4110.67,23277.1,FY2023-24,77.5,2026-05-08
CLT-000260,0.536,Child Care Subsidy,3.2,High,GTA,2024-07-01,16,Employment,Home Care,107,4,2,18.0,2023-06-27,2025-04-09,Community Agency,Complex,76,37.7,51.8,14,6,18,16721.28,25022.27,FY2024-25,86.3,2026-07-27
CLT-000261,0.907,Ontario Works,9.5,Low,Niagara,2024-07-01,13,Housing,Family,106,3,3,8.1,2020-12-28,2026-07-25,Court,Complex,1,35.6,21.4,12,15,48,3179.86,34076.2,FY2025-26,86.6,2026-05-19
CLT-000262,0.738,Community Living,6.8,Low,Durham,2024-04-01,13,Youth,Housing,106,4,2,70.2,2021-08-05,2025-11-25,Self-Referral,Simple,55,3.7,81.1,11,25,47,14807.19,38494.51,FY2025-26,80.2,2026-01-25
CLT-000263,0.653,Youth Services,5.8,Low,Eastern,2025-01-01,8,Youth,Child Care,26,2,0,33.7,2020-02-10,2026-07-06,Other Ministry,Simple,38,47.5,45.9,16,28,26,7032.16,35101.97,FY2025-26,70.7,2026-03-23
CLT-000264,0.623,Family Support,5.2,Low,Hamilton,2024-07-01,23,Disability,Family,137,4,2,19.2,2021-09-05,2026-01-08,Family Doctor,Simple,43,45.9,92.8,2,26,34,5744.96,13992.6,FY2024-25,99.9,2026-04-13
CLT-000265,0.875,ODSP,7.9,High,Ottawa,2025-07-01,9,Child Care,Housing,119,1,2,72.6,2023-08-27,2025-11-06,Court,Standard,64,39.1,27.0,12,8,39,13126.55,33906.45,FY2025-26,75.4,2026-01-05
CLT-000266,0.77,Child Care Subsidy,6.9,Low,Hamilton,2025-04-01,21,Community,Employment,143,1,2,44.3,2021-05-07,2025-06-04,Court,Standard,32,23.3,80.6,2,20,13,21226.19,14079.8,FY2024-25,89.4,2026-03-07
CLT-000267,0.805,Home Care,5.8,Low,Northern,2025-01-01,1,Disability,Youth,128,3,3,40.9,2020-03-16,2025-07-26,Hospital,Standard,-3,2.6,77.1,8,21,35,4811.64,42773.53,FY2025-26,84.6,2026-01-06
CLT-000268,0.433,ODSP,5.1,Medium,Ottawa,2025-10-01,12,Child Care,Community,45,1,0,53.5,2022-10-21,2025-05-04,Court,Standard,-9,17.5,20.4,10,10,37,18562.29,40486.24,FY2025-26,77.1,2026-04-19
CLT-000269,0.529,ODSP,4.2,Medium,Hamilton,2025-10-01,9,Employment,Housing,146,2,0,31.9,2022-05-17,2026-05-02,School,Standard,80,67.5,40.9,11,26,19,1016.32,48373.45,FY2025-26,71.0,2026-07-09
CLT-000270,0.791,Ontario Works,7.7,High,Eastern,2025-04-01,18,Community,Youth,102,5,0,50.5,2021-04-29,2026-03-30,Family Doctor,Simple,30,66.8,88.0,9,2,48,6268.78,11308.94,FY2023-24,97.5,2026-06-11
CLT-000271,0.587,Family Support,8.4,Medium,Ottawa,2026-01-01,16,Community,Family,118,0,1,64.4,2022-11-02,2025-03-09,Other Ministry,Standard,57,52.6,56.6,10,14,44,1170.1,3552.84,FY2025-26,75.5,2026-04-24
CLT-000272,0.867,Child Care Subsidy,3.0,Low,Southwestern,2025-07-01,19,Child Care,Child Care,50,1,1,77.0,2023-11-05,2026-02-25,Other Ministry,Standard,41,63.0,21.3,5,21,37,20755.83,40176.9,FY2023-24,72.5,2026-04-05
CLT-000273,0.507,Family Support,9.4,High,Eastern,2024-04-01,1,Disability,Child Care,128,1,2,64.6,2020-12-11,2025-02-20,Family Doctor,Complex,34,43.4,22.7,11,5,36,3375.09,36210.59,FY2024-25,93.2,2026-04-27
CLT-000274,0.888,Community Living,3.8,High,Eastern,2025-01-01,9,Youth,Housing,107,1,3,77.8,2023-05-13,2025-08-09,Court,Complex,66,14.0,25.3,4,0,18,24415.14,12538.8,FY2024-25,97.2,2026-04-05
CLT-000275,0.744,Community Living,3.6,Medium,Northern,2025-07-01,23,Community,Disability,108,5,3,67.6,2021-06-08,2025-03-16,Community Agency,Complex,-13,4.2,89.1,15,29,22,24920.12,47026.78,FY2025-26,91.3,2026-07-27
CLT-000276,0.427,Employment Services,6.4,Medium,Southwestern,2025-10-01,22,Family,Home Care,20,4,1,27.1,2022-10-28,2026-05-20,Other Ministry,Standard,-4,6.9,70.4,13,4,16,3362.63,3163.95,FY2023-24,85.0,2026-03-13
CLT-000277,0.841,Family Support,4.9,Medium,Waterloo,2025-04-01,17,Family,Community,52,2,3,69.9,2020-11-05,2026-07-24,Online Portal,Simple,4,11.1,29.5,1,15,16,4507.1,23889.51,FY2023-24,99.9,2026-05-07
CLT-000278,0.424,Youth Services,9.7,High,Hamilton,2026-01-01,16,Child Care,Home Care,41,2,0,22.3,2021-08-04,2025-07-04,Hospital,Complex,45,59.3,57.9,18,6,37,24951.11,1202.16,FY2025-26,75.4,2026-01-20
CLT-000279,0.545,Community Living,7.6,Medium,GTA,2025-04-01,22,Child Care,Community,105,4,0,76.1,2020-11-10,2025-01-30,Community Agency,Standard,70,47.7,48.6,8,19,42,642.23,48518.76,FY2025-26,88.7,2026-04-26
CLT-000280,0.592,Child Care Subsidy,4.4,Low,Southwestern,2025-07-01,2,Child Care,Community,33,3,2,20.1,2024-04-27,2026-02-13,Community Agency,Simple,6,12.2,76.3,9,20,48,23883.6,8552.6,FY2024-25,84.7,2026-04-21
CLT-000281,0.834,Employment Services,9.1,High,Northern,2025-07-01,22,Child Care,Family,141,1,3,42.9,2022-03-05,2026-05-03,Court,Complex,56,30.7,74.3,11,19,11,11135.6,21874.84,FY2023-24,85.4,2026-04-29
CLT-000282,0.799,Child Care Subsidy,9.3,High,Durham,2024-07-01,10,Housing,Community,30,3,2,17.6,2020-09-18,2025-11-04,School,Complex,34,21.6,14.1,2,29,2,13078.66,26021.93,FY2024-25,72.8,2026-06-19
CLT-000283,0.825,Employment Services,5.4,High,Ottawa,2024-04-01,4,Housing,Home Care,56,3,0,12.1,2023-12-13,2025-11-01,Other Ministry,Complex,72,33.0,67.0,19,25,16,8862.69,45987.48,FY2023-24,76.3,2026-01-21
CLT-000284,0.841,Employment Services,8.9,Low,Niagara,2024-04-01,1,Community,Child Care,13,1,3,44.1,2022-04-09,2026-05-14,Court,Complex,58,26.3,67.3,12,25,19,2647.06,7620.58,FY2023-24,73.4,2026-01-05
CLT-000285,0.811,Home Care,8.8,Low,Hamilton,2024-10-01,21,Disability,Community,147,1,0,30.6,2022-08-07,2025-06-01,Online Portal,Standard,-18,8.8,86.7,14,30,31,12051.49,43130.03,FY2025-26,77.3,2026-03-17
CLT-000286,0.736,Family Support,3.3,Low,Ottawa,2025-10-01,14,Housing,Youth,19,3,3,46.3,2023-04-25,2026-05-15,School,Complex,-13,38.3,45.9,10,17,4,7062.3,32766.71,FY2024-25,73.5,2026-06-09
CLT-000287,0.954,Youth Services,6.0,Medium,GTA,2024-10-01,10,Disability,Housing,98,3,1,48.1,2023-04-18,2025-12-14,Online Portal,Simple,17,52.2,43.2,13,26,43,16486.25,18652.52,FY2024-25,94.0,2026-02-11
CLT-000288,0.767,Employment Services,7.7,Low,Hamilton,2024-10-01,6,Disability,Home Care,135,0,3,85.2,2022-10-08,2025-11-07,School,Simple,51,3.9,11.5,8,11,43,4385.83,41569.49,FY2025-26,71.0,2026-01-17
CLT-000289,0.599,ODSP,7.2,Low,Durham,2025-01-01,16,Youth,Family,100,0,2,81.2,2023-11-14,2026-06-12,Community Agency,Complex,-14,66.8,47.2,14,30,48,3217.81,6188.7,FY2025-26,88.3,2026-01-27
CLT-000290,0.886,Ontario Works,6.4,Low,Ottawa,2025-01-01,12,Home Care,Youth,123,4,3,67.3,2020-07-22,2025-06-07,Other Ministry,Standard,-3,9.3,27.2,13,24,49,661.4,41905.86,FY2024-25,80.2,2026-05-10
CLT-000291,0.501,Employment Services,5.5,Medium,Central,2025-01-01,5,Community,Disability,45,3,3,83.0,2022-07-28,2026-06-13,Other Ministry,Simple,36,10.9,10.8,16,30,4,2577.07,16425.42,FY2023-24,83.0,2026-04-11
CLT-000292,0.848,Child Care Subsidy,9.1,Low,Durham,2025-04-01,14,Community,Youth,90,2,0,75.3,2022-12-16,2025-05-31,Family Doctor,Standard,62,15.2,56.3,19,20,28,17588.04,44496.07,FY2025-26,82.1,2026-02-20
CLT-000293,0.92,ODSP,3.3,Medium,Niagara,2024-10-01,17,Youth,Disability,33,4,2,49.3,2024-03-30,2025-06-13,Self-Referral,Simple,49,42.9,30.5,9,23,27,24680.39,6411.65,FY2023-24,95.2,2026-03-08
CLT-000294,0.77,Youth Services,3.8,High,Ottawa,2026-01-01,10,Employment,Housing,96,1,1,34.8,2021-08-05,2025-05-24,Family Doctor,Complex,74,18.2,37.9,18,6,49,9351.05,5801.4,FY2025-26,82.8,2026-04-16
CLT-000295,0.448,Ontario Works,5.9,Low,Hamilton,2025-01-01,15,Child Care,Family,144,3,3,79.1,2023-04-11,2026-05-26,Family Doctor,Standard,68,67.1,51.6,13,26,10,4036.48,7229.07,FY2025-26,83.7,2026-06-30
CLT-000296,0.703,ODSP,7.7,Medium,Hamilton,2024-04-01,24,Home Care,Family,40,4,3,14.4,2022-01-26,2025-10-24,Self-Referral,Complex,-1,8.9,35.9,11,9,18,12405.18,39768.98,FY2023-24,93.5,2026-04-18
CLT-000297,0.429,Employment Services,9.0,Low,Northern,2026-01-01,1,Child Care,Family,27,0,3,45.9,2021-09-26,2026-04-09,Other Ministry,Standard,40,60.2,80.9,4,24,8,12866.71,23585.87,FY2024-25,90.0,2026-02-08
CLT-000298,0.911,Youth Services,3.6,High,Waterloo,2025-10-01,13,Disability,Community,96,4,0,86.4,2022-06-26,2025-10-12,Community Agency,Simple,70,2.3,63.6,9,17,41,3532.65,28408.29,FY2023-24,98.7,2026-05-19
CLT-000299,0.74,Ontario Works,9.5,High,Eastern,2026-01-01,17,Employment,Child Care,146,1,0,28.4,2021-02-25,2025-09-09,Online Portal,Simple,48,43.9,44.2,1,15,1,8828.94,9844.89,FY2023-24,95.8,2026-03-23
CLT-000300,0.625,ODSP,3.8,Low,Durham,2024-10-01,10,Home Care,Home Care,75,0,1,31.1,2022-04-14,2025-06-23,Self-Referral,Complex,21,13.5,70.6,9,12,6,8341.02,21228.32,FY2024-25,77.7,2026-07-31
CLT-000301,0.931,Ontario Works,4.4,High,Waterloo,2025-01-01,16,Community,Child Care,78,0,2,44.5,2022-04-13,2025-03-09,Online Portal,Simple,32,45.8,87.7,0,8,35,24105.13,34079.77,FY2023-24,92.9,2026-06-16
CLT-000302,0.863,Employment Services,6.9,Medium,Ottawa,2025-01-01,5,Family,Home Care,72,4,3,86.7,2023-02-10,2026-04-08,Self-Referral,Simple,39,69.2,62.8,20,5,0,1974.29,46168.72,FY2024-25,87.9,2026-06-24
CLT-000303,0.624,Youth Services,8.7,Low,Waterloo,2025-04-01,2,Home Care,Child Care,86,0,3,64.4,2020-10-13,2026-07-24,Court,Standard,6,44.1,91.4,10,28,43,23662.51,32123.32,FY2025-26,83.6,2026-03-04
CLT-000304,0.791,Youth Services,5.3,Medium,Waterloo,2025-07-01,1,Home Care,Employment,131,0,0,62.2,2022-04-26,2026-07-24,Online Portal,Standard,48,6.3,84.5,20,2,34,1258.21,41772.11,FY2025-26,83.4,2026-02-01
CLT-000305,0.608,Family Support,8.6,Medium,Niagara,2024-10-01,23,Employment,Child Care,128,2,1,42.8,2021-03-29,2025-01-21,Court,Complex,70,26.1,17.6,19,20,19,20306.16,11836.24,FY2024-25,99.0,2026-01-10
CLT-000306,0.566,Home Care,3.0,High,Niagara,2024-07-01,9,Housing,Home Care,59,5,1,10.6,2020-09-19,2025-03-08,Hospital,Standard,52,61.7,84.9,8,6,43,1066.38,48520.73,FY2025-26,86.0,2026-03-06
CLT-000307,0.802,Community Living,3.0,Medium,GTA,2025-07-01,14,Community,Youth,41,5,3,47.1,2022-11-25,2025-02-14,School,Simple,15,66.2,55.3,10,0,25,5267.9,5008.64,FY2025-26,94.2,2026-07-08
CLT-000308,0.533,Family Support,9.5,Low,Eastern,2024-10-01,11,Youth,Child Care,34,0,3,41.7,2020-02-19,2025-12-09,Court,Simple,-7,34.4,91.5,1,26,21,13232.04,12600.44,FY2023-24,93.3,2026-06-08
CLT-000309,0.659,ODSP,7.3,High,Ottawa,2024-07-01,2,Employment,Community,90,5,0,71.5,2020-05-06,2026-03-29,Self-Referral,Standard,58,45.3,15.6,1,17,3,7725.46,19691.32,FY2023-24,88.5,2026-04-16
CLT-000310,0.538,Ontario Works,6.1,Medium,Niagara,2024-07-01,11,Employment,Housing,142,2,1,14.2,2020-01-26,2025-03-11,School,Complex,-4,46.1,31.8,13,15,46,15710.85,10110.25,FY2023-24,93.9,2026-01-16
CLT-000311,0.475,Family Support,6.5,High,Central,2025-04-01,19,Home Care,Home Care,130,2,2,29.7,2020-01-17,2026-06-15,Hospital,Simple,10,36.8,81.0,1,13,22,5287.47,10818.22,FY2023-24,93.6,2026-03-29
CLT-000312,0.512,Community Living,7.7,Medium,Waterloo,2025-07-01,19,Family,Youth,117,2,1,13.9,2024-06-04,2025-02-13,Online Portal,Simple,-20,46.2,68.9,14,19,13,6355.97,36994.72,FY2024-25,94.2,2026-04-07
CLT-000313,0.521,Child Care Subsidy,8.6,Low,Central,2024-04-01,3,Family,Employment,39,1,2,42.4,2023-07-16,2026-01-04,Self-Referral,Simple,5,14.6,24.8,8,23,11,8825.53,28170.74,FY2023-24,75.9,2026-02-15
CLT-000314,0.897,ODSP,3.1,High,Northern,2025-10-01,21,Child Care,Family,63,2,3,25.4,2024-07-15,2026-01-17,Hospital,Complex,59,63.5,84.7,2,3,9,22126.72,7408.94,FY2023-24,75.8,2026-04-07
CLT-000315,0.81,Youth Services,7.1,High,Eastern,2024-04-01,20,Disability,Youth,48,2,1,9.5,2024-06-17,2025-10-14,Hospital,Complex,54,63.8,27.8,2,25,30,19879.43,31129.44,FY2023-24,85.3,2026-07-12
CLT-000316,0.921,Youth Services,6.4,Medium,Northern,2025-07-01,23,Family,Housing,136,3,2,54.4,2023-07-30,2025-02-07,School,Simple,5,32.8,29.9,6,9,27,22273.37,28997.15,FY2024-25,77.6,2026-01-22
CLT-000317,0.479,ODSP,5.0,High,Central,2025-01-01,19,Employment,Housing,141,4,2,41.2,2022-08-15,2026-03-19,Family Doctor,Standard,43,23.2,42.5,5,14,14,7007.81,4718.53,FY2023-24,78.8,2026-05-09
CLT-000318,0.703,ODSP,8.3,Low,Ottawa,2024-07-01,3,Family,Employment,149,1,2,21.7,2021-11-05,2025-09-14,Court,Complex,78,49.4,33.3,19,4,48,18046.54,27613.16,FY2024-25,70.3,2026-03-18
CLT-000319,0.566,Youth Services,8.3,Medium,Niagara,2024-04-01,16,Home Care,Community,68,1,1,45.3,2022-11-22,2026-07-20,Online Portal,Complex,39,24.9,17.3,6,13,49,23577.28,21466.71,FY2024-25,83.5,2026-05-23
CLT-000320,0.418,Child Care Subsidy,6.9,Low,Southwestern,2024-04-01,16,Family,Family,67,3,3,63.3,2022-04-06,2026-07-05,Court,Standard,55,2.2,76.8,4,4,21,14420.68,40158.14,FY2025-26,87.2,2026-04-11
CLT-000321,0.978,Home Care,9.5,Low,Durham,2025-10-01,7,Housing,Child Care,94,4,3,59.3,2021-09-15,2025-04-06,Hospital,Simple,66,40.0,12.7,19,15,1,5073.96,4405.06,FY2024-25,78.5,2026-03-01
CLT-000322,0.572,ODSP,6.1,Medium,Durham,2024-04-01,6,Family,Community,110,1,0,16.0,2022-05-06,2026-05-05,Community Agency,Standard,6,9.8,27.5,13,26,45,16787.42,8780.28,FY2025-26,98.2,2026-05-31
CLT-000323,0.52,Community Living,4.9,Low,Northern,2026-01-01,3,Community,Disability,144,2,3,44.1,2023-03-25,2025-02-10,Community Agency,Standard,62,63.5,48.8,9,12,39,20674.03,42642.35,FY2024-25,77.5,2026-06-08
CLT-000324,0.833,Community Living,5.6,High,Northern,2024-07-01,13,Employment,Disability,50,2,2,61.7,2020-05-16,2025-08-11,Online Portal,Standard,77,40.0,94.6,2,24,6,12857.67,39196.02,FY2024-25,83.5,2026-03-06
CLT-000325,0.522,Ontario Works,6.1,Low,Hamilton,2025-10-01,11,Community,Disability,111,0,0,26.3,2023-12-23,2025-05-20,Other Ministry,Complex,75,33.7,49.2,2,17,42,6436.19,47550.9,FY2023-24,84.1,2026-03-13
CLT-000326,0.897,Child Care Subsidy,8.7,High,Ottawa,2024-10-01,10,Child Care,Community,53,0,0,62.6,2020-11-10,2026-03-28,Other Ministry,Simple,7,51.6,85.9,17,6,28,17570.19,41988.56,FY2025-26,89.2,2026-07-03
CLT-000327,0.789,ODSP,5.7,Medium,Hamilton,2024-04-01,20,Employment,Employment,106,1,1,36.8,2021-05-03,2025-07-24,Community Agency,Simple,33,2.5,11.2,6,21,42,2047.7,47978.52,FY2023-24,93.9,2026-08-01
CLT-000328,0.792,Child Care Subsidy,3.3,High,Ottawa,2025-07-01,11,Disability,Disability,148,3,3,15.3,2021-03-13,2025-04-19,Other Ministry,Standard,2,1.6,65.6,0,12,13,11740.01,4234.8,FY2024-25,89.5,2026-04-05
CLT-000329,0.426,Home Care,5.8,High,Hamilton,2024-07-01,23,Home Care,Youth,34,4,2,88.4,2023-11-27,2026-02-02,Hospital,Standard,2,45.9,85.1,10,27,42,12312.19,17420.16,FY2025-26,97.4,2026-04-25
CLT-000330,0.626,Home Care,6.4,High,GTA,2025-01-01,1,Child Care,Youth,70,5,3,69.4,2023-06-23,2025-03-23,Self-Referral,Simple,27,36.2,27.2,12,6,41,1428.71,46247.05,FY2025-26,99.7,2026-04-24
CLT-000331,0.836,Youth Services,3.9,Medium,GTA,2025-10-01,21,Youth,Employment,68,5,2,34.1,2021-02-25,2026-07-07,Self-Referral,Complex,11,57.8,69.2,7,19,24,13276.06,9993.73,FY2025-26,70.2,2026-05-06
CLT-000332,0.441,Home Care,3.4,Low,Eastern,2024-10-01,3,Home Care,Disability,70,4,0,41.2,2022-08-14,2025-11-15,Hospital,Complex,5,18.0,25.0,7,9,18,14622.33,48418.56,FY2023-24,78.2,2026-07-20
CLT-000333,0.684,Youth Services,5.7,Low,Hamilton,2026-01-01,14,Community,Home Care,133,0,3,41.3,2020-06-19,2025-11-04,Hospital,Complex,73,13.1,42.3,9,14,18,9691.1,30695.24,FY2023-24,80.0,2026-07-03
CLT-000334,0.677,Child Care Subsidy,9.2,Low,GTA,2025-07-01,16,Community,Community,111,5,2,37.6,2021-09-22,2025-03-14,Family Doctor,Simple,-5,28.0,58.1,6,24,27,23948.87,38792.25,FY2025-26,80.5,2026-07-01
CLT-000335,0.688,Youth Services,7.7,High,Niagara,2025-10-01,24,Disability,Disability,132,0,2,58.6,2023-10-17,2025-01-29,Hospital,Standard,57,33.1,67.9,8,7,38,14669.37,33467.63,FY2023-24,70.4,2026-07-17
CLT-000336,0.454,Family Support,5.7,High,Ottawa,2025-01-01,14,Home Care,Community,74,5,2,47.6,2022-12-27,2026-01-27,Court,Complex,32,54.3,88.6,2,3,40,14528.99,40079.16,FY2023-24,78.1,2026-02-23
CLT-000337,0.949,Family Support,7.8,Low,Northern,2026-01-01,1,Child Care,Child Care,116,4,3,60.6,2024-02-10,2026-03-18,Hospital,Simple,27,13.8,21.4,15,5,32,23737.84,23082.38,FY2023-24,75.6,2026-01-16
CLT-000338,0.842,Home Care,4.8,Medium,Hamilton,2024-07-01,21,Home Care,Child Care,85,0,3,15.6,2020-05-11,2025-12-17,Self-Referral,Complex,10,34.7,67.2,3,0,3,7018.98,47805.47,FY2025-26,87.5,2026-01-11
CLT-000339,0.457,Ontario Works,5.6,High,Southwestern,2026-01-01,16,Family,Community,96,2,2,90.0,2024-07-30,2025-09-03,Other Ministry,Complex,31,27.6,14.9,11,27,21,20253.62,1151.15,FY2025-26,82.1,2026-02-05
CLT-000340,0.415,ODSP,8.9,Medium,Eastern,2025-07-01,15,Housing,Community,58,0,2,6.4,2022-01-07,2025-02-16,Other Ministry,Complex,36,17.2,51.2,19,25,5,9034.18,47015.15,FY2024-25,99.6,2026-06-29
CLT-000341,0.934,Family Support,5.0,Low,Northern,2024-04-01,5,Housing,Child Care,87,5,3,19.3,2022-07-02,2025-04-29,Online Portal,Complex,49,17.7,28.0,2,3,27,24837.36,2431.87,FY2024-25,97.1,2026-07-16
CLT-000342,0.565,Employment Services,7.5,High,Ottawa,2024-10-01,18,Housing,Child Care,95,1,0,59.7,2022-02-11,2026-01-26,Family Doctor,Simple,8,19.0,34.7,3,2,21,18644.24,46923.32,FY2025-26,98.3,2026-05-27
CLT-000343,0.617,Youth Services,9.5,High,GTA,2025-04-01,2,Disability,Community,118,2,2,72.8,2024-06-19,2025-05-10,School,Simple,30,1.2,82.5,10,4,18,21011.81,25491.8,FY2024-25,74.4,2026-03-14
CLT-000344,0.486,Ontario Works,7.1,Medium,Durham,2024-07-01,9,Housing,Disability,136,2,3,10.0,2024-07-17,2025-12-08,Hospital,Complex,6,61.1,89.4,7,22,47,1787.87,43406.16,FY2023-24,95.7,2026-07-06
CLT-000345,0.631,Child Care Subsidy,9.7,High,Niagara,2025-07-01,14,Housing,Family,110,3,0,49.9,2021-08-02,2025-10-17,School,Complex,50,28.7,21.1,18,27,3,21320.34,35769.79,FY2024-25,89.6,2026-05-28
CLT-000346,0.481,Community Living,5.0,Low,Eastern,2025-01-01,24,Disability,Employment,102,5,0,62.7,2020-10-29,2026-01-21,Family Doctor,Complex,1,66.7,18.2,15,5,3,3375.0,26256.32,FY2024-25,87.8,2026-02-08
CLT-000347,0.77,Family Support,4.7,Low,Eastern,2025-10-01,16,Youth,Home Care,106,5,0,71.1,2023-08-24,2026-01-27,Court,Complex,63,32.3,11.0,3,2,7,12485.85,33770.82,FY2025-26,76.7,2026-05-31
CLT-000348,0.738,Community Living,4.9,High,Ottawa,2024-10-01,13,Housing,Community,86,4,1,13.5,2020-05-10,2026-07-05,Hospital,Standard,69,1.9,57.3,17,25,33,12469.8,26426.15,FY2025-26,86.2,2026-07-29
CLT-000349,0.866,ODSP,8.1,Low,Ottawa,2024-10-01,20,Home Care,Employment,124,2,0,8.3,2023-03-23,2025-07-31,Hospital,Simple,51,18.9,74.0,2,3,32,7815.16,48347.53,FY2023-24,82.7,2026-06-18
CLT-000350,0.4,Employment Services,3.3,High,Southwestern,2026-01-01,5,Housing,Family,143,2,1,63.5,2023-09-19,2025-02-15,School,Simple,4,10.6,82.8,6,30,8,15252.54,11585.96,FY2024-25,78.3,2026-07-06
CLT-000351,0.767,ODSP,6.7,Medium,Niagara,2024-10-01,13,Housing,Child Care,75,5,3,84.9,2020-10-20,2026-07-03,School,Simple,60,52.9,94.6,20,6,45,9617.49,33208.58,FY2025-26,88.1,2026-04-18
CLT-000352,0.885,Youth Services,9.7,Medium,Niagara,2024-04-01,20,Disability,Child Care,79,0,0,63.1,2022-04-13,2025-03-09,Other Ministry,Complex,-9,26.4,38.3,8,4,14,7204.35,5799.4,FY2023-24,81.4,2026-01-27
CLT-000353,0.862,ODSP,4.2,High,Southwestern,2026-01-01,4,Family,Youth,79,4,0,81.2,2020-12-15,2025-11-22,Family Doctor,Simple,24,58.1,67.6,17,17,38,22109.52,20729.91,FY2025-26,73.8,2026-01-03
CLT-000354,0.805,Child Care Subsidy,7.5,Low,Niagara,2025-04-01,2,Family,Disability,117,5,3,20.6,2021-12-25,2026-04-25,Court,Standard,34,37.7,71.1,7,9,40,21519.08,47425.28,FY2024-25,93.1,2026-01-24
CLT-000355,0.774,ODSP,8.0,Low,Northern,2024-04-01,3,Youth,Housing,12,3,1,45.8,2022-11-20,2026-06-30,Community Agency,Standard,-19,44.6,87.4,0,22,27,17713.5,37733.73,FY2023-24,99.8,2026-06-19
CLT-000356,0.961,Ontario Works,7.1,Low,Durham,2025-01-01,6,Child Care,Family,44,4,2,86.0,2022-05-15,2026-05-23,Family Doctor,Simple,27,69.8,38.7,7,26,34,21344.04,43032.5,FY2024-25,79.0,2026-03-17
CLT-000357,0.556,Ontario Works,8.0,High,Niagara,2025-01-01,10,Employment,Housing,134,0,2,5.5,2022-07-31,2025-12-03,Court,Standard,-7,0.9,85.7,5,12,22,717.16,22109.39,FY2023-24,72.5,2026-05-12
CLT-000358,0.93,Family Support,3.8,Medium,GTA,2024-10-01,22,Youth,Disability,130,3,2,30.4,2022-05-27,2025-07-06,Court,Simple,36,47.4,47.3,4,11,47,11132.02,18602.6,FY2025-26,76.0,2026-02-18
CLT-000359,0.568,Child Care Subsidy,5.7,High,Central,2024-04-01,6,Disability,Housing,78,0,3,46.6,2022-10-11,2025-05-11,Other Ministry,Standard,44,52.4,73.1,12,4,7,23963.13,39842.93,FY2023-24,74.7,2026-05-09
CLT-000360,0.408,Home Care,3.4,Medium,Niagara,2024-04-01,14,Housing,Youth,82,3,0,69.7,2021-05-22,2025-06-06,Hospital,Simple,15,55.3,83.5,7,21,27,5361.11,35616.58,FY2023-24,91.0,2026-05-09
CLT-000361,0.761,Home Care,9.7,High,Northern,2025-01-01,4,Home Care,Community,19,2,1,84.0,2022-05-23,2025-01-19,School,Simple,-14,27.7,54.6,20,7,14,8736.36,24480.57,FY2025-26,82.8,2026-01-14
CLT-000362,0.58,Employment Services,5.5,Medium,Niagara,2025-01-01,11,Employment,Home Care,20,0,0,61.1,2021-10-20,2025-08-06,Court,Standard,15,65.5,18.6,5,8,31,9407.74,15913.48,FY2023-24,90.1,2026-06-24
CLT-000363,0.726,Child Care Subsidy,5.3,High,Central,2025-07-01,8,Youth,Disability,108,0,0,16.1,2024-02-29,2025-05-04,Self-Referral,Complex,63,58.9,26.4,14,29,6,2334.55,27782.37,FY2024-25,79.0,2026-05-02
CLT-000364,0.984,Home Care,6.6,Low,GTA,2024-10-01,7,Community,Youth,98,2,3,58.5,2020-08-28,2026-03-23,Community Agency,Standard,33,37.9,91.0,0,5,38,7216.64,48406.86,FY2024-25,71.4,2026-05-25
CLT-000365,0.436,Home Care,8.0,Medium,Hamilton,2024-07-01,6,Housing,Community,109,3,2,22.6,2020-01-08,2025-06-13,School,Complex,69,1.1,88.9,16,14,32,17839.97,26728.59,FY2024-25,95.6,2026-03-17
CLT-000366,0.818,ODSP,4.2,Low,Durham,2025-01-01,10,Employment,Home Care,81,1,2,79.2,2020-04-15,2025-09-12,School,Complex,-6,0.6,39.5,19,11,20,2539.53,35567.62,FY2025-26,77.9,2026-02-04
CLT-000367,0.641,Employment Services,5.2,Low,GTA,2025-07-01,8,Youth,Home Care,75,0,0,66.4,2023-11-10,2026-01-27,Court,Complex,61,43.7,27.5,14,7,20,7085.44,29501.53,FY2024-25,74.7,2026-03-01
CLT-000368,0.831,Family Support,5.5,Medium,Ottawa,2026-01-01,6,Housing,Home Care,55,1,3,85.2,2021-01-04,2025-10-16,Self-Referral,Standard,0,63.8,79.5,19,6,4,4016.3,21893.36,FY2024-25,97.3,2026-04-14
CLT-000369,0.459,Child Care Subsidy,7.9,Low,Waterloo,2024-07-01,13,Community,Employment,38,0,0,16.2,2024-04-26,2025-03-27,Court,Simple,60,43.4,77.4,0,30,50,3105.3,37070.44,FY2024-25,95.6,2026-01-22
CLT-000370,0.519,Community Living,8.2,Medium,Northern,2025-04-01,11,Housing,Home Care,72,0,2,58.3,2020-09-09,2025-01-22,Self-Referral,Simple,49,21.7,53.5,13,4,0,22848.09,2176.04,FY2024-25,81.6,2026-04-01
CLT-000371,0.787,Home Care,9.3,High,Niagara,2024-07-01,16,Home Care,Child Care,67,0,2,35.4,2023-06-14,2025-12-08,Community Agency,Standard,-10,64.5,61.4,5,13,33,8703.68,9886.91,FY2024-25,74.5,2026-06-20
CLT-000372,0.805,Employment Services,5.4,Low,Southwestern,2026-01-01,22,Family,Youth,29,0,1,71.1,2020-10-27,2025-11-24,Hospital,Standard,37,52.1,76.8,15,26,4,3272.52,21945.2,FY2025-26,78.4,2026-01-24
CLT-000373,0.591,Child Care Subsidy,4.2,Medium,Central,2025-07-01,16,Community,Housing,115,4,2,16.7,2023-09-01,2025-09-09,Family Doctor,Standard,50,36.0,55.4,17,17,14,9923.37,29467.23,FY2024-25,85.8,2026-07-18
CLT-000374,0.809,Home Care,7.8,Low,Central,2024-04-01,7,Employment,Family,131,1,0,10.1,2021-12-16,2026-01-05,Hospital,Standard,38,10.8,82.5,13,7,13,20781.63,3737.42,FY2023-24,73.5,2026-06-28
CLT-000375,0.815,Family Support,8.0,High,Niagara,2025-07-01,2,Child Care,Child Care,132,4,1,7.6,2022-01-18,2025-05-25,Community Agency,Simple,-11,1.4,80.6,13,4,48,4969.4,37434.34,FY2025-26,85.8,2026-03-18
CLT-000376,0.677,Youth Services,6.0,High,GTA,2025-04-01,4,Home Care,Employment,18,4,1,47.8,2020-01-23,2026-02-10,Family Doctor,Complex,38,40.1,80.5,18,16,19,17879.14,21759.84,FY2023-24,78.2,2026-01-24
CLT-000377,0.708,Child Care Subsidy,8.1,Medium,Waterloo,2024-04-01,8,Community,Home Care,29,5,3,45.6,2023-08-29,2026-02-19,Family Doctor,Simple,-14,57.9,65.0,6,8,6,3057.8,18772.38,FY2024-25,70.8,2026-03-14
CLT-000378,0.496,ODSP,3.4,High,GTA,2025-04-01,7,Disability,Employment,71,2,0,88.0,2023-03-02,2025-02-15,Online Portal,Simple,-14,23.0,90.2,0,11,48,7418.85,20508.68,FY2023-24,79.4,2026-04-11
CLT-000379,0.828,Child Care Subsidy,7.8,Low,Central,2025-10-01,24,Child Care,Home Care,16,4,3,45.5,2020-03-17,2025-10-25,Hospital,Simple,67,33.6,85.2,2,30,45,6173.47,11566.71,FY2025-26,89.6,2026-07-16
CLT-000380,0.824,Youth Services,6.0,Low,Central,2025-04-01,12,Community,Employment,109,1,1,89.7,2023-05-27,2025-03-18,Hospital,Complex,60,71.6,18.3,0,4,49,21826.21,27809.67,FY2023-24,85.0,2026-04-27
CLT-000381,0.585,Employment Services,4.1,Medium,Waterloo,2025-07-01,12,Child Care,Child Care,55,5,3,26.9,2022-08-27,2025-09-20,Online Portal,Complex,-3,67.7,92.6,15,1,23,21545.58,20646.02,FY2025-26,97.5,2026-02-03
CLT-000382,0.66,Youth Services,5.5,High,Niagara,2026-01-01,9,Employment,Employment,72,5,0,18.1,2020-08-03,2025-10-25,Family Doctor,Simple,52,29.0,16.2,12,27,29,16894.19,18097.96,FY2024-25,89.3,2026-07-29
CLT-000383,0.674,ODSP,4.2,Low,Niagara,2025-10-01,7,Community,Family,26,2,2,89.7,2022-09-22,2025-08-06,Online Portal,Simple,15,33.0,56.3,15,4,40,5730.02,28842.12,FY2025-26,93.2,2026-01-16
CLT-000384,0.953,Youth Services,8.4,Medium,Eastern,2024-04-01,7,Employment,Community,79,2,1,12.1,2020-05-21,2025-10-08,Family Doctor,Simple,18,63.0,48.4,13,16,13,16906.29,13712.91,FY2023-24,72.8,2026-04-20
CLT-000385,0.602,Employment Services,4.1,Medium,Niagara,2026-01-01,16,Home Care,Community,100,5,3,75.0,2023-02-22,2025-07-23,Community Agency,Complex,65,41.9,22.3,10,0,9,22464.28,46757.15,FY2024-25,95.9,2026-01-30
CLT-000386,0.867,Family Support,4.8,High,GTA,2026-01-01,5,Housing,Child Care,19,1,1,40.7,2023-01-23,2025-06-20,Family Doctor,Simple,24,15.5,26.2,18,30,0,9571.28,18825.93,FY2024-25,96.9,2026-05-09
CLT-000387,0.883,ODSP,7.8,High,Hamilton,2025-10-01,14,Family,Family,148,3,2,14.6,2020-12-26,2026-04-15,Family Doctor,Standard,2,40.0,23.8,13,12,18,21204.74,34738.98,FY2024-25,89.0,2026-06-29
CLT-000388,0.766,ODSP,9.8,Low,Ottawa,2024-04-01,20,Community,Child Care,137,5,0,58.8,2022-10-27,2025-02-03,Court,Standard,7,16.4,48.6,12,3,12,21480.39,47577.02,FY2024-25,99.0,2026-04-29
CLT-000389,0.644,Family Support,3.1,Medium,Eastern,2025-04-01,9,Youth,Youth,116,5,1,5.4,2022-04-29,2025-02-03,Self-Referral,Simple,-1,57.0,81.5,16,26,47,15198.67,17419.41,FY2025-26,99.8,2026-03-03
CLT-000390,0.728,Family Support,4.3,High,Niagara,2024-04-01,19,Community,Home Care,109,5,1,39.3,2021-10-13,2026-06-14,Hospital,Standard,9,7.6,78.1,16,3,40,14634.88,20208.6,FY2025-26,97.5,2026-05-22
CLT-000391,0.494,Youth Services,4.4,Low,GTA,2025-10-01,1,Home Care,Employment,149,0,3,7.1,2024-02-12,2025-05-14,Online Portal,Complex,60,56.1,25.9,20,28,14,7774.6,27235.44,FY2023-24,91.8,2026-07-26
CLT-000392,0.864,Employment Services,7.5,Medium,Ottawa,2024-10-01,21,Employment,Child Care,38,3,0,14.1,2021-08-01,2025-09-26,Hospital,Simple,-11,35.8,40.7,6,12,6,12530.41,2075.89,FY2023-24,84.6,2026-06-10
CLT-000393,0.445,Family Support,5.6,Medium,Hamilton,2024-10-01,6,Youth,Employment,55,5,0,15.0,2021-12-03,2025-12-22,Online Portal,Complex,56,39.6,23.5,8,29,7,5224.71,2448.21,FY2023-24,85.5,2026-07-14
CLT-000394,0.49,Youth Services,3.8,Low,GTA,2025-07-01,5,Disability,Child Care,42,2,2,45.9,2020-07-07,2025-12-23,Court,Standard,75,58.3,47.1,12,29,12,6627.28,10695.95,FY2025-26,78.4,2026-04-11
CLT-000395,0.461,Employment Services,4.1,Low,Hamilton,2025-10-01,15,Community,Youth,91,4,0,56.6,2022-05-29,2025-07-24,Other Ministry,Standard,60,59.1,48.2,1,30,32,6700.06,21080.61,FY2025-26,94.8,2026-06-15
CLT-000396,0.961,Youth Services,5.7,Low,Northern,2025-07-01,14,Home Care,Family,72,0,1,60.8,2022-01-31,2025-05-29,Other Ministry,Simple,-19,23.3,10.9,10,6,29,14403.0,16756.5,FY2023-24,86.8,2026-04-09
CLT-000397,0.567,Home Care,6.6,Low,Durham,2025-04-01,23,Child Care,Community,121,2,2,21.8,2020-04-11,2026-05-21,Online Portal,Simple,15,30.6,20.5,5,19,20,14983.69,12584.67,FY2023-24,78.6,2026-06-14
CLT-000398,0.862,Ontario Works,9.2,Medium,Northern,2025-10-01,2,Employment,Family,14,0,3,13.1,2024-07-01,2026-03-02,Court,Standard,20,54.4,44.0,17,24,20,12598.56,3306.57,FY2024-25,90.9,2026-04-27
CLT-000399,0.691,ODSP,8.7,High,Ottawa,2024-04-01,8,Employment,Employment,45,0,2,78.2,2024-01-23,2026-03-23,School,Simple,-9,14.2,86.7,11,26,34,24744.34,46771.41,FY2023-24,77.8,2026-07-20
CLT-000400,0.425,Ontario Works,9.4,Low,Southwestern,2025-07-01,23,Community,Youth,53,1,3,15.2,2021-10-15,2025-06-01,Family Doctor,Complex,37,48.3,54.3,7,18,30,16701.09,48841.12,FY2024-25,93.2,2026-05-04
CLT-000401,0.533,Employment Services,8.2,High,Ottawa,2025-07-01,18,Disability,Disability,29,0,3,10.1,2020-01-27,2025-08-10,Online Portal,Standard,4,35.4,38.9,18,24,33,13091.22,16354.59,FY2024-25,91.3,2026-06-17
CLT-000402,0.491,ODSP,9.2,Low,Central,2025-10-01,15,Disability,Community,58,0,2,41.0,2023-11-06,2025-11-11,Community Agency,Simple,39,63.1,73.3,7,0,29,5082.23,2400.73,FY2025-26,85.9,2026-04-01
CLT-000403,0.557,ODSP,5.4,Low,Northern,2025-10-01,17,Community,Family,23,3,2,36.4,2020-04-10,2026-01-27,Family Doctor,Simple,17,14.0,25.0,8,16,38,12593.6,22244.7,FY2025-26,71.5,2026-03-05
CLT-000404,0.966,Home Care,3.8,Low,Waterloo,2025-04-01,8,Child Care,Child Care,80,1,3,38.3,2020-07-26,2025-08-14,Court,Standard,6,12.7,27.3,20,9,45,15109.68,36960.23,FY2023-24,75.6,2026-06-29
CLT-000405,0.767,Employment Services,8.8,High,Eastern,2024-10-01,11,Child Care,Home Care,57,2,3,17.1,2020-01-27,2026-05-01,Family Doctor,Standard,-18,13.2,32.4,2,5,43,19126.39,1476.96,FY2024-25,99.1,2026-05-30
CLT-000406,0.401,Home Care,6.2,Low,GTA,2025-04-01,8,Home Care,Home Care,34,0,2,73.3,2021-11-18,2026-04-09,Online Portal,Complex,24,71.3,31.9,15,8,23,11739.39,41559.72,FY2024-25,91.3,2026-05-13
CLT-000407,0.857,Community Living,3.8,High,Durham,2024-04-01,5,Community,Disability,46,2,3,7.6,2023-03-28,2026-03-18,Other Ministry,Simple,75,6.9,88.3,12,20,6,24153.6,43980.06,FY2025-26,86.3,2026-04-26
CLT-000408,0.983,Child Care Subsidy,4.8,High,Central,2025-07-01,13,Community,Youth,89,1,0,54.3,2023-12-08,2025-12-18,Community Agency,Standard,38,41.0,77.4,11,9,7,24252.01,25447.42,FY2025-26,74.4,2026-06-24
CLT-000409,0.489,Employment Services,7.2,High,Northern,2025-04-01,16,Youth,Child Care,85,0,3,8.5,2021-08-02,2025-05-07,Self-Referral,Standard,19,0.9,39.9,0,1,16,3874.11,44057.38,FY2025-26,90.0,2026-07-16
CLT-000410,0.731,ODSP,7.8,Low,Eastern,2025-10-01,19,Child Care,Youth,66,0,3,84.3,2021-05-24,2026-01-31,Family Doctor,Standard,-8,64.4,88.2,19,9,11,14315.74,34267.24,FY2024-25,94.1,2026-02-05
CLT-000411,0.803,Home Care,4.7,Medium,Durham,2025-01-01,10,Youth,Child Care,86,4,3,51.4,2022-02-08,2026-03-24,Community Agency,Simple,47,32.1,36.6,11,14,22,10977.89,21604.78,FY2024-25,83.8,2026-05-24
CLT-000412,0.416,Family Support,3.6,Low,Waterloo,2025-04-01,8,Family,Home Care,149,4,2,9.6,2022-03-15,2025-05-09,Family Doctor,Complex,-20,33.6,74.9,16,14,3,2574.15,14238.57,FY2025-26,73.2,2026-06-02
CLT-000413,0.457,Employment Services,6.8,High,Central,2024-04-01,4,Employment,Disability,142,1,3,16.6,2023-10-15,2025-06-08,Court,Complex,19,51.9,89.6,15,19,44,5417.15,4289.96,FY2023-24,88.1,2026-01-31
CLT-000414,0.707,Home Care,4.4,Medium,GTA,2026-01-01,13,Employment,Child Care,86,3,3,88.5,2021-04-26,2026-07-14,Court,Complex,67,31.9,65.9,3,13,9,16086.83,10055.58,FY2025-26,89.7,2026-02-13
CLT-000415,0.702,Home Care,6.2,Medium,Southwestern,2024-07-01,19,Housing,Family,80,3,3,64.3,2020-08-07,2026-04-21,Family Doctor,Standard,-2,2.5,48.9,18,12,0,14723.18,2670.09,FY2025-26,96.8,2026-06-08
CLT-000416,0.662,Youth Services,9.5,Medium,Hamilton,2025-04-01,1,Home Care,Family,138,4,1,34.7,2023-12-17,2026-06-22,Family Doctor,Complex,-12,13.0,22.9,20,23,36,8812.63,36043.93,FY2023-24,78.4,2026-07-15
CLT-000417,0.788,Family Support,3.5,High,Hamilton,2025-10-01,16,Home Care,Youth,43,5,2,55.1,2023-04-04,2025-12-23,Family Doctor,Simple,-15,2.6,72.3,7,3,42,3102.4,46777.46,FY2024-25,79.7,2026-03-01
CLT-000418,0.979,Home Care,3.7,Low,Niagara,2025-10-01,3,Employment,Youth,39,0,0,42.5,2022-02-05,2025-01-31,Hospital,Standard,-7,50.5,42.1,20,18,35,5393.49,13372.25,FY2024-25,90.4,2026-02-27
CLT-000419,0.519,Child Care Subsidy,6.0,High,Eastern,2024-07-01,19,Employment,Child Care,62,0,1,80.9,2022-01-06,2026-02-22,Community Agency,Standard,3,49.3,91.4,20,16,31,5158.35,11166.26,FY2024-25,85.0,2026-04-02
CLT-000420,0.765,Child Care Subsidy,8.5,Medium,Niagara,2025-10-01,3,Child Care,Home Care,142,2,0,15.0,2021-04-17,2025-02-22,Other Ministry,Simple,8,59.2,34.6,8,12,45,9268.68,43749.68,FY2023-24,99.0,2026-01-20
CLT-000421,0.715,Home Care,8.8,High,Durham,2025-04-01,13,Employment,Child Care,130,2,0,7.7,2022-05-13,2025-09-25,School,Standard,77,4.7,27.4,10,29,48,16751.74,44035.24,FY2023-24,84.8,2026-07-26
CLT-000422,0.959,Ontario Works,5.4,Low,Niagara,2024-07-01,18,Housing,Home Care,79,5,0,13.8,2022-10-14,2026-06-04,School,Complex,24,31.4,35.8,7,0,3,1145.67,39309.31,FY2023-24,86.0,2026-04-08
CLT-000423,0.802,Ontario Works,6.8,Low,Niagara,2025-10-01,23,Home Care,Community,119,4,1,14.8,2020-08-29,2026-01-12,Other Ministry,Simple,23,31.7,14.9,7,2,37,746.22,21240.21,FY2025-26,87.0,2026-07-25
CLT-000424,0.409,Home Care,8.5,Low,GTA,2024-10-01,15,Home Care,Youth,21,2,2,56.2,2021-05-15,2025-10-27,Hospital,Complex,30,34.7,20.4,2,2,16,23490.07,11087.19,FY2025-26,92.1,2026-04-02
CLT-000425,0.93,Home Care,6.0,Medium,Central,2025-04-01,21,Disability,Youth,91,5,0,9.6,2022-04-21,2026-05-13,Court,Simple,6,65.7,81.5,16,7,19,18676.76,11327.71,FY2024-25,91.7,2026-07-21
CLT-000426,0.484,Home Care,7.7,High,Hamilton,2024-07-01,1,Housing,Employment,79,2,3,30.5,2020-06-22,2025-03-03,Court,Complex,29,35.9,83.3,12,14,2,5998.99,19587.02,FY2025-26,82.9,2026-01-14
CLT-000427,0.79,Ontario Works,6.7,Medium,GTA,2025-07-01,9,Disability,Employment,97,5,3,78.6,2024-05-21,2025-02-28,Community Agency,Complex,29,68.6,89.3,9,27,34,11855.81,29057.53,FY2025-26,93.1,2026-03-08
CLT-000428,0.496,Family Support,6.2,Low,Northern,2024-04-01,9,Youth,Child Care,73,4,2,33.7,2022-03-19,2025-02-09,Court,Standard,14,47.6,76.5,19,0,7,8018.93,33378.05,FY2024-25,95.4,2026-04-24
CLT-000429,0.673,Community Living,3.1,Low,Central,2026-01-01,21,Disability,Community,24,4,0,28.5,2023-06-03,2026-07-19,Other Ministry,Simple,36,13.4,75.1,8,8,31,3616.95,31886.57,FY2023-24,96.1,2026-06-17
CLT-000430,0.429,ODSP,7.5,Low,Durham,2026-01-01,19,Family,Employment,68,0,2,87.9,2020-02-03,2025-12-28,Self-Referral,Complex,10,25.5,16.6,14,3,32,2397.53,10998.05,FY2025-26,81.1,2026-07-30
CLT-000431,0.802,ODSP,7.4,Medium,Northern,2024-04-01,11,Family,Family,114,5,2,45.0,2021-08-25,2025-02-01,Hospital,Standard,-15,21.3,22.8,18,0,6,15421.43,40593.68,FY2025-26,91.5,2026-07-09
CLT-000432,0.7,Youth Services,9.4,Medium,Waterloo,2024-04-01,22,Home Care,Community,30,0,1,53.1,2023-03-22,2026-07-16,Family Doctor,Complex,73,9.2,84.7,1,19,30,16650.35,26496.46,FY2024-25,78.1,2026-05-28
CLT-000433,0.573,Home Care,5.2,Medium,Eastern,2026-01-01,11,Child Care,Disability,123,5,3,35.8,2021-12-21,2026-07-28,Community Agency,Standard,63,35.1,29.6,13,7,36,20781.62,49350.5,FY2025-26,77.3,2026-04-15
CLT-000434,0.798,Child Care Subsidy,7.1,Medium,Central,2025-07-01,4,Child Care,Community,117,4,1,54.0,2023-07-19,2025-07-22,Hospital,Standard,-19,12.4,45.6,17,22,30,18699.92,7193.5,FY2023-24,95.0,2026-01-07
CLT-000435,0.807,ODSP,3.9,High,Niagara,2025-10-01,12,Home Care,Community,71,5,2,15.1,2021-11-20,2025-04-21,Self-Referral,Simple,74,66.3,90.7,13,20,28,18647.09,22348.82,FY2024-25,91.0,2026-07-07
CLT-000436,0.508,ODSP,4.0,Low,Waterloo,2025-07-01,22,Housing,Community,92,3,1,48.2,2023-04-19,2025-10-14,Community Agency,Simple,18,35.8,14.1,16,28,33,14705.79,42359.21,FY2024-25,78.6,2026-04-09
CLT-000437,0.588,Child Care Subsidy,9.5,Low,Eastern,2025-10-01,17,Youth,Family,35,2,2,19.1,2021-08-12,2025-10-08,Online Portal,Standard,8,63.8,34.5,8,19,48,3099.93,12352.05,FY2024-25,74.2,2026-02-22
CLT-000438,0.726,Child Care Subsidy,3.2,Low,Durham,2025-01-01,1,Housing,Employment,104,1,2,85.1,2023-03-15,2026-03-13,Online Portal,Complex,-4,59.9,35.1,3,22,45,23020.0,6877.09,FY2024-25,84.8,2026-01-23
CLT-000439,0.91,Employment Services,8.0,Low,Central,2024-07-01,24,Disability,Child Care,93,1,2,28.5,2023-07-15,2026-06-10,Community Agency,Complex,68,23.0,88.6,13,3,45,19957.84,16558.83,FY2025-26,89.8,2026-06-10
CLT-000440,0.421,Ontario Works,4.7,High,Niagara,2025-01-01,22,Disability,Youth,130,1,3,74.2,2024-02-11,2026-05-24,Court,Simple,5,45.9,17.5,16,27,46,18861.43,1156.69,FY2023-24,84.7,2026-06-06
CLT-000441,0.523,Child Care Subsidy,3.3,High,Southwestern,2025-10-01,21,Disability,Family,133,4,1,79.6,2021-04-19,2025-10-27,Online Portal,Standard,60,28.5,40.4,15,9,6,5863.8,48183.03,FY2024-25,82.6,2026-04-25
CLT-000442,0.592,Family Support,3.8,Medium,Central,2024-07-01,12,Community,Home Care,133,3,3,63.4,2020-02-29,2025-10-25,Court,Complex,7,64.1,76.5,1,17,49,8418.2,34074.46,FY2024-25,81.7,2026-04-24
CLT-000443,0.651,Employment Services,9.2,Medium,Hamilton,2025-01-01,11,Employment,Youth,124,3,1,53.7,2020-12-07,2026-07-03,School,Complex,-6,68.3,62.1,10,4,38,13724.3,47563.65,FY2023-24,94.1,2026-01-24
CLT-000444,0.86,Youth Services,9.2,High,Ottawa,2024-04-01,17,Disability,Family,147,1,1,76.2,2022-03-21,2025-08-23,Court,Simple,27,24.2,28.3,7,30,0,1383.84,1981.39,FY2025-26,73.1,2026-04-12
CLT-000445,0.867,Ontario Works,4.1,Medium,GTA,2025-01-01,21,Disability,Employment,79,5,0,74.1,2022-02-12,2026-02-15,Hospital,Complex,14,62.1,16.5,16,23,45,19178.46,21353.62,FY2023-24,92.3,2026-05-19
CLT-000446,0.757,Child Care Subsidy,3.6,High,Niagara,2025-01-01,20,Youth,Family,118,4,0,30.7,2022-07-28,2025-07-27,Community Agency,Standard,63,41.7,42.0,13,2,14,24188.72,28488.82,FY2024-25,78.5,2026-06-29
CLT-000447,0.715,Home Care,5.6,Medium,Niagara,2025-07-01,18,Child Care,Housing,67,4,0,38.8,2021-04-20,2026-04-03,Other Ministry,Standard,52,8.3,36.4,4,25,40,24407.53,5674.06,FY2023-24,76.2,2026-05-06
CLT-000448,0.75,ODSP,4.0,High,Hamilton,2025-01-01,2,Housing,Youth,115,2,2,75.9,2020-03-15,2025-11-26,Family Doctor,Simple,14,49.9,74.2,15,17,31,8168.9,32948.42,FY2024-25,83.8,2026-05-04
CLT-000449,0.704,ODSP,9.3,Medium,Ottawa,2025-10-01,5,Employment,Home Care,143,5,0,19.1,2022-06-15,2025-04-27,Self-Referral,Standard,43,12.7,78.3,15,4,47,21918.27,21489.22,FY2023-24,78.9,2026-04-22
CLT-000450,0.987,Employment Services,6.6,High,Central,2024-10-01,5,Youth,Disability,105,4,2,45.1,2021-03-07,2025-12-05,Hospital,Simple,47,51.6,50.3,10,13,11,4183.55,4285.35,FY2023-24,79.4,2026-02-18
CLT-000451,0.518,ODSP,6.7,Medium,Ottawa,2024-04-01,20,Housing,Home Care,27,2,1,34.3,2020-01-29,2025-07-17,Court,Standard,34,42.3,36.0,19,24,25,23390.54,28494.5,FY2025-26,89.8,2026-01-20
CLT-000452,0.75,ODSP,8.0,Medium,Northern,2025-04-01,19,Child Care,Home Care,143,4,3,33.1,2024-04-30,2025-10-11,Online Portal,Simple,1,0.7,29.7,6,2,39,4089.05,9076.1,FY2023-24,79.7,2026-01-14
CLT-000453,0.481,Community Living,5.9,Medium,Central,2025-04-01,17,Child Care,Disability,110,3,3,65.0,2021-12-28,2025-11-16,Other Ministry,Complex,-10,63.7,81.6,5,30,40,20923.32,35856.04,FY2024-25,86.8,2026-05-06
CLT-000454,0.81,Employment Services,7.7,High,Niagara,2025-07-01,6,Employment,Family,129,5,2,66.9,2021-03-13,2026-07-28,School,Standard,27,13.3,73.5,0,6,28,9344.29,10549.54,FY2025-26,79.3,2026-01-25
CLT-000455,0.938,Employment Services,6.4,Low,Waterloo,2025-04-01,2,Youth,Housing,111,0,2,28.3,2020-04-27,2025-02-01,Online Portal,Complex,60,33.0,24.8,20,24,34,20282.05,2871.49,FY2023-24,88.4,2026-07-02
CLT-000456,0.49,Child Care Subsidy,8.9,Low,Ottawa,2025-10-01,4,Employment,Housing,25,2,0,77.9,2021-07-22,2025-07-18,Self-Referral,Standard,66,61.1,36.9,5,28,37,18192.32,18946.57,FY2023-24,98.2,2026-04-14
CLT-000457,0.646,Ontario Works,3.4,High,Northern,2025-04-01,3,Home Care,Housing,21,2,1,63.5,2022-04-18,2025-06-27,Self-Referral,Standard,15,40.6,20.0,14,18,44,2609.33,46583.37,FY2023-24,73.5,2026-01-24
CLT-000458,0.508,ODSP,4.3,High,GTA,2024-10-01,1,Disability,Family,127,0,1,31.2,2023-10-26,2025-07-15,Hospital,Standard,-14,27.6,34.4,8,4,36,8230.75,12072.06,FY2023-24,78.2,2026-02-21
CLT-000459,0.504,Employment Services,4.8,Medium,Southwestern,2024-07-01,16,Family,Family,99,5,3,75.5,2023-11-08,2025-06-24,Self-Referral,Complex,29,11.6,58.3,13,11,41,20367.25,40017.3,FY2023-24,80.3,2026-05-09
CLT-000460,0.725,Employment Services,3.6,Low,Southwestern,2025-01-01,15,Youth,Employment,39,4,1,45.4,2022-08-14,2025-11-27,Other Ministry,Complex,28,47.6,86.6,10,22,6,15922.07,43597.13,FY2023-24,74.8,2026-05-02
CLT-000461,0.597,ODSP,4.3,Medium,Southwestern,2024-10-01,15,Home Care,Employment,122,4,3,55.5,2023-11-23,2026-03-22,Family Doctor,Standard,11,18.6,41.7,10,15,43,10328.25,2966.32,FY2023-24,92.9,2026-05-10
CLT-000462,0.464,Family Support,8.3,High,Niagara,2024-04-01,6,Home Care,Youth,144,1,1,16.0,2021-11-13,2025-02-25,Community Agency,Standard,78,10.6,39.4,12,5,29,520.66,8227.06,FY2023-24,79.0,2026-01-21
CLT-000463,0.509,Home Care,6.0,High,Eastern,2024-10-01,22,Family,Employment,132,1,2,13.5,2023-01-31,2026-02-08,School,Standard,65,27.4,49.4,7,24,6,9995.56,16599.48,FY2023-24,82.0,2026-03-25
CLT-000464,0.93,Family Support,7.1,High,Ottawa,2025-07-01,16,Employment,Disability,55,1,2,35.8,2022-10-23,2025-01-02,Family Doctor,Simple,62,17.0,52.5,1,6,19,11167.32,17639.75,FY2025-26,75.4,2026-02-08
CLT-000465,0.568,Family Support,7.6,Medium,GTA,2025-04-01,14,Home Care,Home Care,111,5,0,44.5,2020-06-18,2025-12-21,Community Agency,Complex,31,58.0,11.0,10,4,36,12920.78,34628.63,FY2023-24,84.6,2026-06-21
CLT-000466,0.637,Ontario Works,5.1,Medium,Ottawa,2026-01-01,17,Family,Housing,95,4,2,14.5,2021-01-01,2026-03-11,Family Doctor,Complex,-10,11.3,38.7,18,8,12,13114.96,31111.49,FY2024-25,83.0,2026-04-29
CLT-000467,0.566,ODSP,8.9,Medium,Central,2024-04-01,20,Family,Youth,118,2,2,70.2,2020-02-18,2026-07-10,Court,Simple,17,26.0,11.5,10,9,40,1372.57,6472.48,FY2025-26,71.1,2026-07-09
CLT-000468,0.634,Child Care Subsidy,3.6,Low,Northern,2024-10-01,21,Housing,Community,80,2,3,63.6,2021-05-14,2026-06-21,Online Portal,Simple,-11,23.9,13.3,19,23,40,20405.67,5955.01,FY2025-26,99.4,2026-01-21
CLT-000469,0.599,Employment Services,5.9,Low,Northern,2025-04-01,24,Child Care,Community,39,1,2,89.6,2023-06-14,2026-06-11,School,Complex,-14,27.3,50.2,13,8,47,17377.15,10099.96,FY2025-26,90.1,2026-06-04
CLT-000470,0.635,Child Care Subsidy,7.6,Medium,GTA,2025-10-01,7,Employment,Community,43,2,2,44.3,2024-06-06,2025-11-22,Community Agency,Simple,8,1.8,37.6,2,19,18,18340.02,30856.49,FY2024-25,87.6,2026-06-12
CLT-000471,0.751,Family Support,6.2,High,GTA,2025-07-01,11,Family,Family,123,1,3,77.6,2022-10-18,2025-08-04,Hospital,Complex,29,18.8,12.7,18,30,5,15968.91,28504.96,FY2024-25,72.5,2026-07-11
CLT-000472,0.981,Youth Services,5.1,Medium,Hamilton,2026-01-01,1,Home Care,Home Care,100,4,3,40.3,2024-04-15,2025-01-24,Court,Complex,75,35.6,30.0,17,4,24,15374.48,42633.74,FY2023-24,81.9,2026-02-24
CLT-000473,0.985,Employment Services,4.2,Low,Niagara,2025-10-01,12,Disability,Community,81,2,2,58.6,2023-09-22,2025-11-22,Family Doctor,Simple,31,35.9,49.4,14,5,11,10301.33,1163.53,FY2024-25,92.9,2026-06-17
CLT-000474,0.502,ODSP,5.6,High,Niagara,2025-10-01,14,Disability,Employment,67,1,0,56.0,2024-02-08,2026-02-23,Self-Referral,Standard,58,18.4,58.4,15,21,5,23820.23,2113.26,FY2025-26,96.5,2026-06-17
CLT-000475,0.63,Home Care,8.8,Low,Hamilton,2025-07-01,24,Disability,Home Care,130,5,1,32.4,2021-08-23,2025-03-08,Self-Referral,Simple,53,33.5,30.8,19,14,15,20020.46,48667.46,FY2025-26,89.2,2026-07-25
CLT-000476,0.756,Youth Services,8.9,Low,Eastern,2026-01-01,24,Child Care,Employment,18,5,3,78.7,2022-08-20,2026-01-30,Community Agency,Standard,13,63.7,55.7,19,20,34,18011.72,22487.53,FY2025-26,71.8,2026-07-27
CLT-000477,0.635,Ontario Works,5.5,High,Durham,2026-01-01,14,Child Care,Child Care,47,2,0,66.4,2022-01-20,2026-02-27,Other Ministry,Simple,11,57.4,27.9,3,10,41,17496.04,23453.86,FY2025-26,84.7,2026-03-04
CLT-000478,0.847,Youth Services,5.0,Medium,Central,2026-01-01,23,Youth,Youth,19,1,1,49.4,2020-02-23,2025-08-15,Other Ministry,Complex,26,51.5,36.1,5,18,40,7966.16,35940.86,FY2025-26,78.8,2026-07-10
CLT-000479,0.875,Child Care Subsidy,4.0,Medium,Niagara,2025-04-01,21,Disability,Employment,64,4,2,17.6,2020-01-25,2025-09-23,Other Ministry,Complex,45,53.8,94.7,12,15,39,22550.1,48647.76,FY2025-26,74.7,2026-05-09
CLT-000480,0.585,Youth Services,5.6,Medium,Northern,2026-01-01,6,Housing,Community,13,5,0,34.1,2021-09-25,2025-07-31,School,Simple,15,44.0,71.9,3,20,12,9234.29,23506.76,FY2025-26,97.2,2026-07-11
CLT-000481,0.899,Home Care,8.0,Medium,GTA,2025-10-01,21,Child Care,Family,139,0,2,52.0,2022-12-31,2026-07-05,Community Agency,Simple,37,41.0,31.1,8,25,47,4975.77,46880.34,FY2023-24,76.9,2026-07-03
CLT-000482,0.669,Ontario Works,9.7,Medium,Durham,2025-04-01,3,Disability,Child Care,43,4,2,10.2,2021-04-11,2025-09-07,Online Portal,Standard,-8,38.9,76.4,10,25,40,2289.84,24436.65,FY2024-25,72.5,2026-02-20
CLT-000483,0.459,Home Care,7.1,Medium,Waterloo,2024-04-01,19,Community,Child Care,123,5,1,55.1,2023-07-24,2026-04-13,Self-Referral,Standard,76,29.6,33.0,20,5,21,12928.68,26195.81,FY2025-26,79.0,2026-05-17
CLT-000484,0.547,Employment Services,7.6,High,Southwestern,2026-01-01,4,Home Care,Housing,11,2,3,47.1,2021-01-01,2025-03-09,Family Doctor,Complex,18,7.3,83.3,10,20,43,13695.46,9950.13,FY2023-24,92.9,2026-02-24
CLT-000485,0.581,Employment Services,5.2,High,Hamilton,2024-07-01,22,Youth,Disability,49,2,1,21.3,2022-03-22,2025-06-25,Hospital,Complex,64,11.7,91.3,15,20,38,19824.34,39207.99,FY2024-25,76.9,2026-03-09
CLT-000486,0.678,Employment Services,5.5,Medium,Central,2025-07-01,24,Family,Housing,88,3,3,69.8,2020-01-12,2026-02-18,Self-Referral,Standard,25,46.7,21.9,14,24,17,977.25,35512.61,FY2023-24,89.9,2026-03-07
CLT-000487,0.574,Youth Services,3.2,Medium,Niagara,2025-07-01,18,Disability,Disability,138,3,2,14.1,2021-05-12,2025-06-14,Other Ministry,Complex,41,67.8,60.4,1,24,42,10056.54,48026.85,FY2025-26,84.6,2026-03-13
CLT-000488,0.982,Family Support,3.4,Low,Central,2025-04-01,18,Family,Housing,82,0,3,16.4,2024-03-15,2025-03-17,Other Ministry,Complex,32,59.4,84.3,18,9,36,5399.86,5312.25,FY2023-24,79.8,2026-05-20
CLT-000489,0.85,Employment Services,6.8,Medium,GTA,2024-10-01,3,Family,Family,124,5,1,20.7,2022-08-17,2025-08-22,Online Portal,Standard,22,14.7,92.6,8,8,38,18817.43,2133.78,FY2023-24,89.3,2026-04-20
CLT-000490,0.634,Community Living,8.4,High,GTA,2025-07-01,1,Community,Employment,139,2,3,29.0,2021-11-14,2025-03-10,Community Agency,Complex,-9,70.2,76.3,17,5,32,21234.33,5298.78,FY2024-25,88.3,2026-02-18
CLT-000491,0.844,Family Support,8.6,Medium,Hamilton,2024-10-01,21,Family,Child Care,56,5,2,43.6,2024-05-18,2026-03-19,Self-Referral,Standard,53,21.5,63.0,12,0,0,6018.13,21930.33,FY2024-25,95.7,2026-05-30
CLT-000492,0.798,Youth Services,6.6,High,Eastern,2025-07-01,23,Home Care,Disability,47,1,2,20.4,2020-02-23,2026-07-01,Self-Referral,Simple,49,25.4,15.9,10,29,14,16625.09,10883.37,FY2023-24,82.7,2026-03-11
CLT-000493,0.537,Home Care,8.3,Low,Northern,2026-01-01,4,Community,Employment,123,5,1,37.3,2022-07-04,2026-03-26,Family Doctor,Simple,6,55.6,60.2,3,2,11,12914.23,29336.87,FY2025-26,73.7,2026-07-13
CLT-000494,0.524,Community Living,8.0,Medium,Central,2025-10-01,7,Disability,Child Care,139,2,3,26.7,2020-08-17,2026-04-13,Self-Referral,Simple,28,57.9,44.0,3,11,23,23670.43,41990.2,FY2024-25,98.4,2026-06-16
CLT-000495,0.577,ODSP,7.4,Medium,Hamilton,2024-04-01,9,Family,Employment,46,1,1,53.0,2020-09-19,2026-06-16,Hospital,Simple,68,34.1,13.3,19,25,13,21725.45,33386.66,FY2024-25,88.5,2026-07-30
CLT-000496,0.493,Child Care Subsidy,4.2,High,Northern,2024-10-01,12,Child Care,Home Care,17,3,1,31.0,2023-07-04,2026-01-18,Court,Complex,21,2.5,12.2,0,28,30,1338.46,43729.38,FY2024-25,71.4,2026-04-07
CLT-000497,0.85,Child Care Subsidy,4.1,Low,Central,2025-01-01,3,Community,Child Care,38,3,3,88.6,2023-01-04,2026-03-27,Hospital,Complex,61,0.6,50.5,8,4,20,16581.17,18913.55,FY2025-26,90.1,2026-01-25
CLT-000498,0.682,Home Care,3.9,High,Northern,2024-10-01,8,Child Care,Child Care,113,2,0,26.2,2021-05-28,2025-07-09,Court,Standard,70,70.1,66.8,16,16,36,24697.25,14069.57,FY2023-24,79.8,2026-04-06
CLT-000499,0.79,Ontario Works,8.1,Medium,GTA,2025-01-01,6,Employment,Home Care,18,1,1,38.7,2020-01-24,2026-05-08,Online Portal,Standard,4,45.5,79.4,18,12,28,24821.12,23206.49,FY2024-25,86.4,2026-01-31
CLT-000500,0.84,Youth Services,5.3,Low,Southwestern,2025-07-01,16,Housing,Child Care,97,4,2,10.4,2022-01-18,2026-03-13,Self-Referral,Complex,-4,7.3,92.9,3,3,35,17961.04,7188.66,FY2024-25,79.2,2026-04-22
CLT-000501,0.726,ODSP,9.6,High,Northern,2025-10-01,17,Disability,Home Care,66,0,1,67.3,2021-12-25,2026-06-23,Hospital,Complex,47,38.0,78.0,11,17,14,17495.52,49861.57,FY2023-24,81.2,2026-01-26
CLT-000502,0.801,Home Care,8.7,High,Northern,2025-10-01,7,Youth,Employment,112,2,3,81.6,2022-05-12,2026-05-03,Online Portal,Standard,-3,52.1,35.5,2,8,45,14116.06,16268.66,FY2025-26,88.4,2026-01-18
CLT-000503,0.435,Family Support,4.0,Medium,Northern,2025-01-01,13,Home Care,Community,110,4,1,26.1,2021-12-18,2025-03-14,School,Standard,-3,64.3,20.5,18,30,43,4220.23,22725.69,FY2025-26,78.3,2026-03-25
CLT-000504,0.406,ODSP,6.5,High,Ottawa,2026-01-01,8,Housing,Youth,41,4,3,18.1,2024-03-24,2025-12-16,Court,Simple,28,60.4,31.7,20,14,27,14831.98,43935.87,FY2025-26,96.0,2026-05-05
CLT-000505,0.847,Home Care,6.6,Low,Waterloo,2025-07-01,8,Housing,Community,117,0,0,78.5,2021-07-27,2025-10-10,Court,Complex,45,24.0,66.7,8,11,5,816.69,35941.69,FY2024-25,77.3,2026-05-07
CLT-000506,0.531,Family Support,7.5,Low,Hamilton,2025-10-01,20,Community,Employment,37,4,0,53.9,2020-08-28,2025-09-02,Other Ministry,Complex,66,51.2,61.3,12,22,47,1476.69,32707.34,FY2024-25,95.6,2026-05-27
CLT-000507,0.909,Ontario Works,9.4,High,Niagara,2024-04-01,7,Home Care,Employment,94,0,2,83.3,2024-06-30,2025-01-30,Online Portal,Standard,25,59.0,39.2,7,8,28,19700.89,16901.11,FY2025-26,99.7,2026-03-09
CLT-000508,0.853,Child Care Subsidy,4.4,High,Central,2025-10-01,12,Home Care,Housing,32,2,2,57.4,2024-02-24,2025-08-22,Other Ministry,Standard,-8,65.9,17.7,12,10,39,12681.22,10123.42,FY2024-25,76.1,2026-07-01
CLT-000509,0.686,Youth Services,8.5,Medium,Northern,2024-10-01,11,Employment,Child Care,58,4,2,82.3,2023-12-05,2026-07-28,Court,Complex,48,13.2,62.6,2,6,5,2718.28,30300.5,FY2025-26,82.1,2026-03-09
CLT-000510,0.486,Youth Services,6.6,Medium,Northern,2025-10-01,4,Youth,Child Care,92,1,3,75.2,2021-05-18,2026-07-16,Hospital,Complex,15,2.4,29.1,7,7,14,11288.72,40764.74,FY2023-24,70.4,2026-03-04
CLT-000511,0.969,Community Living,8.7,Medium,Durham,2025-01-01,14,Home Care,Community,109,5,2,65.1,2022-01-15,2025-09-27,Family Doctor,Standard,26,64.9,89.6,10,17,22,2387.49,34966.75,FY2024-25,95.8,2026-06-29
CLT-000512,0.546,Child Care Subsidy,3.7,High,Hamilton,2025-07-01,4,Disability,Family,67,3,2,53.8,2020-04-18,2026-04-17,Online Portal,Standard,55,31.7,91.0,5,0,35,11487.47,32863.6,FY2024-25,84.3,2026-06-30
CLT-000513,0.487,Youth Services,3.4,High,Southwestern,2025-04-01,24,Employment,Housing,120,5,1,88.8,2021-03-16,2026-04-08,Court,Complex,69,48.7,38.1,18,25,32,23683.56,8067.42,FY2025-26,99.4,2026-05-31
CLT-000514,0.586,Ontario Works,9.6,Low,Central,2024-07-01,3,Child Care,Community,51,5,1,26.1,2023-05-16,2025-07-03,Hospital,Simple,63,66.9,71.9,10,2,6,23680.6,29126.14,FY2025-26,81.6,2026-04-15
CLT-000515,0.625,Community Living,3.9,Medium,Northern,2024-07-01,10,Family,Home Care,120,2,3,12.7,2021-06-17,2026-02-16,School,Simple,24,71.0,63.8,10,14,48,2803.68,13630.62,FY2025-26,71.8,2026-05-23
CLT-000516,0.435,Youth Services,3.6,Low,Durham,2024-04-01,1,Family,Community,88,0,2,78.0,2020-12-19,2025-07-13,Online Portal,Simple,48,16.1,39.3,4,19,23,14562.63,44680.4,FY2025-26,95.4,2026-07-17
CLT-000517,0.505,Child Care Subsidy,8.5,Medium,GTA,2024-04-01,18,Child Care,Youth,84,0,2,63.1,2023-04-23,2026-06-15,Hospital,Simple,43,14.3,23.2,19,29,21,23476.55,46501.72,FY2025-26,95.0,2026-07-20
CLT-000518,0.664,ODSP,7.5,Low,Central,2025-01-01,12,Home Care,Disability,135,1,3,8.5,2020-04-30,2026-05-07,Community Agency,Complex,-9,47.9,37.2,16,18,36,17704.04,26561.97,FY2025-26,89.3,2026-03-14
CLT-000519,0.589,Community Living,8.2,Medium,Niagara,2025-10-01,14,Community,Child Care,135,0,3,13.9,2023-02-23,2026-05-11,Family Doctor,Standard,43,71.4,75.5,1,16,2,5107.93,5370.19,FY2025-26,92.4,2026-05-27
CLT-000520,0.72,Youth Services,8.0,High,GTA,2024-04-01,10,Community,Disability,100,4,0,75.0,2023-11-02,2026-03-21,Hospital,Complex,27,49.2,13.8,6,3,29,23774.13,44725.45,FY2025-26,79.6,2026-07-02
CLT-000521,0.52,Home Care,6.9,High,GTA,2024-04-01,13,Disability,Child Care,84,0,1,61.1,2021-11-08,2025-07-01,Family Doctor,Simple,27,66.1,44.2,4,4,38,6531.24,33758.11,FY2024-25,90.4,2026-07-01
CLT-000522,0.91,Employment Services,4.4,High,Southwestern,2025-10-01,23,Employment,Community,115,3,2,76.6,2021-01-23,2026-05-15,Court,Complex,-19,45.3,43.6,14,4,42,17392.73,4455.69,FY2023-24,73.5,2026-07-22
CLT-000523,0.688,Child Care Subsidy,6.7,Low,Southwestern,2025-10-01,10,Youth,Youth,76,0,0,38.6,2021-02-17,2025-03-30,Online Portal,Simple,-4,37.6,13.0,15,3,7,6101.8,41821.64,FY2023-24,72.5,2026-06-27
CLT-000524,0.876,Home Care,6.0,Medium,Hamilton,2024-10-01,15,Employment,Disability,63,5,2,8.7,2020-01-30,2025-06-06,Other Ministry,Standard,2,25.5,27.1,20,1,25,9810.84,47394.24,FY2025-26,71.9,2026-02-17
CLT-000525,0.77,Youth Services,7.5,Medium,GTA,2026-01-01,3,Disability,Youth,51,1,2,9.8,2023-11-03,2025-03-08,Family Doctor,Complex,48,1.7,71.2,10,11,2,4015.42,6085.84,FY2023-24,70.2,2026-01-01
CLT-000526,0.732,Family Support,8.2,Low,Eastern,2024-04-01,19,Child Care,Employment,131,4,3,29.0,2023-06-15,2026-02-01,Online Portal,Complex,10,49.3,62.1,11,20,29,12238.66,45030.26,FY2024-25,86.1,2026-04-03
CLT-000527,0.532,Employment Services,7.3,Low,Niagara,2025-04-01,6,Family,Employment,120,2,1,8.6,2022-04-20,2026-07-09,School,Standard,-4,60.6,40.0,12,13,26,11784.25,23163.28,FY2024-25,83.9,2026-03-28
CLT-000528,0.592,Family Support,3.9,High,Eastern,2025-01-01,7,Disability,Disability,103,3,3,36.9,2021-09-20,2025-08-07,Family Doctor,Simple,40,8.3,65.4,9,28,49,21817.72,21193.77,FY2023-24,76.5,2026-05-22
CLT-000529,0.925,Family Support,9.4,Medium,Northern,2026-01-01,1,Disability,Community,54,2,1,59.5,2023-03-23,2025-07-22,Hospital,Standard,20,34.0,83.8,4,24,31,8247.26,46717.99,FY2025-26,85.9,2026-06-10
CLT-000530,0.917,ODSP,8.4,Low,GTA,2024-04-01,2,Family,Child Care,90,2,1,68.2,2021-03-12,2025-11-11,Community Agency,Standard,59,65.5,59.6,14,15,21,17738.28,15197.31,FY2023-24,94.1,2026-02-10
CLT-000531,0.931,Child Care Subsidy,4.1,Low,Durham,2025-10-01,6,Housing,Youth,73,0,1,82.3,2020-07-17,2025-02-10,Hospital,Standard,40,27.6,24.5,0,18,44,24700.44,18756.83,FY2024-25,87.5,2026-02-16
CLT-000532,0.664,Ontario Works,9.6,High,Waterloo,2025-07-01,11,Child Care,Family,27,1,1,58.0,2023-10-19,2026-02-08,Hospital,Simple,65,14.6,63.9,9,22,50,23744.66,5070.56,FY2025-26,99.5,2026-05-07
CLT-000533,0.409,Family Support,9.7,Medium,Southwestern,2025-01-01,17,Youth,Employment,135,2,1,9.4,2021-05-04,2025-11-10,Court,Standard,35,24.6,33.2,14,21,5,8656.51,2537.32,FY2025-26,70.3,2026-05-27
CLT-000534,0.411,Family Support,4.4,Medium,Niagara,2025-10-01,2,Youth,Community,95,2,3,39.6,2021-12-01,2025-05-16,Other Ministry,Complex,13,40.0,51.6,8,2,28,23010.01,5154.97,FY2025-26,97.4,2026-05-11
CLT-000535,0.929,Ontario Works,8.5,Low,Eastern,2024-07-01,6,Family,Child Care,49,4,1,71.2,2020-06-03,2025-01-10,Self-Referral,Complex,23,62.7,62.5,4,18,40,24158.29,48486.38,FY2025-26,96.2,2026-07-21
CLT-000536,0.792,ODSP,3.4,Low,Eastern,2024-07-01,6,Child Care,Child Care,10,3,1,22.9,2024-01-08,2025-03-23,Family Doctor,Standard,60,38.3,50.5,6,22,31,15333.72,10117.18,FY2024-25,91.9,2026-06-01
CLT-000537,0.91,Ontario Works,6.0,High,GTA,2024-07-01,6,Disability,Youth,46,4,1,64.5,2023-12-10,2025-03-19,School,Simple,21,54.6,29.4,12,20,37,7769.63,21201.82,FY2025-26,78.6,2026-04-20
CLT-000538,0.548,Youth Services,8.0,High,GTA,2025-04-01,10,Home Care,Child Care,25,0,3,34.3,2024-02-10,2025-03-03,Family Doctor,Simple,66,55.2,70.9,0,23,43,2661.68,29818.79,FY2024-25,90.9,2026-06-05
CLT-000539,0.8,ODSP,6.9,High,Central,2026-01-01,12,Housing,Family,137,2,3,31.6,2024-03-05,2025-07-14,School,Complex,1,3.6,40.0,14,28,29,8447.01,40016.33,FY2024-25,83.9,2026-04-29
CLT-000540,0.667,Child Care Subsidy,8.0,Medium,Niagara,2024-04-01,5,Family,Community,48,3,2,6.2,2024-06-08,2025-06-26,Hospital,Complex,3,16.0,11.4,15,4,17,8764.22,2062.35,FY2024-25,74.7,2026-08-01
CLT-000541,0.964,Employment Services,4.5,Medium,Waterloo,2026-01-01,14,Community,Home Care,134,5,0,35.0,2020-08-05,2025-03-10,Other Ministry,Complex,41,44.0,22.0,16,30,31,20188.74,21400.93,FY2023-24,98.7,2026-06-11
CLT-000542,0.494,Employment Services,7.7,Medium,Waterloo,2024-07-01,20,Home Care,Youth,97,5,2,73.6,2020-09-19,2026-01-14,Online Portal,Simple,-18,32.5,45.4,6,30,20,17362.9,45597.16,FY2024-25,89.0,2026-05-02
CLT-000543,0.864,Youth Services,6.9,Medium,Eastern,2024-10-01,11,Disability,Disability,73,3,3,80.7,2021-10-03,2026-06-08,Community Agency,Standard,76,11.1,37.3,16,15,29,15263.69,44654.62,FY2025-26,78.0,2026-04-26
CLT-000544,0.63,Home Care,8.4,Medium,Northern,2025-07-01,2,Housing,Disability,67,5,0,32.8,2023-06-25,2026-05-10,Hospital,Standard,20,35.2,36.7,17,6,41,5110.78,46261.75,FY2025-26,73.6,2026-07-07
CLT-000545,0.436,Home Care,6.6,High,Southwestern,2025-01-01,13,Community,Employment,86,2,1,17.2,2020-02-21,2025-01-30,Family Doctor,Simple,27,33.7,87.3,4,14,40,9859.48,8691.94,FY2024-25,92.8,2026-01-28
CLT-000546,0.953,Community Living,4.9,High,Waterloo,2026-01-01,10,Home Care,Home Care,92,0,0,9.5,2021-10-30,2026-07-20,Online Portal,Standard,-2,23.0,71.2,17,0,40,11139.36,16870.33,FY2023-24,79.8,2026-07-14
CLT-000547,0.42,Employment Services,5.2,High,GTA,2024-04-01,24,Home Care,Housing,26,0,1,17.9,2022-12-06,2025-06-17,School,Simple,76,26.3,40.4,2,13,21,18895.84,25130.33,FY2025-26,71.9,2026-04-17
CLT-000548,0.779,Family Support,7.7,High,Ottawa,2025-01-01,15,Home Care,Child Care,76,1,1,9.8,2023-10-31,2026-07-26,Self-Referral,Simple,62,60.8,29.2,1,1,14,19083.93,47548.34,FY2023-24,85.0,2026-03-24
CLT-000549,0.629,Family Support,3.1,Medium,Hamilton,2024-04-01,22,Community,Child Care,20,1,0,22.8,2023-04-08,2026-05-19,Self-Referral,Standard,69,6.3,84.9,16,28,10,10230.95,8460.54,FY2023-24,97.5,2026-07-10
CLT-000550,0.767,Employment Services,6.8,High,Niagara,2024-10-01,7,Youth,Family,60,2,2,38.4,2023-08-25,2025-10-20,Online Portal,Simple,37,43.6,65.4,16,24,25,5512.46,6521.98,FY2024-25,94.1,2026-07-10
CLT-000551,0.951,Home Care,4.4,High,Southwestern,2025-01-01,19,Youth,Family,128,0,1,53.2,2021-05-31,2025-08-11,Self-Referral,Standard,-19,16.0,25.4,10,6,31,23696.48,20040.01,FY2024-25,83.7,2026-04-11
CLT-000552,0.755,Child Care Subsidy,9.3,Medium,Durham,2025-04-01,22,Disability,Child Care,37,0,0,57.6,2020-01-23,2025-10-08,Self-Referral,Standard,36,27.8,58.3,5,3,3,9517.22,32642.83,FY2024-25,92.3,2026-04-06
CLT-000553,0.445,Family Support,7.4,Medium,GTA,2024-07-01,10,Home Care,Youth,126,1,0,83.1,2024-03-04,2025-02-01,Online Portal,Simple,-19,8.5,71.6,14,27,37,17525.51,14383.59,FY2023-24,91.1,2026-05-03
CLT-000554,0.437,Child Care Subsidy,4.5,Medium,Niagara,2024-04-01,2,Housing,Community,129,3,1,87.7,2023-03-27,2025-02-15,Community Agency,Standard,70,20.6,50.7,8,0,42,7163.08,43727.59,FY2023-24,90.7,2026-07-27
CLT-000555,0.401,Ontario Works,8.9,Medium,Durham,2026-01-01,8,Employment,Youth,103,0,2,43.8,2022-08-25,2026-07-12,Hospital,Standard,64,65.0,71.7,17,4,20,18512.28,17992.6,FY2023-24,87.4,2026-04-06
CLT-000556,0.676,Youth Services,8.2,Low,Hamilton,2025-10-01,12,Community,Child Care,74,1,2,83.6,2023-08-14,2026-04-23,Online Portal,Complex,67,12.2,13.6,16,29,40,4053.74,17740.84,FY2025-26,95.0,2026-02-10
CLT-000557,0.902,Child Care Subsidy,9.6,Low,Niagara,2024-07-01,14,Child Care,Employment,143,0,0,26.7,2023-02-01,2025-06-18,School,Complex,70,56.8,51.6,10,23,23,13937.04,20353.07,FY2025-26,94.6,2026-02-26
CLT-000558,0.74,Family Support,7.7,Low,Eastern,2026-01-01,5,Disability,Employment,139,0,3,17.3,2020-05-27,2025-11-10,School,Standard,18,59.5,56.1,3,30,12,1075.89,2523.77,FY2023-24,76.2,2026-07-31
CLT-000559,0.858,ODSP,3.5,Medium,Ottawa,2025-10-01,12,Community,Employment,86,2,3,36.9,2021-09-14,2026-03-15,Online Portal,Complex,58,42.9,67.7,1,15,20,9111.68,13533.33,FY2024-25,95.8,2026-04-09
CLT-000560,0.844,ODSP,5.9,High,Waterloo,2025-07-01,22,Housing,Employment,107,0,3,69.5,2020-06-26,2026-05-02,Court,Complex,-9,6.4,71.6,20,29,6,11639.81,37703.56,FY2023-24,88.1,2026-05-01
CLT-000561,0.42,Employment Services,6.8,High,Hamilton,2025-01-01,20,Community,Child Care,12,5,1,55.4,2023-10-14,2025-01-29,Online Portal,Simple,44,13.5,33.4,18,12,34,16515.71,3387.03,FY2025-26,73.5,2026-05-13
CLT-000562,0.69,Community Living,5.0,Low,GTA,2025-04-01,20,Family,Community,38,5,1,87.3,2020-06-06,2025-07-23,Online Portal,Standard,11,0.9,75.9,20,28,11,19425.34,3149.86,FY2023-24,76.7,2026-06-24
CLT-000563,0.744,Community Living,4.6,Medium,Ottawa,2024-07-01,6,Home Care,Home Care,16,3,3,36.2,2023-12-02,2026-03-17,Self-Referral,Complex,47,64.7,41.3,17,3,26,12104.62,14666.21,FY2025-26,91.1,2026-01-18
CLT-000564,0.438,Employment Services,9.0,High,Central,2026-01-01,13,Disability,Home Care,40,0,1,12.3,2021-01-17,2025-07-21,Online Portal,Complex,49,27.2,32.4,2,25,42,5045.0,21249.53,FY2025-26,71.2,2026-02-21
CLT-000565,0.487,Child Care Subsidy,8.1,Medium,GTA,2025-07-01,2,Employment,Child Care,144,5,2,54.8,2020-01-19,2025-11-07,Hospital,Standard,11,62.0,78.1,6,21,30,12217.75,11492.0,FY2023-24,81.6,2026-06-12
CLT-000566,0.77,ODSP,4.0,Low,Durham,2024-10-01,3,Housing,Child Care,52,1,3,76.4,2022-01-10,2025-08-19,Court,Standard,-13,54.3,13.6,10,24,25,1177.8,33911.14,FY2024-25,81.7,2026-06-05
CLT-000567,0.893,Home Care,8.1,Low,Hamilton,2025-10-01,21,Home Care,Disability,143,2,3,70.7,2022-06-05,2025-02-01,Family Doctor,Simple,51,6.6,85.8,4,24,41,1478.74,14592.08,FY2024-25,83.9,2026-07-26
CLT-000568,0.982,Youth Services,5.1,High,Waterloo,2025-07-01,10,Housing,Housing,108,5,1,44.9,2020-07-05,2026-05-17,Other Ministry,Complex,46,44.6,15.3,20,8,17,21931.41,30127.26,FY2023-24,79.4,2026-03-24
CLT-000569,0.935,Home Care,5.4,Medium,Eastern,2025-07-01,17,Community,Youth,77,4,3,61.9,2021-01-20,2025-05-23,Court,Simple,67,49.5,70.6,17,10,13,20051.75,29505.7,FY2023-24,73.5,2026-07-05
CLT-000570,0.917,Home Care,4.4,High,Central,2024-10-01,21,Housing,Family,72,3,3,65.9,2023-03-09,2026-04-16,Other Ministry,Simple,12,43.8,31.5,12,26,35,24604.76,1160.09,FY2023-24,94.4,2026-03-07
CLT-000571,0.947,Community Living,9.4,High,Waterloo,2025-04-01,17,Community,Disability,78,0,3,58.4,2022-09-29,2025-04-21,Online Portal,Standard,29,22.9,21.9,3,11,48,20131.84,3670.61,FY2023-24,78.3,2026-05-21
CLT-000572,0.716,Child Care Subsidy,8.3,High,Niagara,2025-01-01,2,Employment,Employment,38,2,2,29.2,2021-05-07,2025-08-25,School,Complex,57,41.3,32.7,17,11,15,4216.72,28131.8,FY2024-25,92.9,2026-02-13
CLT-000573,0.875,Family Support,4.4,High,GTA,2024-10-01,3,Youth,Housing,41,0,1,76.9,2021-03-28,2025-09-05,Online Portal,Complex,1,64.3,88.0,8,3,0,6349.88,16116.22,FY2025-26,95.8,2026-04-09
CLT-000574,0.663,Home Care,3.7,Low,Niagara,2026-01-01,15,Home Care,Community,107,0,2,22.4,2023-10-10,2026-05-19,Family Doctor,Complex,23,23.5,52.4,19,12,28,15360.57,19275.09,FY2025-26,72.3,2026-06-28
CLT-000575,0.803,Child Care Subsidy,8.4,Low,Eastern,2025-07-01,12,Community,Youth,73,5,2,81.4,2022-02-16,2026-04-26,Self-Referral,Complex,52,18.0,69.3,14,22,1,10027.31,17914.02,FY2024-25,70.6,2026-04-22
CLT-000576,0.827,Family Support,3.6,Medium,Central,2025-01-01,9,Family,Youth,132,1,1,23.6,2023-04-14,2026-06-14,School,Simple,28,26.6,74.7,2,22,10,2763.23,35070.33,FY2023-24,77.5,2026-05-15
CLT-000577,0.95,Community Living,4.0,Low,Niagara,2025-04-01,6,Disability,Community,89,1,0,24.7,2020-07-07,2025-02-23,Hospital,Standard,50,34.1,46.0,5,7,1,20289.35,10573.87,FY2025-26,72.3,2026-07-17
CLT-000578,0.46,Child Care Subsidy,6.6,Medium,Durham,2025-07-01,24,Home Care,Home Care,146,1,1,71.9,2021-10-28,2025-06-25,Court,Complex,-18,36.3,86.1,12,4,10,1684.44,8639.56,FY2023-24,77.3,2026-06-05
CLT-000579,0.892,Employment Services,6.1,Medium,Northern,2024-07-01,23,Disability,Home Care,20,0,3,16.6,2021-08-11,2026-04-17,Online Portal,Complex,76,28.7,56.0,12,28,33,11932.2,32720.31,FY2025-26,80.6,2026-06-05
CLT-000580,0.741,Family Support,8.1,High,Niagara,2024-10-01,17,Housing,Home Care,19,1,0,56.0,2022-01-22,2025-11-02,Community Agency,Complex,32,27.9,35.5,0,10,31,5368.22,1786.04,FY2024-25,93.3,2026-07-12
CLT-000581,0.487,Child Care Subsidy,7.4,Medium,Niagara,2025-01-01,5,Employment,Disability,122,2,3,38.9,2023-12-30,2026-04-22,Other Ministry,Simple,39,9.8,91.6,7,30,9,22477.45,46214.59,FY2024-25,81.2,2026-03-31
CLT-000582,0.674,Family Support,9.0,Medium,Ottawa,2025-04-01,12,Housing,Employment,132,0,2,33.2,2021-09-27,2026-06-03,Hospital,Simple,-8,10.9,70.4,8,1,1,12982.91,31903.05,FY2024-25,70.7,2026-04-14
CLT-000583,0.597,Community Living,5.4,Medium,Southwestern,2025-07-01,2,Child Care,Housing,134,3,0,61.6,2023-01-27,2026-06-03,Community Agency,Simple,28,24.1,70.7,20,8,9,3984.18,45834.75,FY2023-24,88.5,2026-03-12
CLT-000584,0.633,Ontario Works,3.3,Low,Northern,2025-01-01,14,Disability,Community,48,3,2,89.2,2021-03-07,2025-01-01,Community Agency,Simple,-16,19.5,51.0,2,7,29,22920.78,9114.59,FY2025-26,84.8,2026-01-21
CLT-000585,0.795,Youth Services,7.2,Medium,Hamilton,2025-04-01,19,Family,Family,144,1,2,73.5,2024-05-12,2025-09-09,School,Simple,35,35.1,37.9,16,9,31,24332.65,49574.33,FY2023-24,98.6,2026-03-18
CLT-000586,0.873,Employment Services,3.7,Low,Durham,2025-01-01,8,Disability,Housing,49,0,2,40.1,2022-03-29,2026-03-06,Other Ministry,Standard,-10,17.8,63.0,2,24,20,23190.05,3788.25,FY2024-25,94.5,2026-02-09
CLT-000587,0.644,Ontario Works,5.3,Medium,Ottawa,2025-04-01,8,Housing,Housing,111,4,1,39.5,2021-04-26,2025-10-21,School,Complex,1,24.5,60.8,18,12,5,2966.17,5033.2,FY2025-26,70.3,2026-05-19
CLT-000588,0.653,ODSP,9.4,High,Northern,2024-04-01,1,Housing,Home Care,18,1,2,88.6,2022-01-21,2026-01-01,Community Agency,Simple,1,64.3,38.1,1,18,5,24710.52,31103.8,FY2023-24,93.7,2026-04-11
CLT-000589,0.886,Community Living,3.7,High,Southwestern,2024-07-01,20,Youth,Home Care,26,3,2,18.4,2024-05-08,2026-06-12,Community Agency,Standard,57,16.5,34.1,12,27,21,16792.71,35050.53,FY2024-25,80.8,2026-05-11
CLT-000590,0.581,Family Support,5.8,Low,Southwestern,2025-07-01,7,Disability,Housing,48,5,1,8.1,2020-04-30,2025-05-01,Hospital,Simple,37,9.5,71.4,9,24,21,17349.28,29384.24,FY2025-26,84.4,2026-04-15
CLT-000591,0.472,Employment Services,9.4,Low,Hamilton,2024-04-01,12,Home Care,Community,59,2,0,9.2,2024-07-03,2025-09-16,Family Doctor,Simple,43,33.6,92.2,10,14,8,20486.64,37518.78,FY2025-26,82.7,2026-03-22
CLT-000592,0.965,Child Care Subsidy,3.1,Low,Southwestern,2025-10-01,3,Housing,Family,47,0,1,25.4,2023-05-21,2026-05-23,Court,Simple,72,13.4,13.3,0,20,23,17928.45,40210.22,FY2024-25,80.1,2026-01-27
CLT-000593,0.685,Home Care,4.4,Medium,Durham,2025-04-01,17,Community,Disability,121,5,0,43.7,2024-01-12,2026-07-15,Court,Complex,76,33.1,34.2,0,13,37,15862.55,39800.08,FY2024-25,94.9,2026-04-17
CLT-000594,0.948,Home Care,9.3,High,Eastern,2026-01-01,9,Youth,Employment,68,5,2,38.6,2020-01-09,2026-06-28,School,Simple,8,68.6,48.2,12,0,27,1670.21,4729.18,FY2024-25,86.1,2026-05-20
CLT-000595,0.955,Ontario Works,6.4,High,Southwestern,2024-04-01,16,Disability,Youth,39,1,3,52.7,2021-11-03,2025-07-01,School,Simple,67,31.2,37.9,7,30,30,1006.93,7364.0,FY2025-26,91.9,2026-02-13
CLT-000596,0.788,Employment Services,5.8,Medium,Eastern,2024-10-01,12,Child Care,Youth,89,4,0,11.5,2020-11-14,2025-05-05,Self-Referral,Simple,-12,56.2,77.5,8,30,11,3277.58,23113.29,FY2023-24,85.0,2026-07-19
CLT-000597,0.715,ODSP,6.3,High,Southwestern,2024-07-01,12,Child Care,Family,55,3,1,51.4,2021-05-27,2025-01-19,Community Agency,Simple,0,10.9,23.6,17,6,30,24782.28,38108.4,FY2024-25,70.9,2026-04-10
CLT-000598,0.868,Family Support,3.7,High,Niagara,2025-01-01,6,Disability,Housing,27,5,1,75.9,2024-05-18,2026-05-22,Online Portal,Standard,21,46.4,26.9,1,1,28,5107.97,28976.03,FY2023-24,99.6,2026-04-06
CLT-000599,0.783,Family Support,8.1,Low,Central,2026-01-01,3,Home Care,Child Care,143,4,0,55.4,2022-08-27,2026-05-22,Other Ministry,Simple,59,58.5,76.8,20,10,15,8145.43,41286.06,FY2024-25,71.2,2026-01-28
CLT-000600,0.432,Employment Services,7.5,Low,Southwestern,2025-10-01,5,Youth,Family,115,0,2,11.4,2021-09-23,2025-11-04,Family Doctor,Simple,-17,70.7,37.9,2,27,8,23319.55,30542.41,FY2023-24,80.9,2026-01-25
CLT-000601,0.975,Youth Services,5.2,Low,Northern,2025-01-01,19,Child Care,Disability,22,2,2,76.5,2023-01-31,2026-07-09,Community Agency,Complex,50,67.4,84.0,17,9,35,16618.54,5921.35,FY2024-25,92.6,2026-01-11
CLT-000602,0.584,Family Support,3.6,Medium,Southwestern,2024-04-01,5,Child Care,Child Care,11,0,3,8.6,2024-07-15,2026-01-05,Family Doctor,Complex,-7,19.4,60.2,17,28,50,6565.61,17369.08,FY2023-24,89.5,2026-05-26
CLT-000603,0.813,ODSP,7.3,Low,Hamilton,2025-01-01,24,Home Care,Home Care,140,1,3,5.4,2022-12-07,2025-10-07,School,Standard,50,17.5,46.5,19,21,24,5215.56,26861.28,FY2024-25,74.1,2026-06-01
CLT-000604,0.643,Employment Services,4.8,High,Ottawa,2025-10-01,9,Housing,Employment,39,3,1,68.5,2023-11-16,2025-05-12,Hospital,Complex,54,9.1,67.0,4,22,2,6155.96,13249.8,FY2023-24,91.9,2026-06-25
CLT-000605,0.633,Home Care,4.9,Low,Waterloo,2024-04-01,21,Disability,Child Care,13,3,0,34.0,2022-07-04,2025-05-28,Hospital,Complex,62,56.7,83.8,10,13,24,16658.25,34335.41,FY2024-25,89.9,2026-06-12
CLT-000606,0.486,Family Support,5.4,High,Eastern,2026-01-01,16,Youth,Community,22,2,0,41.8,2020-11-20,2025-03-04,Self-Referral,Complex,38,38.0,27.3,3,28,18,3947.1,14687.08,FY2024-25,93.1,2026-05-02
CLT-000607,0.864,ODSP,7.0,Medium,Southwestern,2025-01-01,15,Disability,Youth,132,3,2,18.6,2021-03-27,2026-03-25,Hospital,Simple,79,17.3,51.3,7,30,35,12987.59,46764.84,FY2023-24,78.0,2026-04-05
CLT-000608,0.708,ODSP,4.8,High,Durham,2025-04-01,24,Community,Employment,26,4,0,25.5,2021-08-02,2025-09-16,School,Complex,51,61.7,58.8,16,29,11,15874.22,48895.14,FY2023-24,74.5,2026-01-06
CLT-000609,0.593,Family Support,6.9,Low,Hamilton,2025-01-01,6,Child Care,Youth,118,2,2,54.8,2023-07-11,2026-02-16,Other Ministry,Simple,28,34.2,26.7,7,10,2,21516.01,18487.15,FY2023-24,86.0,2026-05-07
CLT-000610,0.534,Ontario Works,7.7,Low,Waterloo,2024-10-01,8,Community,Employment,62,3,3,50.5,2024-02-21,2025-03-16,Community Agency,Complex,50,32.1,21.5,6,6,23,2872.98,13566.37,FY2025-26,82.3,2026-03-13
CLT-000611,0.779,Community Living,9.1,Low,Central,2025-01-01,20,Child Care,Child Care,74,4,1,8.8,2023-11-12,2025-10-11,Hospital,Complex,76,50.3,10.5,15,26,13,19995.2,44485.95,FY2023-24,72.7,2026-05-30
CLT-000612,0.535,Employment Services,3.0,High,Central,2025-07-01,15,Home Care,Employment,34,5,0,61.7,2021-01-29,2025-06-26,Hospital,Simple,74,3.7,25.2,6,6,8,7727.5,4002.48,FY2024-25,76.8,2026-02-04
CLT-000613,0.419,Home Care,5.5,Medium,Niagara,2024-10-01,23,Child Care,Home Care,131,3,0,19.6,2020-03-12,2026-06-30,Hospital,Complex,33,8.3,75.0,6,2,9,10668.79,22296.3,FY2025-26,94.4,2026-03-10
CLT-000614,0.821,Youth Services,9.0,Low,Waterloo,2025-01-01,15,Community,Home Care,123,2,2,27.1,2021-03-14,2025-01-21,School,Standard,17,27.4,55.5,2,27,37,3326.01,35031.36,FY2023-24,76.9,2026-06-29
CLT-000615,0.715,ODSP,6.8,Medium,Waterloo,2024-10-01,2,Home Care,Disability,42,1,0,48.2,2023-05-27,2026-07-11,Community Agency,Simple,48,40.0,38.8,17,2,16,6897.93,27896.46,FY2023-24,71.3,2026-05-06
CLT-000616,0.902,Home Care,4.0,Low,Ottawa,2024-10-01,20,Housing,Child Care,118,5,0,67.7,2021-10-21,2026-04-17,Hospital,Complex,15,71.5,38.7,1,24,0,19611.17,38989.91,FY2025-26,70.7,2026-07-27
CLT-000617,0.827,ODSP,5.2,High,Waterloo,2024-07-01,3,Disability,Housing,35,3,2,9.9,2023-07-15,2025-01-27,Hospital,Standard,20,27.6,19.8,16,20,18,18936.97,13779.4,FY2023-24,86.4,2026-02-07
CLT-000618,0.754,Community Living,5.0,High,Ottawa,2024-10-01,6,Youth,Employment,90,3,3,8.4,2022-06-09,2026-04-24,Self-Referral,Simple,56,4.0,66.3,7,12,22,16098.36,5345.74,FY2025-26,85.5,2026-05-16
CLT-000619,0.488,Family Support,6.8,Low,Niagara,2024-10-01,9,Disability,Family,104,5,0,36.1,2020-12-14,2026-01-20,Self-Referral,Complex,71,3.3,49.9,13,6,15,10549.49,42945.26,FY2025-26,83.8,2026-04-01
CLT-000620,0.864,Ontario Works,8.3,High,Durham,2024-10-01,5,Child Care,Employment,78,0,0,78.5,2021-06-01,2026-06-26,Community Agency,Complex,47,53.3,32.2,8,30,41,4847.4,47473.82,FY2024-25,96.4,2026-03-05
CLT-000621,0.704,Family Support,7.9,Low,Durham,2024-07-01,13,Youth,Disability,49,5,0,17.0,2022-03-30,2025-10-30,Hospital,Complex,53,46.6,66.7,9,13,19,4385.53,12893.09,FY2024-25,92.7,2026-02-03
CLT-000622,0.617,Family Support,4.5,Medium,Southwestern,2024-07-01,15,Employment,Community,84,5,3,18.3,2024-03-16,2026-01-18,Court,Simple,3,29.3,29.5,11,10,34,17237.99,15397.82,FY2025-26,70.7,2026-01-22
CLT-000623,0.677,Employment Services,5.8,Medium,Southwestern,2024-04-01,8,Child Care,Family,71,4,1,75.6,2021-07-18,2025-12-06,Hospital,Standard,58,60.0,15.2,10,1,18,17327.27,3818.65,FY2024-25,77.2,2026-02-25
CLT-000624,0.523,Youth Services,4.3,High,Southwestern,2025-07-01,23,Child Care,Community,66,1,0,12.7,2023-12-27,2026-04-11,Online Portal,Complex,80,9.4,14.1,6,7,37,2739.76,34260.37,FY2024-25,76.5,2026-04-14
CLT-000625,0.78,Home Care,3.3,Medium,GTA,2024-07-01,3,Housing,Family,109,0,3,86.7,2022-04-13,2026-07-20,Self-Referral,Simple,3,15.4,12.3,0,18,6,8697.42,21336.11,FY2025-26,73.8,2026-06-02
CLT-000626,0.709,Ontario Works,4.7,Medium,Central,2026-01-01,21,Housing,Youth,82,4,0,86.6,2022-04-30,2025-01-04,School,Standard,27,44.1,39.4,1,2,19,15290.44,40617.17,FY2025-26,89.2,2026-05-28
CLT-000627,0.569,Employment Services,4.5,Medium,Durham,2026-01-01,11,Employment,Home Care,114,1,1,74.3,2020-11-18,2025-08-09,Hospital,Simple,10,32.8,38.5,13,2,5,6751.11,2787.66,FY2025-26,95.7,2026-03-17
CLT-000628,0.477,Family Support,9.4,Low,Central,2024-04-01,11,Disability,Housing,111,3,3,87.1,2024-03-03,2025-02-17,Community Agency,Simple,75,9.7,76.3,0,30,2,23624.27,43866.63,FY2023-24,85.6,2026-02-22
CLT-000629,0.613,Family Support,9.0,Low,GTA,2025-10-01,5,Housing,Child Care,92,5,1,13.5,2020-12-25,2025-08-12,Court,Standard,25,4.2,46.5,17,5,27,14515.02,24783.92,FY2024-25,82.7,2026-05-24
CLT-000630,0.78,Child Care Subsidy,7.2,High,Southwestern,2025-04-01,24,Employment,Child Care,71,2,0,72.5,2022-07-05,2025-07-18,Other Ministry,Standard,10,34.6,66.7,17,23,33,3844.13,3259.91,FY2023-24,89.4,2026-06-07
CLT-000631,0.827,Ontario Works,3.7,Medium,Hamilton,2024-04-01,20,Employment,Family,26,2,2,53.8,2020-02-02,2026-04-09,Court,Complex,1,29.3,60.8,18,19,40,10808.08,31599.71,FY2024-25,96.1,2026-06-18
CLT-000632,0.575,Community Living,3.6,High,Southwestern,2024-10-01,18,Family,Community,73,1,2,53.1,2021-08-25,2025-01-22,Court,Complex,59,57.1,82.8,5,28,12,3154.69,42120.13,FY2023-24,78.8,2026-02-06
CLT-000633,0.858,Family Support,5.7,High,GTA,2025-10-01,20,Employment,Housing,49,3,0,43.9,2022-05-05,2025-02-01,Online Portal,Simple,75,15.9,57.7,7,16,38,5899.74,33837.18,FY2025-26,97.2,2026-06-16
CLT-000634,0.544,Child Care Subsidy,7.5,High,GTA,2025-04-01,1,Family,Community,40,1,3,34.0,2023-01-29,2025-05-31,Family Doctor,Complex,77,26.1,67.5,13,21,17,2790.69,27980.08,FY2025-26,81.3,2026-04-15
CLT-000635,0.772,Home Care,3.1,Medium,Niagara,2024-07-01,22,Home Care,Disability,145,2,2,88.3,2024-03-16,2025-05-04,Court,Simple,79,19.6,56.0,7,18,50,19442.05,42638.41,FY2024-25,88.8,2026-01-11
CLT-000636,0.904,Child Care Subsidy,6.3,Low,GTA,2024-04-01,22,Community,Community,109,0,0,14.9,2024-04-12,2026-02-01,School,Simple,-10,48.3,79.2,10,26,1,1673.95,4244.9,FY2025-26,71.7,2026-06-15
CLT-000637,0.565,Employment Services,7.3,Low,Central,2024-04-01,15,Community,Home Care,143,1,3,59.6,2023-07-08,2025-05-28,Self-Referral,Complex,27,16.3,33.8,0,28,31,11295.91,30342.95,FY2024-25,74.9,2026-07-02
CLT-000638,0.956,Child Care Subsidy,7.9,Medium,Northern,2024-10-01,12,Employment,Child Care,135,5,3,83.4,2020-04-07,2025-06-14,Community Agency,Standard,-18,28.9,54.5,17,8,4,24272.28,10723.52,FY2024-25,77.0,2026-02-03
CLT-000639,0.963,Youth Services,5.4,Low,Eastern,2025-07-01,13,Child Care,Housing,149,0,3,5.9,2020-12-02,2025-04-15,Community Agency,Complex,0,0.5,19.6,13,7,32,24498.83,16570.04,FY2024-25,84.9,2026-05-27
CLT-000640,0.976,Family Support,3.8,Low,Hamilton,2024-07-01,22,Youth,Youth,77,4,0,66.7,2020-12-11,2025-11-27,Self-Referral,Simple,30,21.5,13.7,3,13,17,7476.64,3592.11,FY2024-25,76.1,2026-03-06
CLT-000641,0.891,Family Support,6.2,Low,Northern,2026-01-01,24,Housing,Home Care,57,0,0,75.9,2023-08-01,2025-04-05,Online Portal,Complex,48,59.7,18.7,6,8,33,23299.35,21573.52,FY2025-26,86.4,2026-07-08
CLT-000642,0.89,Community Living,4.6,Medium,Eastern,2025-01-01,4,Home Care,Family,114,0,2,24.5,2024-03-16,2026-04-06,Self-Referral,Standard,80,50.8,56.3,20,13,25,17178.26,49728.92,FY2024-25,84.3,2026-01-16
CLT-000643,0.638,Community Living,4.6,Medium,Durham,2024-10-01,1,Family,Employment,106,4,1,12.2,2020-12-16,2025-07-04,School,Complex,24,23.9,23.5,12,21,42,9467.99,39087.04,FY2025-26,99.7,2026-01-27
CLT-000644,0.805,Family Support,6.9,High,Ottawa,2024-10-01,3,Home Care,Family,111,3,0,52.4,2022-12-30,2025-10-02,School,Standard,59,44.0,34.5,17,27,1,23850.63,7216.83,FY2023-24,95.5,2026-07-24
CLT-000645,0.42,Home Care,7.5,High,Niagara,2025-04-01,17,Youth,Home Care,86,4,2,76.9,2023-06-02,2026-06-09,Community Agency,Complex,-10,20.8,48.4,17,16,29,24079.53,37807.55,FY2023-24,90.9,2026-04-23
CLT-000646,0.454,Child Care Subsidy,4.6,High,Niagara,2026-01-01,13,Housing,Disability,148,5,1,7.2,2023-06-14,2026-04-08,Court,Standard,79,6.1,62.2,20,21,29,12625.01,27077.67,FY2024-25,86.3,2026-06-09
CLT-000647,0.739,Family Support,6.4,High,Northern,2024-10-01,11,Disability,Housing,19,5,2,62.9,2020-01-02,2026-02-13,Hospital,Complex,60,57.2,41.3,8,28,1,16757.47,43521.59,FY2024-25,81.4,2026-06-08
CLT-000648,0.596,Community Living,6.9,Low,Ottawa,2024-10-01,9,Home Care,Family,105,2,2,20.5,2022-12-08,2026-02-07,Online Portal,Complex,30,14.5,40.0,19,9,11,16138.38,32063.5,FY2023-24,90.5,2026-07-09
CLT-000649,0.74,Employment Services,8.4,Low,Eastern,2024-07-01,11,Community,Home Care,76,0,2,20.9,2024-04-08,2025-12-12,Online Portal,Simple,23,28.3,92.3,5,12,37,5930.48,35035.29,FY2024-25,85.9,2026-07-20
CLT-000650,0.805,ODSP,4.5,High,Ottawa,2025-10-01,12,Family,Employment,135,4,2,86.3,2023-02-18,2025-11-29,Self-Referral,Complex,21,54.6,75.7,9,26,16,5993.06,10513.82,FY2025-26,88.7,2026-06-22
CLT-000651,0.927,ODSP,9.3,Low,Hamilton,2026-01-01,6,Employment,Disability,143,5,2,54.5,2021-07-05,2025-02-08,Community Agency,Standard,6,28.7,17.5,9,14,6,8505.81,17060.54,FY2023-24,76.5,2026-02-14
CLT-000652,0.616,Home Care,8.6,Medium,Durham,2024-07-01,8,Community,Housing,91,0,0,86.6,2021-06-28,2025-06-03,Community Agency,Standard,78,57.2,13.0,11,5,29,9881.84,26931.39,FY2023-24,90.9,2026-05-15
CLT-000653,0.679,Ontario Works,7.1,Low,Hamilton,2024-04-01,9,Family,Home Care,70,4,2,39.2,2020-10-07,2025-12-05,Family Doctor,Standard,-13,68.8,83.4,18,16,26,19911.24,23039.2,FY2024-25,78.4,2026-02-12
CLT-000654,0.482,Youth Services,6.5,High,Southwestern,2025-07-01,24,Community,Family,91,5,2,20.1,2020-09-20,2025-11-08,Community Agency,Simple,68,31.1,38.2,4,29,0,22121.0,3100.87,FY2024-25,81.2,2026-02-28
CLT-000655,0.746,Home Care,3.5,Low,Northern,2024-07-01,11,Family,Child Care,63,0,2,33.9,2020-03-10,2026-06-19,School,Complex,61,30.9,72.7,3,9,19,7466.89,26470.64,FY2025-26,81.5,2026-05-31
CLT-000656,0.766,Community Living,4.0,High,Eastern,2025-10-01,15,Housing,Youth,115,1,0,16.0,2022-11-21,2025-06-21,Other Ministry,Standard,6,68.4,15.9,6,25,11,17835.36,40578.73,FY2023-24,92.1,2026-02-18
CLT-000657,0.893,Child Care Subsidy,4.4,Low,GTA,2025-04-01,20,Child Care,Employment,106,5,0,80.3,2022-11-30,2025-09-08,Family Doctor,Standard,42,12.0,71.0,14,11,1,13546.57,38579.82,FY2024-25,85.6,2026-01-23
CLT-000658,0.792,Child Care Subsidy,8.4,Medium,Hamilton,2026-01-01,11,Youth,Family,78,3,1,37.2,2023-03-15,2025-02-03,Other Ministry,Simple,59,7.0,79.4,14,12,42,14068.09,36748.26,FY2024-25,71.6,2026-02-16
CLT-000659,0.824,ODSP,7.4,Low,Ottawa,2026-01-01,22,Disability,Disability,123,5,1,83.7,2023-09-04,2025-07-10,Self-Referral,Standard,3,12.8,59.0,18,29,39,5745.41,21185.07,FY2023-24,98.7,2026-07-07
CLT-000660,0.652,Youth Services,7.5,High,Ottawa,2025-04-01,8,Home Care,Disability,52,2,2,64.7,2021-05-15,2026-07-08,School,Standard,51,67.7,32.7,3,15,46,16292.86,37118.63,FY2024-25,76.6,2026-07-26
CLT-000661,0.632,Home Care,9.4,High,Central,2025-04-01,9,Housing,Child Care,56,3,3,5.2,2023-03-15,2025-06-28,Online Portal,Simple,0,4.5,31.0,19,14,48,13411.5,25387.34,FY2023-24,76.4,2026-07-01
CLT-000662,0.928,Youth Services,3.9,High,Durham,2025-01-01,5,Home Care,Employment,35,1,2,38.8,2024-06-07,2025-02-25,School,Simple,-16,63.7,32.6,17,15,38,20365.4,34614.71,FY2024-25,85.6,2026-05-10
CLT-000663,0.91,Community Living,5.4,Low,Central,2025-07-01,6,Disability,Community,25,0,1,6.5,2021-09-10,2025-08-30,Family Doctor,Complex,-10,58.7,82.7,18,10,7,11775.26,17997.49,FY2023-24,98.6,2026-07-06
CLT-000664,0.737,ODSP,3.2,Low,Waterloo,2024-10-01,24,Family,Employment,33,2,1,45.6,2023-08-31,2026-06-08,School,Simple,58,59.4,87.5,18,13,30,2524.87,34651.9,FY2024-25,72.8,2026-01-30
CLT-000665,0.486,Ontario Works,7.3,High,Northern,2024-07-01,7,Home Care,Child Care,127,3,3,69.0,2020-10-12,2025-02-24,Community Agency,Complex,78,53.8,17.6,3,12,25,3060.39,45750.98,FY2023-24,73.6,2026-07-04
CLT-000666,0.419,Child Care Subsidy,7.9,High,Durham,2026-01-01,8,Disability,Disability,19,2,1,41.7,2021-11-21,2025-08-02,Self-Referral,Complex,2,33.1,84.5,9,24,33,3038.92,38453.64,FY2024-25,75.3,2026-01-24
CLT-000667,0.568,Family Support,7.3,Low,Central,2024-04-01,19,Family,Home Care,48,4,2,36.9,2020-02-05,2025-07-18,Other Ministry,Standard,72,27.7,77.2,20,0,13,18034.0,28874.63,FY2024-25,73.8,2026-06-27
CLT-000668,0.744,Ontario Works,8.3,Low,Hamilton,2024-07-01,5,Youth,Disability,118,2,2,50.9,2022-03-04,2025-11-11,Hospital,Simple,-17,19.0,16.4,4,0,9,24757.45,46579.08,FY2024-25,73.7,2026-06-07
CLT-000669,0.496,Home Care,6.8,Medium,GTA,2024-10-01,20,Employment,Housing,31,3,3,78.3,2020-02-15,2026-02-27,School,Simple,-4,62.0,55.1,3,10,20,6896.02,43338.7,FY2025-26,89.0,2026-01-02
CLT-000670,0.531,Employment Services,3.2,Low,Ottawa,2024-04-01,20,Family,Community,137,4,3,36.3,2024-05-30,2025-11-12,Community Agency,Standard,36,42.7,76.2,11,11,18,10916.67,9451.64,FY2023-24,77.5,2026-01-28
CLT-000671,0.481,Employment Services,6.1,Low,Ottawa,2024-04-01,18,Employment,Child Care,141,0,0,22.6,2024-07-08,2026-02-27,School,Simple,37,29.0,74.9,2,15,10,10883.23,3088.55,FY2023-24,85.5,2026-07-27
CLT-000672,0.829,Youth Services,6.0,Low,Waterloo,2024-04-01,24,Child Care,Family,25,3,0,21.6,2020-03-27,2026-02-23,Online Portal,Simple,11,4.4,70.6,10,2,3,20418.43,15098.54,FY2025-26,98.6,2026-05-06
CLT-000673,0.577,Family Support,4.2,High,Eastern,2024-04-01,1,Community,Home Care,99,4,2,43.0,2023-12-11,2026-03-16,Court,Standard,-17,15.1,57.7,10,6,42,20189.51,39073.24,FY2025-26,82.1,2026-07-30
CLT-000674,0.878,Community Living,9.3,Medium,Niagara,2025-10-01,5,Child Care,Family,26,4,1,75.6,2023-12-03,2026-05-02,Self-Referral,Simple,-13,70.6,44.3,13,3,19,24144.48,31715.04,FY2023-24,92.7,2026-07-23
CLT-000675,0.469,Community Living,7.0,High,Hamilton,2024-07-01,9,Employment,Employment,77,4,1,51.2,2023-02-04,2025-03-11,Court,Complex,-20,23.0,66.8,2,10,50,4716.95,13520.56,FY2025-26,85.1,2026-07-26
CLT-000676,0.748,Community Living,9.3,Medium,Waterloo,2026-01-01,21,Disability,Child Care,60,3,3,63.2,2024-07-24,2026-03-01,Family Doctor,Complex,51,54.1,18.7,12,30,6,4136.78,24762.82,FY2023-24,84.6,2026-05-27
CLT-000677,0.557,Home Care,8.7,Medium,Niagara,2024-10-01,7,Youth,Child Care,124,0,0,65.5,2021-06-24,2025-06-19,Family Doctor,Complex,-3,2.4,49.7,16,14,34,21184.15,6178.87,FY2024-25,71.6,2026-02-10
CLT-000678,0.79,Ontario Works,7.3,High,Southwestern,2024-07-01,18,Child Care,Disability,104,5,3,81.6,2020-08-17,2025-03-27,Online Portal,Simple,73,60.3,52.8,18,30,18,23231.18,25902.66,FY2023-24,99.1,2026-04-13
CLT-000679,0.928,Employment Services,6.6,Low,Ottawa,2026-01-01,12,Disability,Housing,139,2,3,84.3,2023-01-09,2025-06-26,Self-Referral,Simple,13,39.1,45.6,10,15,42,2795.58,42287.04,FY2023-24,81.4,2026-01-22
CLT-000680,0.577,Family Support,3.6,High,Ottawa,2024-10-01,17,Housing,Youth,52,4,3,52.6,2022-10-30,2025-06-04,Online Portal,Complex,76,28.5,90.2,15,21,40,1725.62,3113.6,FY2024-25,76.9,2026-01-31
CLT-000681,0.553,ODSP,8.4,Medium,Ottawa,2025-07-01,14,Employment,Housing,73,1,3,29.1,2024-07-13,2026-07-21,School,Standard,72,27.5,19.1,14,18,42,16915.7,20509.75,FY2024-25,89.2,2026-06-04
CLT-000682,0.946,Employment Services,8.7,Medium,Niagara,2025-01-01,24,Youth,Community,16,2,3,48.5,2020-11-06,2025-03-08,Online Portal,Simple,-1,40.6,18.7,4,5,22,14709.94,12914.74,FY2025-26,82.2,2026-05-19
CLT-000683,0.723,Ontario Works,6.4,High,Eastern,2025-04-01,18,Community,Disability,20,3,1,88.7,2022-03-20,2026-05-07,Hospital,Complex,36,43.5,15.8,0,19,4,2684.96,4618.8,FY2023-24,87.6,2026-07-13
CLT-000684,0.987,Home Care,5.4,High,Northern,2025-01-01,23,Community,Child Care,69,1,3,66.2,2020-01-01,2025-12-16,Hospital,Simple,-15,66.2,37.3,16,3,25,8645.04,41672.88,FY2023-24,97.3,2026-04-03
CLT-000685,0.935,Employment Services,8.1,Medium,Northern,2025-04-01,4,Child Care,Community,91,5,0,79.2,2023-11-28,2025-10-24,Court,Simple,80,41.1,44.2,2,15,48,18638.22,44932.21,FY2025-26,72.0,2026-05-13
CLT-000686,0.475,Employment Services,7.0,High,Durham,2024-04-01,18,Employment,Community,128,4,1,13.2,2020-06-12,2026-03-30,Court,Standard,46,61.1,18.9,7,26,20,15752.41,46036.72,FY2025-26,81.3,2026-03-09
CLT-000687,0.722,Home Care,7.8,High,Niagara,2026-01-01,10,Community,Youth,33,2,2,55.0,2021-10-04,2025-02-20,Community Agency,Simple,58,10.1,60.9,5,1,43,19635.63,49739.52,FY2023-24,90.9,2026-04-08
CLT-000688,0.925,Ontario Works,5.4,Low,Hamilton,2024-07-01,14,Employment,Disability,147,4,3,22.6,2021-10-05,2025-09-12,Family Doctor,Complex,62,9.5,53.7,8,10,23,15187.6,19570.16,FY2023-24,71.5,2026-06-02
CLT-000689,0.787,Employment Services,8.5,Medium,Durham,2025-04-01,6,Employment,Youth,106,3,2,71.8,2024-02-25,2026-07-25,Family Doctor,Standard,43,29.8,37.8,13,8,10,851.7,39734.65,FY2024-25,79.4,2026-04-04
CLT-000690,0.689,Community Living,5.3,Low,Waterloo,2026-01-01,10,Family,Disability,59,4,0,41.1,2021-05-11,2026-01-14,Court,Standard,28,56.5,82.6,5,24,26,8744.43,15170.33,FY2023-24,81.9,2026-03-27
CLT-000691,0.756,Youth Services,4.6,Low,GTA,2025-10-01,6,Home Care,Child Care,54,1,2,20.4,2024-04-09,2026-04-08,Family Doctor,Standard,68,47.5,36.4,4,24,20,15525.19,20117.03,FY2023-24,72.4,2026-03-13
CLT-000692,0.818,ODSP,3.6,High,Southwestern,2025-10-01,2,Employment,Employment,37,3,3,45.9,2022-10-09,2026-07-27,Hospital,Simple,-10,12.9,60.6,11,14,50,22483.0,46618.28,FY2024-25,83.4,2026-07-03
CLT-000693,0.641,Employment Services,8.8,High,Niagara,2024-07-01,5,Child Care,Home Care,23,1,2,24.4,2024-04-04,2026-05-06,Other Ministry,Simple,35,25.2,60.0,12,27,48,13541.1,23599.01,FY2024-25,99.2,2026-06-12
CLT-000694,0.5,Employment Services,9.4,Low,Southwestern,2024-10-01,4,Disability,Family,74,2,2,9.0,2023-10-16,2026-03-16,Court,Standard,63,26.8,65.4,10,23,9,21811.82,42429.99,FY2023-24,73.3,2026-02-19
CLT-000695,0.491,Community Living,4.9,High,Waterloo,2026-01-01,22,Child Care,Housing,122,3,1,25.6,2021-08-24,2025-06-20,Online Portal,Simple,-17,14.2,80.8,17,12,43,4658.04,4566.02,FY2024-25,80.6,2026-01-04
CLT-000696,0.786,Ontario Works,8.4,Low,Waterloo,2025-10-01,8,Employment,Youth,94,5,1,7.8,2023-05-31,2025-08-24,Other Ministry,Complex,49,36.5,22.3,19,28,14,8610.09,12246.4,FY2024-25,70.4,2026-06-29
CLT-000697,0.865,ODSP,6.5,High,Niagara,2026-01-01,16,Youth,Child Care,118,2,1,28.7,2021-06-04,2026-01-04,Court,Standard,34,4.3,55.2,17,28,23,17366.63,24280.46,FY2025-26,76.5,2026-06-30
CLT-000698,0.863,ODSP,3.1,High,Central,2025-01-01,21,Child Care,Home Care,147,3,2,79.3,2024-02-14,2026-01-31,Family Doctor,Complex,47,37.3,23.2,19,1,19,24833.59,16410.6,FY2025-26,91.1,2026-05-03
CLT-000699,0.462,Community Living,7.6,Medium,Niagara,2025-01-01,2,Child Care,Community,74,1,2,16.2,2021-02-21,2026-07-25,School,Complex,37,12.1,30.0,18,25,6,4198.22,6523.75,FY2025-26,89.8,2026-05-08
CLT-000700,0.418,Child Care Subsidy,9.4,High,Eastern,2024-10-01,17,Employment,Disability,52,1,0,8.8,2020-08-27,2025-01-16,Hospital,Simple,2,64.1,11.4,16,12,29,11132.28,6616.1,FY2023-24,85.2,2026-06-11
CLT-000701,0.752,Community Living,7.9,Low,GTA,2024-07-01,10,Disability,Family,108,0,2,10.2,2024-01-23,2025-08-29,Court,Standard,63,17.9,90.2,18,16,48,1660.43,24646.8,FY2024-25,93.5,2026-07-16
CLT-000702,0.905,Child Care Subsidy,4.3,Medium,Niagara,2025-07-01,22,Child Care,Employment,10,1,0,43.8,2024-03-19,2026-02-18,Hospital,Simple,27,58.9,33.7,10,30,47,14913.99,22439.21,FY2023-24,79.9,2026-06-26
CLT-000703,0.427,Family Support,9.6,High,Niagara,2025-10-01,9,Child Care,Child Care,13,5,3,82.9,2021-09-04,2025-03-30,Community Agency,Complex,8,71.1,10.1,14,17,20,2964.0,31091.81,FY2025-26,78.1,2026-06-08
CLT-000704,0.677,Ontario Works,5.5,High,Eastern,2025-10-01,14,Disability,Youth,46,3,3,18.5,2023-05-27,2026-04-16,Self-Referral,Complex,9,39.1,57.4,16,28,40,14360.94,24151.44,FY2025-26,89.8,2026-05-05
CLT-000705,0.861,ODSP,5.5,Medium,Waterloo,2025-10-01,6,Family,Housing,29,4,3,81.2,2020-02-17,2025-08-31,Hospital,Simple,-9,10.0,84.9,11,14,40,13288.43,28394.32,FY2023-24,81.4,2026-03-19
CLT-000706,0.977,Ontario Works,8.2,High,Central,2024-10-01,3,Housing,Family,95,4,2,87.6,2020-08-29,2026-04-17,Online Portal,Standard,17,51.0,67.0,4,15,18,9934.87,10059.03,FY2023-24,72.9,2026-06-22
CLT-000707,0.87,Child Care Subsidy,4.9,High,Waterloo,2025-10-01,5,Community,Youth,55,1,1,56.3,2022-09-04,2025-12-09,Community Agency,Standard,-14,58.5,84.9,8,23,46,9477.81,45896.14,FY2023-24,94.7,2026-03-30
CLT-000708,0.802,Youth Services,6.3,Low,Central,2025-10-01,17,Home Care,Employment,46,1,2,47.2,2020-01-01,2025-01-19,Self-Referral,Simple,60,29.0,88.7,10,13,17,23790.66,23508.55,FY2023-24,94.8,2026-03-13
CLT-000709,0.9,Community Living,9.7,High,Northern,2025-07-01,24,Youth,Employment,24,0,3,49.2,2024-07-30,2026-06-14,Hospital,Simple,68,19.2,48.5,2,4,26,2275.96,47138.28,FY2025-26,97.7,2026-07-23
CLT-000710,0.856,Ontario Works,6.3,Low,Central,2024-04-01,3,Child Care,Family,10,4,1,76.7,2024-07-11,2025-04-22,Community Agency,Standard,3,31.1,73.5,1,23,23,6071.61,41030.08,FY2024-25,71.6,2026-05-26
CLT-000711,0.48,Ontario Works,3.2,Low,Niagara,2025-07-01,22,Employment,Employment,133,2,0,79.6,2023-03-21,2025-11-16,Other Ministry,Complex,17,16.7,64.9,18,16,29,10623.51,28211.31,FY2023-24,96.0,2026-04-16
CLT-000712,0.603,Employment Services,4.9,Medium,Ottawa,2025-10-01,24,Child Care,Home Care,131,1,2,73.9,2020-06-18,2025-08-07,Community Agency,Simple,13,24.3,23.1,17,21,39,10380.4,34545.52,FY2023-24,84.0,2026-03-17
CLT-000713,0.526,Youth Services,6.0,High,Eastern,2025-07-01,5,Community,Employment,113,2,3,8.3,2022-05-29,2026-04-04,School,Complex,50,16.2,71.0,8,28,19,23308.25,25665.61,FY2025-26,79.1,2026-02-15
CLT-000714,0.588,Home Care,5.6,High,Southwestern,2025-10-01,5,Employment,Family,95,0,3,74.4,2021-07-20,2025-02-21,Family Doctor,Standard,37,44.8,40.0,11,30,25,4406.67,28663.98,FY2025-26,94.7,2026-06-02
CLT-000715,0.42,Youth Services,9.1,Medium,Ottawa,2024-04-01,16,Youth,Employment,36,1,0,85.8,2020-07-24,2026-04-19,Family Doctor,Simple,56,71.0,11.6,10,25,18,17751.91,22814.08,FY2024-25,71.6,2026-06-29
CLT-000716,0.505,Ontario Works,5.8,High,Central,2025-01-01,11,Youth,Child Care,55,0,0,61.7,2021-01-08,2026-03-25,Other Ministry,Complex,25,62.8,15.1,5,27,26,19108.89,35282.17,FY2023-24,72.4,2026-01-29
CLT-000717,0.599,Child Care Subsidy,9.2,Medium,Waterloo,2025-04-01,15,Family,Employment,122,2,0,86.2,2022-10-05,2025-04-13,Online Portal,Complex,4,60.9,49.4,17,1,22,17853.28,29904.47,FY2024-25,89.3,2026-03-01
CLT-000718,0.793,ODSP,3.3,Medium,Southwestern,2025-01-01,10,Employment,Disability,40,0,2,34.6,2020-03-05,2025-08-08,Family Doctor,Simple,44,44.2,92.6,9,2,4,13797.65,31716.19,FY2023-24,98.7,2026-06-17
CLT-000719,0.599,Child Care Subsidy,9.5,Medium,Central,2025-01-01,12,Family,Home Care,21,2,3,11.0,2020-05-01,2026-02-22,Online Portal,Complex,53,1.4,11.6,18,13,35,1940.35,27790.03,FY2025-26,83.2,2026-03-09
CLT-000720,0.426,Home Care,9.8,High,Southwestern,2024-10-01,23,Disability,Disability,83,2,2,78.3,2020-02-12,2025-01-03,Family Doctor,Standard,38,27.5,82.1,5,10,20,697.22,8873.33,FY2024-25,94.9,2026-01-19
CLT-000721,0.691,Family Support,5.1,Low,Niagara,2024-10-01,10,Child Care,Housing,147,2,1,54.5,2023-07-09,2025-07-11,Hospital,Simple,8,22.5,82.8,2,0,47,19792.65,28994.57,FY2025-26,96.9,2026-04-18
CLT-000722,0.895,Ontario Works,5.4,Low,Durham,2025-10-01,17,Youth,Disability,13,1,0,12.5,2022-03-15,2026-03-31,School,Simple,58,66.8,33.9,10,30,29,8685.03,43946.41,FY2025-26,86.7,2026-05-20
CLT-000723,0.666,Child Care Subsidy,3.6,High,Waterloo,2025-10-01,10,Home Care,Community,21,1,1,40.6,2024-07-04,2025-07-03,Self-Referral,Complex,-2,33.2,40.1,5,2,16,11817.62,23705.0,FY2023-24,90.8,2026-02-02
CLT-000724,0.401,Community Living,3.8,Medium,Northern,2025-01-01,23,Employment,Home Care,58,3,1,13.4,2024-06-16,2025-06-25,Community Agency,Standard,47,56.7,54.4,15,23,0,17316.69,28711.63,FY2024-25,73.2,2026-01-29
CLT-000725,0.697,Home Care,6.6,Medium,Durham,2024-07-01,24,Family,Housing,130,1,0,37.4,2022-11-24,2025-02-15,Self-Referral,Standard,10,34.7,75.1,19,27,13,2145.63,48975.38,FY2025-26,98.3,2026-05-11
CLT-000726,0.936,Community Living,9.1,High,Southwestern,2025-07-01,10,Employment,Child Care,141,1,1,66.4,2022-09-03,2025-06-16,Self-Referral,Simple,2,39.9,62.3,17,4,40,23202.22,48989.73,FY2023-24,89.9,2026-02-09
CLT-000727,0.435,ODSP,4.9,Medium,Southwestern,2025-01-01,24,Home Care,Child Care,26,3,2,54.1,2023-12-26,2025-07-20,Self-Referral,Complex,-4,53.1,72.5,4,1,40,5592.51,3484.68,FY2025-26,90.9,2026-02-26
CLT-000728,0.903,Child Care Subsidy,7.9,Medium,Central,2024-10-01,23,Child Care,Disability,105,5,1,8.5,2024-05-09,2025-05-14,Community Agency,Standard,22,63.9,44.6,12,6,0,17213.46,41419.04,FY2024-25,91.5,2026-06-02
CLT-000729,0.536,Community Living,6.1,Medium,Niagara,2024-07-01,20,Disability,Home Care,28,5,0,60.4,2023-05-10,2025-04-02,Family Doctor,Complex,67,70.4,16.3,9,12,38,1501.48,47299.62,FY2025-26,92.5,2026-05-16
CLT-000730,0.529,Ontario Works,4.8,High,Durham,2025-04-01,3,Community,Community,51,1,0,73.1,2021-02-19,2025-05-02,Family Doctor,Standard,-19,36.3,41.2,17,28,23,24236.56,21466.52,FY2024-25,83.8,2026-07-12
CLT-000731,0.917,Ontario Works,5.6,High,Niagara,2024-10-01,3,Community,Family,102,0,2,54.4,2024-05-13,2025-09-18,Court,Complex,-16,32.0,46.7,6,21,19,15314.15,10239.66,FY2023-24,87.0,2026-03-30
CLT-000732,0.405,Family Support,4.1,Low,Northern,2024-10-01,13,Home Care,Community,40,0,2,87.3,2021-06-07,2025-08-10,Family Doctor,Complex,-3,66.3,72.8,20,17,44,8353.75,34001.8,FY2023-24,90.4,2026-05-12
CLT-000733,0.775,Ontario Works,6.6,Medium,Waterloo,2024-07-01,24,Community,Home Care,71,5,2,82.1,2023-12-27,2025-03-28,Family Doctor,Standard,8,14.9,38.8,7,28,8,18144.05,48157.88,FY2024-25,98.4,2026-02-17
CLT-000734,0.924,Ontario Works,5.5,Low,Eastern,2025-01-01,9,Disability,Employment,71,0,0,65.0,2022-01-19,2026-06-26,Online Portal,Standard,-17,27.2,71.1,11,27,29,19569.87,20129.81,FY2025-26,86.9,2026-03-10
CLT-000735,0.695,Community Living,5.7,High,Southwestern,2025-07-01,7,Family,Disability,121,2,3,89.2,2021-07-08,2026-02-07,Family Doctor,Complex,56,56.0,42.5,2,13,13,22695.65,7197.18,FY2023-24,80.3,2026-04-05
CLT-000736,0.413,Ontario Works,6.9,High,Southwestern,2024-07-01,11,Home Care,Community,46,2,2,53.9,2022-03-24,2025-11-06,Online Portal,Simple,-6,61.5,30.4,14,27,17,3849.37,19029.19,FY2025-26,87.7,2026-01-31
CLT-000737,0.557,Family Support,3.8,Medium,GTA,2025-04-01,21,Disability,Disability,50,3,0,30.6,2021-10-10,2025-11-13,School,Complex,-13,32.9,45.1,14,7,6,24045.74,34352.81,FY2023-24,70.9,2026-06-15
CLT-000738,0.805,ODSP,6.4,High,Central,2024-10-01,5,Child Care,Child Care,104,5,3,12.9,2023-02-14,2025-10-15,Other Ministry,Simple,6,26.4,92.4,8,23,11,11107.17,45386.33,FY2024-25,77.8,2026-06-24
CLT-000739,0.784,Community Living,3.3,Medium,Eastern,2024-10-01,21,Employment,Community,97,5,1,23.9,2022-06-29,2026-04-19,Online Portal,Simple,53,31.2,68.0,13,6,12,11966.75,6462.28,FY2023-24,89.4,2026-01-12
CLT-000740,0.946,Youth Services,8.5,Medium,Durham,2024-07-01,1,Family,Family,142,5,0,8.1,2020-11-07,2026-05-11,Hospital,Complex,-4,5.2,25.8,14,21,12,3437.92,2297.02,FY2024-25,76.8,2026-05-27
CLT-000741,0.808,ODSP,8.2,Low,Niagara,2024-07-01,16,Home Care,Employment,60,0,1,37.1,2021-12-09,2025-12-26,Hospital,Complex,79,28.4,87.1,0,19,41,5068.93,36586.46,FY2024-25,93.5,2026-03-30
CLT-000742,0.475,Youth Services,9.6,Medium,Eastern,2025-01-01,5,Home Care,Home Care,123,1,1,81.0,2023-05-20,2025-06-28,Self-Referral,Standard,26,61.5,68.8,7,25,22,6024.8,12105.22,FY2024-25,72.6,2026-03-31
CLT-000743,0.973,Community Living,5.7,Low,Durham,2026-01-01,2,Home Care,Community,137,0,1,75.5,2021-02-13,2026-01-26,Self-Referral,Simple,-19,35.6,23.3,3,11,41,21210.38,41357.7,FY2025-26,76.7,2026-05-23
CLT-000744,0.8,Child Care Subsidy,7.8,Medium,Niagara,2025-04-01,18,Youth,Community,132,1,2,42.6,2021-06-21,2025-05-15,Hospital,Simple,7,70.7,93.5,4,30,10,23031.24,25909.56,FY2025-26,73.2,2026-06-05
CLT-000745,0.572,Child Care Subsidy,5.4,High,Waterloo,2024-10-01,23,Home Care,Home Care,100,3,0,37.0,2023-06-19,2025-12-12,School,Standard,63,4.0,43.1,20,25,46,12230.32,40138.16,FY2023-24,95.7,2026-01-30
CLT-000746,0.714,Employment Services,5.7,Medium,Southwestern,2024-07-01,8,Employment,Housing,90,1,2,70.6,2023-08-30,2026-07-30,Other Ministry,Simple,-19,64.0,16.1,12,5,25,16696.91,25927.18,FY2024-25,89.9,2026-02-28
CLT-000747,0.737,Community Living,7.5,Medium,Ottawa,2025-07-01,24,Youth,Housing,21,2,2,26.4,2020-05-28,2025-06-28,Community Agency,Standard,-9,31.1,71.2,2,2,36,19277.46,33988.29,FY2024-25,82.8,2026-01-05
CLT-000748,0.736,ODSP,6.9,Medium,Waterloo,2025-01-01,19,Family,Housing,150,3,2,73.4,2020-05-03,2026-05-04,Self-Referral,Simple,-18,18.6,46.9,5,21,0,2242.46,43476.98,FY2024-25,72.9,2026-07-06
CLT-000749,0.79,Child Care Subsidy,5.1,Low,Waterloo,2025-01-01,23,Community,Community,128,4,3,39.5,2023-03-05,2026-06-20,Online Portal,Simple,-11,12.3,51.7,15,7,5,20048.3,49269.41,FY2023-24,74.0,2026-06-16
CLT-000750,0.63,Ontario Works,6.1,Medium,Waterloo,2026-01-01,21,Community,Family,70,5,1,85.0,2023-11-03,2025-11-13,School,Simple,57,7.1,75.4,10,9,12,1256.49,26112.22,FY2025-26,93.6,2026-06-13
CLT-000751,0.598,Home Care,3.8,Low,Northern,2024-07-01,19,Child Care,Family,16,2,3,73.6,2021-07-11,2025-10-17,Online Portal,Standard,41,1.0,14.2,4,13,35,11874.55,16002.35,FY2025-26,90.0,2026-04-22
CLT-000752,0.693,Employment Services,6.9,High,Hamilton,2025-04-01,3,Community,Disability,108,2,3,63.7,2020-03-10,2025-09-21,Other Ministry,Simple,-18,29.6,40.0,7,15,12,1422.06,37216.62,FY2024-25,87.0,2026-06-07
CLT-000753,0.51,Community Living,6.0,Low,Waterloo,2025-07-01,5,Community,Disability,92,1,0,64.1,2023-04-30,2026-04-23,Self-Referral,Simple,27,25.5,23.7,5,14,26,17023.32,21901.76,FY2023-24,99.6,2026-03-22
CLT-000754,0.762,Youth Services,7.2,Medium,Southwestern,2025-10-01,22,Community,Disability,86,2,2,79.3,2021-08-21,2025-08-15,Court,Complex,12,56.7,77.3,9,19,7,10190.29,46472.15,FY2025-26,77.3,2026-06-05
CLT-000755,0.543,Employment Services,4.9,Medium,Southwestern,2025-01-01,19,Youth,Community,77,0,1,17.4,2020-04-07,2025-12-03,Family Doctor,Simple,57,52.2,71.5,6,18,42,20530.52,32484.72,FY2025-26,87.5,2026-03-11
CLT-000756,0.459,Child Care Subsidy,3.7,Low,Waterloo,2026-01-01,5,Employment,Home Care,39,3,0,45.7,2021-09-09,2026-06-16,Other Ministry,Simple,16,45.6,76.7,11,10,30,20108.65,7463.67,FY2023-24,71.1,2026-01-03
CLT-000757,0.425,Employment Services,6.9,Medium,Niagara,2024-07-01,5,Disability,Employment,17,1,2,14.1,2024-05-13,2025-04-28,School,Complex,39,24.3,43.4,11,16,45,15075.19,10325.41,FY2025-26,80.1,2026-06-23
CLT-000758,0.895,Ontario Works,6.8,Medium,Ottawa,2025-01-01,3,Youth,Family,86,1,2,64.1,2022-03-23,2026-02-02,School,Simple,-11,16.4,56.1,11,1,13,7767.27,9994.79,FY2024-25,74.7,2026-06-21
CLT-000759,0.837,Ontario Works,8.8,Low,Southwestern,2026-01-01,10,Home Care,Youth,114,1,0,6.6,2021-04-20,2026-04-07,Family Doctor,Complex,74,50.1,78.1,12,25,34,20864.28,2600.81,FY2025-26,79.4,2026-07-01
CLT-000760,0.929,Employment Services,5.6,High,GTA,2024-10-01,21,Child Care,Housing,122,2,0,44.6,2021-01-20,2025-02-08,Court,Simple,20,4.7,29.4,11,30,3,4502.55,40938.27,FY2025-26,98.3,2026-04-19
CLT-000761,0.631,Child Care Subsidy,6.0,Medium,Northern,2025-01-01,7,Home Care,Home Care,69,0,1,6.4,2021-11-07,2026-02-15,Community Agency,Simple,6,63.3,29.5,7,6,16,10503.14,22607.69,FY2025-26,90.8,2026-06-21
CLT-000762,0.932,Community Living,5.5,Low,Hamilton,2025-10-01,5,Housing,Family,90,1,0,19.8,2023-08-07,2026-01-15,School,Simple,-10,67.8,24.7,7,23,37,14125.15,13657.44,FY2024-25,75.1,2026-01-08
CLT-000763,0.528,Child Care Subsidy,3.3,High,Southwestern,2026-01-01,3,Employment,Child Care,126,5,1,86.4,2023-09-17,2025-05-16,Court,Simple,27,4.7,79.2,13,29,16,16683.57,27776.76,FY2025-26,93.3,2026-01-27
CLT-000764,0.891,Community Living,7.4,High,Hamilton,2025-07-01,9,Community,Child Care,56,2,0,37.8,2023-08-03,2026-07-09,School,Complex,36,11.5,67.6,20,4,21,12891.84,46625.57,FY2023-24,74.7,2026-06-03
CLT-000765,0.424,Youth Services,5.6,High,Southwestern,2025-04-01,17,Home Care,Disability,134,1,1,43.4,2024-04-24,2025-03-20,Hospital,Simple,-4,6.5,93.2,3,16,29,24167.25,3056.22,FY2025-26,80.4,2026-06-26
CLT-000766,0.726,Ontario Works,7.6,Low,Hamilton,2024-04-01,16,Youth,Employment,67,4,1,35.0,2023-04-18,2025-09-15,Other Ministry,Simple,56,23.3,85.3,3,15,6,4730.26,7963.14,FY2024-25,98.4,2026-07-11
CLT-000767,0.55,Home Care,6.8,Low,Northern,2024-04-01,12,Youth,Home Care,46,0,3,20.0,2023-10-22,2025-11-25,Court,Complex,62,27.8,91.4,6,23,47,536.94,27439.34,FY2023-24,76.1,2026-03-16
CLT-000768,0.574,Community Living,9.0,Low,Southwestern,2026-01-01,17,Family,Employment,79,3,0,73.4,2020-01-22,2026-01-19,Family Doctor,Complex,67,25.5,62.0,10,6,50,17205.84,25344.92,FY2025-26,91.1,2026-02-16
CLT-000769,0.634,Home Care,4.1,High,Central,2025-10-01,8,Youth,Home Care,125,3,3,32.1,2020-12-15,2025-06-13,Other Ministry,Complex,-1,1.8,16.8,12,11,34,2551.02,40666.54,FY2023-24,70.8,2026-04-05
CLT-000770,0.738,Child Care Subsidy,4.0,Medium,Ottawa,2024-07-01,11,Community,Disability,20,1,2,31.8,2023-09-23,2026-02-16,School,Standard,11,33.6,71.2,4,20,26,4722.83,31498.73,FY2024-25,89.9,2026-02-16
CLT-000771,0.425,Family Support,3.5,High,Southwestern,2024-04-01,21,Family,Child Care,59,1,0,24.0,2023-01-07,2025-02-11,Self-Referral,Standard,53,38.7,82.3,5,2,41,2550.85,42674.68,FY2023-24,98.5,2026-02-14
CLT-000772,0.861,Youth Services,8.1,High,Ottawa,2025-07-01,18,Home Care,Community,149,3,3,89.3,2021-09-02,2025-01-09,Community Agency,Complex,-6,38.5,32.3,17,1,24,8077.95,15974.14,FY2023-24,95.1,2026-06-22
CLT-000773,0.401,Family Support,4.2,High,Hamilton,2026-01-01,21,Housing,Disability,90,4,2,71.0,2022-03-05,2026-02-16,Court,Standard,75,22.7,73.4,19,13,46,3667.88,15513.52,FY2023-24,73.4,2026-02-06
CLT-000774,0.822,Family Support,8.5,Low,Ottawa,2025-01-01,6,Employment,Youth,26,0,2,18.9,2021-06-02,2026-06-29,School,Simple,16,52.9,89.7,18,24,44,21713.11,5412.33,FY2025-26,83.4,2026-07-31
CLT-000775,0.849,Employment Services,6.9,High,Ottawa,2024-10-01,17,Disability,Child Care,150,0,0,23.6,2022-06-03,2026-03-09,Family Doctor,Simple,74,49.7,24.3,0,1,0,9021.97,10638.72,FY2023-24,86.2,2026-02-19
CLT-000776,0.721,Home Care,8.9,Low,Central,2024-04-01,11,Home Care,Youth,72,4,1,51.7,2020-01-04,2025-12-30,Hospital,Standard,58,12.7,76.2,19,1,3,11552.0,27165.11,FY2024-25,74.9,2026-04-28
CLT-000777,0.846,Home Care,8.8,Low,Durham,2025-01-01,17,Community,Disability,64,3,3,81.5,2020-06-19,2026-06-02,Other Ministry,Complex,-6,63.7,91.9,12,5,25,11644.46,13143.78,FY2025-26,79.1,2026-07-18
CLT-000778,0.464,ODSP,4.3,High,Durham,2024-10-01,7,Disability,Home Care,35,5,1,34.7,2021-01-17,2026-04-18,Community Agency,Complex,41,23.8,89.7,0,12,30,12578.7,5653.62,FY2023-24,82.7,2026-06-11
CLT-000779,0.827,Child Care Subsidy,3.0,High,Durham,2024-07-01,21,Youth,Disability,29,4,1,44.7,2022-06-29,2026-02-24,Community Agency,Standard,44,50.2,39.9,18,13,37,21404.11,32519.32,FY2025-26,90.8,2026-03-31
CLT-000780,0.79,Child Care Subsidy,8.0,Low,Northern,2025-10-01,13,Family,Community,146,3,1,57.0,2021-12-25,2025-04-07,Hospital,Standard,37,15.1,62.4,18,18,10,8914.0,11952.27,FY2024-25,90.1,2026-06-10
CLT-000781,0.776,Community Living,8.0,Low,Waterloo,2024-04-01,15,Youth,Housing,46,4,3,41.0,2021-09-15,2025-03-06,Online Portal,Complex,59,28.8,11.8,0,17,50,15084.58,16042.68,FY2025-26,84.9,2026-05-24
CLT-000782,0.608,Employment Services,5.8,Low,Durham,2025-01-01,20,Youth,Child Care,115,3,1,29.6,2022-07-27,2026-06-16,Other Ministry,Simple,31,52.9,55.6,17,3,24,7677.7,29629.71,FY2023-24,78.0,2026-03-22
CLT-000783,0.406,Child Care Subsidy,7.5,High,Niagara,2024-04-01,11,Home Care,Child Care,18,1,3,16.9,2022-07-28,2025-02-10,Family Doctor,Standard,17,40.0,86.6,0,26,34,4888.97,27197.42,FY2024-25,80.8,2026-01-27
CLT-000784,0.854,Ontario Works,6.8,High,Waterloo,2025-01-01,22,Employment,Family,133,2,1,57.6,2024-02-18,2026-05-01,Court,Complex,-7,40.1,45.4,7,0,9,23173.63,22906.83,FY2024-25,97.5,2026-01-13
CLT-000785,0.4,Ontario Works,7.6,High,Niagara,2025-10-01,4,Family,Disability,14,2,3,29.9,2023-02-16,2025-09-25,School,Standard,49,48.0,86.3,9,13,28,14452.31,25630.03,FY2024-25,97.4,2026-01-05
CLT-000786,0.786,Community Living,4.1,High,GTA,2024-04-01,4,Disability,Community,105,5,0,9.0,2021-07-09,2025-10-30,Court,Standard,-4,43.5,89.7,12,15,17,16799.0,47779.92,FY2025-26,97.1,2026-04-13
CLT-000787,0.883,Youth Services,4.1,Low,Niagara,2024-10-01,5,Child Care,Family,98,4,3,79.1,2020-10-07,2025-11-19,Family Doctor,Simple,3,67.6,25.4,19,0,21,6279.84,46661.64,FY2025-26,89.8,2026-04-23
CLT-000788,0.868,Employment Services,6.4,Medium,Niagara,2025-04-01,18,Youth,Family,105,4,1,56.1,2021-10-30,2025-06-24,Community Agency,Simple,48,16.6,10.5,2,4,18,8658.91,18037.21,FY2023-24,75.0,2026-08-01
CLT-000789,0.908,Ontario Works,3.0,Low,Niagara,2024-10-01,22,Home Care,Child Care,27,5,3,25.1,2024-05-13,2025-05-27,Online Portal,Standard,0,30.9,33.0,20,17,46,6536.33,17978.75,FY2024-25,91.4,2026-03-24
CLT-000790,0.727,Child Care Subsidy,4.2,High,Southwestern,2024-10-01,22,Family,Home Care,90,0,3,14.8,2022-10-25,2025-12-02,Online Portal,Standard,58,6.5,15.7,10,29,3,13462.78,32199.87,FY2024-25,79.3,2026-01-24
CLT-000791,0.552,Community Living,5.1,Medium,Eastern,2025-07-01,21,Disability,Family,46,2,3,79.3,2024-02-07,2025-10-30,Community Agency,Standard,-5,26.0,35.5,18,14,12,6868.96,42522.86,FY2025-26,76.1,2026-03-27
CLT-000792,0.537,Ontario Works,4.5,Low,Durham,2025-01-01,14,Child Care,Child Care,61,1,1,41.3,2020-03-17,2026-06-10,Online Portal,Complex,48,64.1,79.0,17,2,22,19962.9,24516.03,FY2024-25,75.9,2026-03-15
CLT-000793,0.888,Family Support,4.3,High,Ottawa,2025-07-01,6,Child Care,Housing,88,3,2,75.7,2021-03-11,2025-12-02,School,Standard,80,37.1,18.6,18,27,6,9227.89,34592.39,FY2023-24,78.8,2026-04-08
CLT-000794,0.693,Community Living,6.0,Medium,Northern,2025-10-01,19,Child Care,Youth,67,1,3,16.6,2023-05-23,2025-09-21,Family Doctor,Complex,35,19.2,87.0,1,19,37,14590.33,39724.53,FY2025-26,71.1,2026-01-13
CLT-000795,0.714,Youth Services,6.3,High,GTA,2025-01-01,22,Family,Home Care,34,5,0,50.9,2022-04-18,2026-06-19,Court,Standard,1,47.0,43.1,16,24,33,7789.75,37803.05,FY2025-26,88.5,2026-04-28
CLT-000796,0.744,Community Living,4.2,Medium,Hamilton,2025-07-01,21,Family,Home Care,142,5,0,76.6,2020-04-15,2025-07-03,Hospital,Simple,36,53.8,49.3,17,19,42,22481.25,42440.69,FY2023-24,94.6,2026-03-18
CLT-000797,0.712,Home Care,7.3,Medium,Ottawa,2026-01-01,1,Family,Youth,77,2,0,72.1,2024-06-15,2025-07-31,Family Doctor,Standard,77,63.0,54.5,12,16,6,2533.5,36579.85,FY2025-26,70.9,2026-05-16
CLT-000798,0.697,Family Support,8.8,Low,Ottawa,2025-01-01,20,Housing,Child Care,80,2,0,80.4,2020-02-16,2025-06-20,Community Agency,Standard,39,41.8,41.5,4,17,27,23152.99,29674.85,FY2023-24,94.7,2026-04-06
CLT-000799,0.453,Youth Services,8.1,High,GTA,2026-01-01,24,Employment,Family,59,1,3,6.7,2024-03-04,2025-05-05,Community Agency,Complex,10,56.8,16.8,7,30,34,3578.43,29101.76,FY2024-25,79.2,2026-06-15
CLT-000800,0.911,Youth Services,3.8,High,Niagara,2024-04-01,19,Employment,Family,146,0,0,8.6,2021-11-02,2025-03-04,Hospital,Standard,7,51.6,27.6,2,28,21,23350.32,39958.66,FY2025-26,84.9,2026-04-08
CLT-000801,0.847,Child Care Subsidy,9.2,Low,Eastern,2025-07-01,17,Community,Disability,63,2,1,72.9,2020-05-03,2025-01-08,Other Ministry,Complex,21,70.2,93.0,13,2,23,16005.29,15303.04,FY2025-26,77.4,2026-06-16
CLT-000802,0.597,Family Support,8.6,Low,Waterloo,2026-01-01,19,Home Care,Family,98,0,0,37.3,2021-05-19,2026-02-07,Self-Referral,Complex,-3,60.4,87.4,15,15,11,11694.93,42907.76,FY2025-26,87.8,2026-07-16
CLT-000803,0.784,Family Support,3.0,Low,Southwestern,2024-10-01,17,Child Care,Community,75,2,0,74.4,2023-10-30,2026-02-27,Community Agency,Simple,-7,45.1,69.2,10,20,13,8701.67,43737.43,FY2025-26,97.6,2026-04-15
CLT-000804,0.889,Ontario Works,9.6,Low,GTA,2025-01-01,22,Employment,Home Care,135,1,0,27.4,2022-09-23,2026-03-06,School,Standard,-3,67.3,53.3,3,8,40,6849.49,14258.82,FY2023-24,85.9,2026-05-29
CLT-000805,0.536,Youth Services,8.4,Low,Waterloo,2025-10-01,19,Employment,Community,136,3,2,64.1,2023-09-12,2025-01-04,Hospital,Simple,44,38.9,82.9,19,16,29,19248.89,43687.27,FY2024-25,73.4,2026-06-30
CLT-000806,0.54,Youth Services,6.7,Medium,Northern,2026-01-01,4,Housing,Youth,60,0,3,73.5,2023-02-20,2025-05-03,Community Agency,Standard,14,56.0,75.1,1,6,19,23704.22,29941.73,FY2025-26,97.0,2026-05-10
CLT-000807,0.691,Community Living,6.0,High,Central,2025-01-01,24,Disability,Disability,113,2,3,43.2,2021-05-29,2025-04-07,School,Complex,-19,43.8,62.9,3,30,22,5228.53,41469.33,FY2024-25,99.1,2026-02-17
CLT-000808,0.722,Family Support,3.9,Medium,Northern,2024-04-01,9,Child Care,Home Care,69,0,0,66.6,2021-12-30,2026-04-07,Online Portal,Simple,-20,19.7,33.8,0,1,45,17408.46,34783.89,FY2025-26,78.2,2026-05-25
CLT-000809,0.527,Employment Services,5.5,Low,Durham,2024-07-01,2,Housing,Youth,35,5,1,17.3,2021-07-21,2026-07-12,Online Portal,Simple,55,52.7,57.4,4,23,24,24582.61,43411.96,FY2025-26,82.2,2026-02-16
CLT-000810,0.505,ODSP,9.7,Medium,Northern,2024-10-01,10,Employment,Youth,64,1,3,13.5,2022-12-28,2025-02-22,Self-Referral,Simple,19,27.9,46.7,12,6,3,12134.83,8316.16,FY2024-25,83.5,2026-06-17
CLT-000811,0.5,Child Care Subsidy,8.3,Low,Waterloo,2025-07-01,8,Community,Community,44,0,2,21.7,2023-01-18,2025-02-01,Self-Referral,Standard,39,34.5,36.6,1,3,31,6463.18,17343.38,FY2025-26,99.0,2026-01-07
CLT-000812,0.871,Home Care,7.2,Low,Eastern,2024-04-01,21,Housing,Home Care,51,0,0,22.4,2024-07-23,2026-01-25,Self-Referral,Complex,45,34.3,16.4,12,15,9,5048.13,2222.63,FY2024-25,79.5,2026-07-01
CLT-000813,0.856,Family Support,8.4,Medium,Ottawa,2024-10-01,18,Child Care,Housing,11,3,2,31.0,2022-04-13,2025-02-25,Hospital,Simple,77,22.1,82.8,4,5,23,4033.5,32749.34,FY2023-24,74.3,2026-02-16
CLT-000814,0.527,Employment Services,8.1,Low,GTA,2025-04-01,10,Housing,Housing,56,3,0,22.7,2021-01-09,2026-03-07,Other Ministry,Standard,-8,16.6,21.1,13,2,41,11907.66,41098.72,FY2025-26,86.7,2026-06-23
CLT-000815,0.479,Youth Services,8.6,Medium,Waterloo,2025-07-01,4,Community,Employment,43,0,0,53.9,2020-08-14,2025-11-24,Community Agency,Simple,35,39.1,44.4,9,23,38,20157.18,44359.91,FY2024-25,84.4,2026-04-20
CLT-000816,0.867,Family Support,3.9,Medium,Niagara,2024-04-01,1,Youth,Youth,126,2,0,48.4,2021-04-17,2026-03-25,Community Agency,Complex,-6,41.4,51.7,19,27,36,3700.42,22421.98,FY2023-24,71.5,2026-05-27
CLT-000817,0.835,Home Care,5.7,High,Northern,2025-01-01,11,Disability,Youth,148,2,3,28.0,2020-03-21,2026-06-01,Hospital,Simple,8,41.5,54.9,10,8,27,5093.55,36006.38,FY2023-24,75.0,2026-02-12
CLT-000818,0.518,Community Living,7.7,High,Northern,2024-04-01,12,Family,Employment,63,1,0,10.2,2020-02-07,2026-07-16,Family Doctor,Simple,17,53.7,94.5,14,7,37,3225.13,1236.63,FY2025-26,85.6,2026-07-16
CLT-000819,0.859,ODSP,3.8,Low,Niagara,2024-04-01,1,Child Care,Community,48,1,1,63.3,2021-02-16,2026-04-13,Online Portal,Complex,71,44.7,43.0,17,25,46,8752.54,27623.01,FY2023-24,98.3,2026-05-21
CLT-000820,0.651,Employment Services,5.6,Low,GTA,2024-04-01,20,Youth,Disability,73,3,0,80.7,2024-01-20,2025-09-08,Online Portal,Simple,-8,37.9,17.2,2,21,38,14104.75,19099.62,FY2024-25,79.9,2026-02-06
CLT-000821,0.848,Employment Services,4.0,Low,Eastern,2025-04-01,22,Employment,Child Care,102,1,2,69.8,2021-07-22,2026-02-27,Family Doctor,Simple,37,23.5,90.2,19,19,16,7442.9,44637.97,FY2024-25,95.9,2026-04-21
CLT-000822,0.661,Ontario Works,3.6,High,Northern,2025-04-01,21,Employment,Home Care,148,0,1,83.3,2023-08-29,2025-08-16,Online Portal,Complex,78,21.2,10.1,12,4,2,13506.52,25539.06,FY2023-24,84.9,2026-06-26
CLT-000823,0.592,Child Care Subsidy,6.2,Medium,Eastern,2025-10-01,10,Home Care,Disability,98,3,0,5.7,2020-06-27,2025-06-13,Community Agency,Complex,-3,39.9,38.2,17,3,43,10757.49,4402.72,FY2023-24,93.6,2026-03-25
CLT-000824,0.604,Ontario Works,5.0,Medium,Ottawa,2024-04-01,2,Housing,Home Care,66,0,2,41.2,2020-02-18,2025-02-25,Community Agency,Simple,51,17.8,22.2,2,0,5,18223.45,37536.24,FY2023-24,76.0,2026-02-02
CLT-000825,0.735,Family Support,3.5,Low,Northern,2024-04-01,21,Youth,Family,12,3,3,42.0,2021-10-27,2025-08-18,Court,Standard,28,52.4,92.5,9,20,11,22398.92,48945.0,FY2024-25,99.6,2026-06-12
CLT-000826,0.577,Ontario Works,3.7,Low,Central,2025-01-01,1,Family,Housing,62,5,2,46.8,2020-10-31,2025-09-23,School,Standard,51,69.2,17.1,13,17,10,4497.96,16574.67,FY2023-24,92.5,2026-02-02
CLT-000827,0.887,Child Care Subsidy,5.7,Low,Durham,2025-10-01,14,Community,Family,112,1,1,28.5,2020-06-05,2026-03-29,Family Doctor,Complex,36,37.0,81.8,19,9,30,11943.5,4945.46,FY2023-24,87.3,2026-06-13
CLT-000828,0.523,Ontario Works,3.2,Low,Durham,2025-04-01,17,Housing,Youth,47,1,1,31.6,2021-07-10,2025-08-03,Court,Simple,19,52.4,84.7,12,17,9,23713.12,8389.98,FY2024-25,93.7,2026-04-21
CLT-000829,0.898,Youth Services,4.1,Medium,Waterloo,2024-10-01,1,Community,Youth,82,5,0,70.1,2020-07-26,2026-05-20,School,Complex,50,6.2,22.5,7,0,42,11011.35,16029.43,FY2024-25,90.3,2026-07-21
CLT-000830,0.57,Child Care Subsidy,7.9,High,Durham,2025-04-01,19,Community,Employment,113,3,2,78.6,2020-02-07,2025-12-22,Community Agency,Simple,-15,13.5,23.7,11,9,12,16584.53,14669.33,FY2025-26,75.6,2026-01-08
CLT-000831,0.47,Family Support,3.3,High,Durham,2025-10-01,1,Disability,Housing,46,0,3,9.5,2020-04-29,2025-07-27,Hospital,Simple,69,14.9,60.5,17,26,37,15760.99,45708.54,FY2023-24,72.4,2026-07-26
CLT-000832,0.563,Ontario Works,4.4,Medium,Ottawa,2025-01-01,4,Housing,Child Care,129,5,3,8.9,2024-03-14,2025-04-18,Family Doctor,Simple,77,71.1,40.2,19,24,3,18183.08,13660.16,FY2025-26,89.4,2026-06-12
CLT-000833,0.675,Youth Services,8.9,Low,Ottawa,2024-07-01,7,Housing,Family,67,2,1,65.0,2020-02-16,2026-04-29,Hospital,Complex,47,48.8,81.2,16,23,0,12056.01,39190.09,FY2025-26,92.8,2026-07-03
CLT-000834,0.534,ODSP,9.4,Low,Niagara,2024-04-01,18,Child Care,Housing,49,1,1,62.5,2024-04-01,2026-01-29,Court,Standard,42,55.9,55.5,15,10,14,1487.8,44037.03,FY2025-26,95.9,2026-01-02
CLT-000835,0.507,Employment Services,6.7,High,Durham,2025-07-01,12,Housing,Employment,13,1,2,61.9,2021-08-23,2025-07-18,Hospital,Simple,30,69.4,23.8,3,12,37,1432.26,49672.4,FY2025-26,90.1,2026-04-08
CLT-000836,0.725,Community Living,4.8,High,Hamilton,2024-04-01,13,Housing,Family,26,3,0,25.9,2022-01-16,2025-05-26,Community Agency,Standard,-13,53.1,81.3,9,26,9,10015.68,1216.18,FY2023-24,76.5,2026-04-04
CLT-000837,0.427,Employment Services,9.1,Low,Southwestern,2025-01-01,23,Child Care,Disability,45,2,2,47.8,2021-03-27,2025-01-25,Self-Referral,Standard,-7,53.3,61.1,2,26,0,8251.62,12203.02,FY2023-24,73.0,2026-01-19
CLT-000838,0.622,Youth Services,8.2,High,Durham,2025-10-01,23,Youth,Community,72,1,2,24.8,2023-01-31,2025-04-03,Community Agency,Simple,21,1.7,20.1,8,29,31,10804.97,38666.66,FY2023-24,84.7,2026-07-29
CLT-000839,0.877,Family Support,8.8,Low,Central,2026-01-01,8,Family,Family,38,1,0,82.0,2022-10-06,2025-12-04,Community Agency,Simple,9,42.8,75.0,15,16,6,8863.47,13720.27,FY2024-25,95.6,2026-06-13
CLT-000840,0.427,Community Living,4.1,High,Niagara,2024-04-01,5,Youth,Youth,121,5,2,70.6,2022-05-15,2026-04-19,Online Portal,Simple,-16,26.1,47.5,0,14,13,1998.08,25501.97,FY2023-24,80.8,2026-07-26
CLT-000841,0.556,Community Living,6.6,High,Eastern,2026-01-01,22,Employment,Disability,35,3,2,31.1,2021-04-12,2026-06-27,Self-Referral,Simple,36,21.7,16.2,9,16,20,17789.11,33914.23,FY2024-25,71.5,2026-05-25
CLT-000842,0.502,Employment Services,8.2,Medium,Durham,2025-10-01,5,Housing,Home Care,142,2,0,43.1,2022-05-27,2025-09-14,Hospital,Simple,37,47.2,42.1,6,4,30,23667.09,43123.67,FY2025-26,76.2,2026-03-28
CLT-000843,0.523,Family Support,6.2,High,Northern,2025-07-01,20,Home Care,Disability,145,3,3,56.6,2022-04-12,2025-01-31,Court,Complex,46,71.5,60.3,7,5,3,17501.08,39228.43,FY2023-24,77.8,2026-03-30
CLT-000844,0.865,Child Care Subsidy,6.2,High,Niagara,2024-07-01,11,Housing,Community,75,0,2,21.3,2023-09-05,2025-11-26,Family Doctor,Standard,-13,53.2,52.5,14,15,45,8805.52,13479.86,FY2024-25,95.5,2026-05-31
CLT-000845,0.816,Ontario Works,4.6,High,Southwestern,2024-10-01,6,Housing,Disability,113,5,1,43.7,2021-02-26,2025-07-04,Self-Referral,Complex,2,13.0,64.7,15,3,6,19158.63,41959.91,FY2024-25,89.5,2026-05-06
CLT-000846,0.651,ODSP,9.6,Low,Niagara,2024-10-01,2,Youth,Home Care,149,2,0,29.6,2023-02-05,2026-02-18,School,Simple,27,13.1,18.8,13,30,37,692.66,29641.19,FY2023-24,75.6,2026-02-16
CLT-000847,0.841,Ontario Works,3.7,Medium,Northern,2025-10-01,9,Housing,Child Care,25,3,0,78.8,2022-07-11,2026-04-21,Self-Referral,Simple,-10,29.1,26.5,1,28,21,17288.65,47126.75,FY2024-25,87.5,2026-02-23
CLT-000848,0.509,Community Living,4.2,Medium,Niagara,2025-01-01,4,Housing,Home Care,81,3,3,88.2,2023-02-11,2025-01-06,School,Complex,-16,53.5,74.3,10,8,3,4328.71,18139.91,FY2025-26,88.4,2026-05-21
CLT-000849,0.592,Home Care,8.0,Low,Northern,2026-01-01,23,Home Care,Housing,56,4,0,18.6,2023-03-18,2025-05-01,Family Doctor,Simple,24,47.1,35.4,18,26,27,1957.74,41691.81,FY2025-26,82.6,2026-04-12
CLT-000850,0.781,Child Care Subsidy,6.1,Low,Durham,2025-04-01,12,Disability,Housing,77,4,2,7.0,2024-01-20,2025-01-01,Family Doctor,Standard,-20,30.4,52.1,11,24,26,21238.94,2063.32,FY2023-24,86.4,2026-06-20
CLT-000851,0.822,ODSP,6.8,Low,Waterloo,2024-04-01,6,Home Care,Child Care,105,2,1,57.7,2021-07-26,2025-09-23,Self-Referral,Complex,8,12.9,23.3,6,7,13,4746.17,47912.82,FY2023-24,80.7,2026-01-11
CLT-000852,0.491,Youth Services,9.2,Medium,Central,2024-04-01,4,Disability,Family,82,2,0,24.2,2022-04-09,2026-06-01,Court,Complex,80,15.4,26.5,7,6,10,7716.31,13068.2,FY2023-24,87.8,2026-02-03
CLT-000853,0.404,Ontario Works,5.4,High,Durham,2025-01-01,4,Home Care,Youth,79,0,1,79.8,2020-04-27,2026-03-31,Other Ministry,Complex,30,22.9,84.3,19,19,8,23808.78,6777.32,FY2023-24,99.0,2026-04-13
CLT-000854,0.517,Community Living,6.1,High,Central,2025-04-01,6,Child Care,Employment,108,1,2,59.5,2023-03-05,2025-07-28,Online Portal,Standard,59,71.0,18.3,4,5,25,11435.29,35446.54,FY2023-24,84.4,2026-03-01
CLT-000855,0.826,Child Care Subsidy,9.4,Medium,Hamilton,2025-07-01,5,Community,Youth,108,0,1,64.6,2023-06-25,2026-03-12,Community Agency,Standard,78,16.8,10.4,18,5,42,18674.75,27119.26,FY2024-25,79.5,2026-02-05
CLT-000856,0.56,Home Care,4.1,Low,Ottawa,2025-07-01,23,Disability,Family,100,0,2,13.0,2021-03-05,2025-05-23,Community Agency,Complex,61,8.0,30.2,1,16,28,12385.3,29972.71,FY2025-26,74.2,2026-04-30
CLT-000857,0.757,Child Care Subsidy,5.5,High,Southwestern,2024-10-01,5,Child Care,Disability,75,5,2,64.5,2023-01-10,2025-04-23,Hospital,Complex,-20,22.1,56.1,15,1,27,12571.38,19727.99,FY2025-26,75.9,2026-02-23
CLT-000858,0.92,Child Care Subsidy,7.0,High,Niagara,2025-07-01,4,Family,Employment,52,2,3,65.9,2023-09-24,2025-10-24,Family Doctor,Standard,-13,63.7,38.4,16,25,50,9302.29,26837.29,FY2023-24,94.9,2026-05-19
CLT-000859,0.501,Youth Services,7.8,High,Hamilton,2024-10-01,13,Home Care,Employment,140,2,3,46.0,2023-09-10,2025-06-22,Other Ministry,Standard,7,62.2,64.2,10,23,23,2463.75,29694.51,FY2023-24,86.7,2026-02-14
CLT-000860,0.508,Youth Services,3.1,Low,Durham,2024-10-01,12,Community,Home Care,86,3,1,52.0,2021-01-21,2025-09-15,Hospital,Complex,-19,7.0,90.4,5,7,17,2636.14,28916.85,FY2023-24,87.8,2026-07-21
CLT-000861,0.408,Family Support,5.7,High,Hamilton,2024-04-01,5,Community,Community,10,2,2,75.4,2020-04-17,2026-01-05,Family Doctor,Simple,3,5.3,81.1,20,1,1,18070.82,31111.64,FY2023-24,92.1,2026-01-22
CLT-000862,0.739,Home Care,5.5,Low,Durham,2024-10-01,5,Home Care,Youth,128,0,0,85.7,2021-03-31,2026-01-27,Self-Referral,Complex,-15,30.5,11.8,16,4,29,12403.41,2826.32,FY2024-25,78.4,2026-01-29
CLT-000863,0.945,Family Support,8.7,Low,Hamilton,2025-10-01,5,Community,Youth,65,5,2,5.9,2023-03-18,2025-11-30,School,Standard,2,14.8,46.0,14,26,27,16646.35,43012.09,FY2025-26,73.3,2026-02-20
CLT-000864,0.864,ODSP,3.1,High,Southwestern,2025-04-01,23,Child Care,Community,86,1,1,65.8,2022-03-07,2025-12-24,Court,Standard,-6,66.0,26.7,5,14,30,16633.06,20029.71,FY2024-25,84.3,2026-04-18
CLT-000865,0.928,Ontario Works,5.9,High,Eastern,2025-04-01,20,Youth,Home Care,21,2,3,73.8,2022-08-27,2025-12-02,Other Ministry,Simple,45,39.9,11.7,2,26,31,15683.2,28666.96,FY2023-24,79.0,2026-02-16
CLT-000866,0.424,Child Care Subsidy,5.0,Low,Hamilton,2025-04-01,9,Youth,Child Care,137,1,1,27.8,2022-05-27,2025-12-10,School,Complex,29,41.4,48.1,0,5,22,21916.59,38862.83,FY2024-25,92.4,2026-04-07
CLT-000867,0.897,Child Care Subsidy,5.8,High,GTA,2025-04-01,23,Housing,Home Care,60,4,3,67.4,2021-06-29,2025-03-06,Self-Referral,Simple,56,24.7,52.6,10,20,20,12301.87,47236.72,FY2023-24,72.7,2026-07-05
CLT-000868,0.564,Youth Services,8.3,High,GTA,2024-04-01,19,Disability,Housing,146,0,2,62.1,2020-04-12,2025-11-09,Online Portal,Complex,61,29.9,18.0,7,14,32,23926.53,26604.96,FY2024-25,76.4,2026-01-14
CLT-000869,0.634,Family Support,3.6,Medium,Central,2025-10-01,9,Community,Housing,43,5,3,69.2,2022-04-07,2026-07-21,Community Agency,Standard,64,21.7,69.0,16,11,33,18790.35,28991.42,FY2023-24,74.5,2026-05-02
CLT-000870,0.945,Child Care Subsidy,6.9,Low,GTA,2025-04-01,11,Employment,Housing,108,0,2,88.0,2022-01-14,2026-02-26,Family Doctor,Simple,23,64.8,29.4,7,14,17,22913.75,30014.87,FY2023-24,76.3,2026-04-12
CLT-000871,0.685,Community Living,7.5,Low,Niagara,2026-01-01,23,Child Care,Home Care,56,5,1,40.8,2022-08-31,2025-10-15,Community Agency,Complex,-18,55.6,48.4,20,16,27,8562.87,25616.69,FY2024-25,90.3,2026-07-26
CLT-000872,0.888,Family Support,6.2,Low,Waterloo,2025-10-01,7,Youth,Home Care,141,5,3,88.9,2020-02-19,2025-11-19,Other Ministry,Simple,65,46.0,58.5,4,26,7,17514.5,3875.45,FY2025-26,95.7,2026-04-19
CLT-000873,0.851,ODSP,6.7,Medium,Hamilton,2024-04-01,14,Community,Disability,57,0,0,39.2,2020-11-29,2025-01-16,Online Portal,Simple,54,42.1,75.2,16,26,39,2462.26,49764.62,FY2025-26,97.9,2026-05-06
CLT-000874,0.471,Child Care Subsidy,5.8,Medium,Eastern,2025-01-01,15,Child Care,Housing,11,4,3,74.9,2021-09-22,2025-09-26,Hospital,Standard,55,21.4,12.6,18,17,43,23865.18,12486.46,FY2023-24,90.2,2026-03-02
CLT-000875,0.965,Employment Services,7.7,High,Waterloo,2024-04-01,4,Youth,Family,117,3,0,89.5,2023-05-11,2025-07-03,Community Agency,Complex,23,59.1,47.3,0,11,16,24907.74,26994.6,FY2024-25,77.0,2026-05-12
CLT-000876,0.838,Employment Services,7.5,Low,GTA,2024-10-01,23,Child Care,Housing,147,0,3,45.1,2020-01-12,2026-01-31,Family Doctor,Complex,14,47.9,67.6,10,28,41,13428.75,43321.17,FY2023-24,73.1,2026-06-16
CLT-000877,0.902,Child Care Subsidy,9.1,High,Durham,2024-07-01,11,Employment,Disability,124,0,0,45.5,2023-05-11,2025-06-09,Family Doctor,Complex,18,3.5,84.8,6,0,32,15913.04,2540.83,FY2025-26,96.9,2026-01-17
CLT-000878,0.668,Family Support,4.0,Low,Waterloo,2025-10-01,18,Home Care,Youth,86,4,2,68.9,2020-03-02,2025-01-20,Online Portal,Simple,46,36.8,59.3,10,30,36,5004.34,32695.45,FY2025-26,78.3,2026-01-20
CLT-000879,0.647,Ontario Works,5.9,High,Ottawa,2025-10-01,4,Home Care,Housing,113,3,1,6.3,2020-03-08,2026-06-28,Hospital,Simple,10,45.2,48.8,20,24,11,24859.5,21642.68,FY2025-26,97.0,2026-03-09
CLT-000880,0.566,Home Care,5.2,High,Niagara,2024-10-01,21,Youth,Family,143,5,3,81.5,2020-06-15,2025-07-02,Self-Referral,Complex,75,21.6,66.3,4,9,10,16611.92,19322.81,FY2024-25,87.9,2026-05-30
CLT-000881,0.453,Child Care Subsidy,9.5,Medium,Central,2025-01-01,1,Home Care,Youth,125,3,0,26.2,2022-02-10,2026-04-05,Self-Referral,Simple,76,21.5,41.9,4,27,48,22339.23,16108.6,FY2024-25,80.6,2026-06-28
CLT-000882,0.851,Employment Services,6.4,Low,Durham,2026-01-01,12,Youth,Employment,72,3,2,76.4,2022-11-10,2026-07-14,Hospital,Simple,25,63.0,58.4,15,7,33,9551.25,47014.44,FY2024-25,82.3,2026-02-20
CLT-000883,0.967,Home Care,5.9,Medium,Niagara,2026-01-01,20,Community,Youth,28,1,2,54.4,2023-03-07,2026-05-12,Hospital,Simple,75,4.1,31.8,19,16,24,5020.71,48101.05,FY2025-26,88.6,2026-01-03
CLT-000884,0.626,Family Support,3.5,Medium,Waterloo,2025-10-01,6,Disability,Family,106,4,1,55.0,2024-02-18,2026-07-16,School,Simple,21,54.2,72.5,12,17,32,11867.79,25276.18,FY2025-26,75.6,2026-07-19
CLT-000885,0.656,Employment Services,3.8,Medium,Durham,2024-10-01,2,Youth,Disability,34,2,1,56.3,2024-03-07,2025-07-14,Community Agency,Simple,-4,29.3,12.5,2,9,19,1716.92,48965.55,FY2025-26,84.0,2026-04-13
CLT-000886,0.487,ODSP,9.5,Medium,Eastern,2024-04-01,10,Child Care,Disability,86,0,0,22.4,2024-07-20,2026-05-23,Other Ministry,Simple,61,60.8,50.0,1,18,39,13733.58,32576.94,FY2025-26,81.5,2026-02-10
CLT-000887,0.838,Child Care Subsidy,5.0,Low,Central,2024-10-01,2,Home Care,Disability,96,1,0,53.5,2022-09-19,2026-03-13,Family Doctor,Complex,-7,45.0,32.2,19,12,8,22926.66,28850.87,FY2025-26,97.6,2026-07-29
CLT-000888,0.42,Youth Services,5.7,Low,GTA,2024-07-01,16,Family,Disability,10,3,3,39.8,2022-12-13,2026-03-17,Other Ministry,Standard,-1,54.7,65.4,20,30,49,7614.3,42484.64,FY2024-25,77.4,2026-03-20
CLT-000889,0.69,ODSP,7.8,Medium,Eastern,2024-07-01,22,Disability,Housing,90,3,0,6.1,2022-10-13,2026-05-17,Online Portal,Simple,62,12.6,52.2,11,1,14,10766.57,38120.9,FY2025-26,75.4,2026-01-12
CLT-000890,0.487,Youth Services,8.7,High,Waterloo,2024-07-01,19,Disability,Housing,59,1,3,8.4,2021-09-02,2025-07-08,Court,Standard,15,61.0,34.4,19,0,49,7137.87,22131.34,FY2024-25,92.5,2026-05-17
CLT-000891,0.645,Child Care Subsidy,8.3,Medium,Ottawa,2024-04-01,23,Housing,Community,92,0,0,71.8,2023-07-13,2025-02-04,Other Ministry,Simple,41,50.2,91.7,5,27,34,15030.69,4844.39,FY2024-25,81.5,2026-03-07
CLT-000892,0.422,ODSP,6.8,Medium,Durham,2024-04-01,12,Family,Child Care,34,2,3,27.1,2024-01-11,2026-02-06,Other Ministry,Simple,57,48.1,88.4,1,20,31,20620.82,1131.95,FY2024-25,70.3,2026-03-04
CLT-000893,0.926,Ontario Works,7.9,Medium,Southwestern,2024-07-01,18,Youth,Employment,73,4,1,20.1,2024-07-05,2026-07-07,Self-Referral,Complex,6,42.6,43.5,5,24,47,18418.93,12688.82,FY2024-25,97.5,2026-05-20
CLT-000894,0.727,Employment Services,7.3,High,GTA,2026-01-01,18,Employment,Home Care,110,2,1,56.7,2021-11-23,2025-04-03,Family Doctor,Standard,68,31.8,61.0,6,23,15,8892.37,21458.66,FY2023-24,71.7,2026-02-18
CLT-000895,0.757,Community Living,5.0,Low,Durham,2024-04-01,14,Housing,Employment,139,5,3,89.4,2020-03-28,2025-06-22,Self-Referral,Complex,71,8.9,69.4,2,17,46,20646.96,31830.87,FY2024-25,96.0,2026-01-21
CLT-000896,0.454,Child Care Subsidy,8.5,Medium,Ottawa,2024-07-01,11,Youth,Family,22,2,1,73.0,2021-05-08,2025-07-10,Community Agency,Simple,56,47.4,12.7,14,25,43,16969.78,8787.68,FY2023-24,79.4,2026-06-03
CLT-000897,0.934,Ontario Works,6.2,Medium,Central,2025-04-01,10,Housing,Employment,146,5,1,83.1,2021-02-06,2025-03-23,Online Portal,Simple,17,28.4,16.2,19,18,21,18365.27,29252.38,FY2024-25,96.3,2026-05-05
CLT-000898,0.874,Family Support,3.9,Medium,Northern,2025-01-01,11,Community,Employment,103,1,0,16.7,2022-02-26,2025-03-17,Court,Simple,-4,27.2,79.1,14,0,13,22717.81,26329.89,FY2023-24,79.9,2026-07-28
CLT-000899,0.431,Home Care,3.3,Medium,Eastern,2025-10-01,1,Family,Employment,43,5,0,60.0,2022-05-28,2025-09-30,Self-Referral,Complex,49,42.5,10.9,6,18,2,15012.95,49433.39,FY2023-24,94.2,2026-03-02
CLT-000900,0.777,Child Care Subsidy,5.5,Low,Waterloo,2025-04-01,11,Home Care,Disability,127,2,3,64.2,2022-01-20,2025-08-25,Community Agency,Complex,63,59.4,92.4,1,1,39,18056.89,22088.77,FY2023-24,95.9,2026-04-29
CLT-000901,0.606,Community Living,9.4,High,Central,2025-04-01,9,Home Care,Employment,91,2,2,63.9,2021-11-05,2025-08-19,Community Agency,Simple,51,1.7,57.7,17,19,24,9022.59,18169.16,FY2023-24,78.5,2026-03-14
CLT-000902,0.85,Family Support,9.7,Low,Northern,2025-07-01,5,Child Care,Housing,136,0,2,64.4,2022-02-17,2025-01-13,School,Standard,-7,58.5,81.4,9,17,27,1246.84,1513.77,FY2024-25,95.9,2026-02-09
CLT-000903,0.847,Family Support,3.1,Low,Central,2024-07-01,12,Family,Employment,28,2,1,62.9,2020-05-18,2026-03-28,School,Complex,72,45.9,17.7,15,25,6,8242.82,3644.46,FY2025-26,83.2,2026-01-16
CLT-000904,0.62,Child Care Subsidy,4.7,Low,Eastern,2025-01-01,19,Family,Youth,123,4,2,9.8,2022-02-07,2025-09-28,Other Ministry,Simple,-8,49.1,37.2,14,18,3,8323.29,23551.52,FY2025-26,98.0,2026-01-21
CLT-000905,0.847,Family Support,6.0,High,Southwestern,2025-10-01,19,Disability,Community,94,3,0,52.1,2021-02-02,2025-11-27,Online Portal,Standard,60,48.4,49.1,17,30,0,9669.26,23966.66,FY2023-24,99.1,2026-07-10
CLT-000906,0.809,Community Living,8.4,Low,Durham,2025-04-01,8,Employment,Child Care,57,1,0,56.3,2022-06-04,2026-05-16,School,Simple,4,61.3,22.2,19,22,30,5711.19,34448.01,FY2023-24,87.0,2026-04-14
CLT-000907,0.571,Ontario Works,4.3,High,Northern,2025-07-01,8,Home Care,Community,127,3,1,27.0,2022-06-18,2026-04-30,School,Complex,70,11.9,71.3,10,20,9,1644.99,12676.63,FY2023-24,70.7,2026-01-25
CLT-000908,0.548,Ontario Works,3.4,High,Eastern,2025-01-01,6,Youth,Youth,45,1,2,47.0,2020-05-24,2026-06-22,Hospital,Complex,-19,57.7,51.1,10,27,5,8542.26,14167.72,FY2024-25,73.8,2026-04-10
CLT-000909,0.434,Community Living,5.2,High,Waterloo,2024-07-01,7,Disability,Child Care,17,0,3,72.0,2021-05-18,2025-08-07,Hospital,Simple,79,54.7,94.4,4,29,8,12572.7,23904.53,FY2023-24,76.1,2026-01-20
CLT-000910,0.644,Ontario Works,9.5,Medium,Southwestern,2026-01-01,1,Housing,Employment,63,4,2,9.5,2022-02-14,2025-02-05,Other Ministry,Complex,20,12.6,52.8,9,4,40,7547.77,36668.38,FY2023-24,89.2,2026-07-22
CLT-000911,0.818,Ontario Works,3.9,Medium,Southwestern,2024-04-01,22,Community,Housing,103,4,1,41.4,2022-05-10,2025-05-22,Other Ministry,Complex,-20,60.7,46.5,5,0,2,6505.2,20837.06,FY2025-26,89.9,2026-04-02
CLT-000912,0.774,Family Support,9.0,Medium,Niagara,2024-07-01,10,Housing,Youth,90,4,3,59.9,2021-03-03,2025-04-17,School,Complex,69,55.6,67.7,18,26,34,17847.65,42263.56,FY2025-26,93.7,2026-03-07
CLT-000913,0.753,Family Support,3.2,High,Waterloo,2025-07-01,11,Employment,Youth,63,1,3,70.9,2022-06-12,2025-10-31,School,Simple,-4,53.8,92.9,8,28,24,2985.02,5941.37,FY2025-26,86.4,2026-06-30
CLT-000914,0.951,ODSP,7.5,Low,Central,2025-04-01,18,Family,Disability,74,0,0,64.5,2021-01-08,2026-04-07,Family Doctor,Complex,69,71.1,84.4,4,29,12,20507.2,48636.28,FY2025-26,97.5,2026-05-08
CLT-000915,0.577,Child Care Subsidy,5.3,High,Hamilton,2026-01-01,3,Home Care,Home Care,62,3,3,9.9,2023-09-08,2026-07-14,Court,Simple,29,37.8,42.7,2,23,12,17598.74,13515.47,FY2025-26,81.1,2026-03-20
CLT-000916,0.676,Employment Services,5.7,High,Central,2025-10-01,22,Housing,Youth,109,1,1,87.5,2023-06-25,2026-04-01,Hospital,Simple,30,58.0,14.3,17,1,36,22061.4,21441.86,FY2024-25,82.0,2026-01-02
CLT-000917,0.458,Youth Services,5.4,Medium,Hamilton,2025-10-01,9,Family,Housing,143,3,2,32.9,2024-04-02,2026-01-03,Online Portal,Standard,-8,71.4,24.6,15,13,17,640.16,3562.85,FY2025-26,83.4,2026-05-14
CLT-000918,0.864,Family Support,8.5,Low,Southwestern,2024-04-01,12,Child Care,Community,107,2,2,32.6,2020-11-11,2025-06-29,Court,Standard,13,5.4,53.5,19,15,18,620.99,40282.1,FY2023-24,76.0,2026-04-15
CLT-000919,0.938,Family Support,3.1,Low,Central,2026-01-01,2,Child Care,Housing,15,1,3,21.5,2023-06-28,2025-11-02,Court,Simple,7,37.2,45.0,5,1,44,8653.22,3377.06,FY2025-26,92.1,2026-02-27
CLT-000920,0.418,Employment Services,8.1,Low,Southwestern,2024-04-01,19,Community,Child Care,131,4,3,78.8,2023-03-25,2026-05-14,Hospital,Standard,23,71.3,57.2,3,6,23,10036.39,14244.79,FY2023-24,79.0,2026-01-11
CLT-000921,0.674,Youth Services,8.1,Medium,Hamilton,2025-04-01,17,Employment,Family,137,5,1,53.7,2023-10-18,2025-01-20,Other Ministry,Complex,60,54.9,13.8,13,0,10,18072.06,13297.76,FY2023-24,89.5,2026-07-27
CLT-000922,0.905,Home Care,9.6,Medium,Durham,2024-10-01,11,Youth,Employment,129,1,2,18.1,2021-04-10,2025-04-09,Online Portal,Complex,38,34.2,55.3,14,11,39,9449.84,47482.34,FY2025-26,79.3,2026-05-12
CLT-000923,0.931,Employment Services,9.8,High,Durham,2024-10-01,7,Employment,Home Care,91,5,3,64.2,2024-07-08,2025-10-11,Community Agency,Complex,33,11.9,65.0,7,5,27,1262.64,32498.43,FY2025-26,86.5,2026-07-03
CLT-000924,0.767,Employment Services,4.1,Medium,Hamilton,2025-04-01,17,Disability,Child Care,123,1,0,37.6,2021-01-07,2025-08-07,Community Agency,Standard,-9,70.7,55.0,2,14,34,12765.99,15450.15,FY2023-24,96.6,2026-07-30
CLT-000925,0.613,Youth Services,6.8,Medium,Waterloo,2024-04-01,14,Home Care,Disability,44,3,1,23.7,2022-08-28,2025-05-02,Online Portal,Complex,44,68.1,12.3,4,28,10,6085.98,34286.17,FY2025-26,71.7,2026-07-01
CLT-000926,0.879,Family Support,5.2,Medium,Durham,2026-01-01,2,Youth,Housing,124,4,2,64.8,2020-05-24,2026-04-01,Family Doctor,Standard,20,22.9,60.4,2,26,34,13749.28,34589.04,FY2024-25,92.5,2026-04-29
CLT-000927,0.703,Youth Services,7.0,Medium,Hamilton,2024-04-01,18,Youth,Family,140,4,3,19.3,2023-01-31,2025-08-04,Court,Complex,45,32.2,27.5,0,27,9,24007.38,34577.14,FY2024-25,72.4,2026-03-02
CLT-000928,0.75,ODSP,4.2,High,Waterloo,2024-04-01,21,Family,Child Care,150,4,0,18.1,2023-03-07,2026-07-07,Family Doctor,Complex,80,55.0,53.4,4,26,1,16396.97,24934.26,FY2024-25,81.6,2026-07-14
CLT-000929,0.901,Ontario Works,8.9,Low,Hamilton,2024-10-01,8,Housing,Home Care,46,3,1,24.0,2023-12-17,2026-06-08,Family Doctor,Complex,18,43.9,48.6,1,7,45,8246.48,21615.43,FY2024-25,83.8,2026-06-07
CLT-000930,0.644,Home Care,9.8,Low,Central,2025-07-01,23,Housing,Employment,134,3,1,67.9,2024-04-17,2025-06-24,School,Simple,21,24.0,63.7,10,14,43,22674.17,18516.34,FY2025-26,72.8,2026-05-03
CLT-000931,0.765,Home Care,6.5,High,Southwestern,2025-04-01,2,Youth,Family,140,4,1,13.9,2020-06-05,2025-11-15,Community Agency,Standard,41,68.5,65.4,3,24,9,23437.12,48911.07,FY2024-25,95.5,2026-02-20
CLT-000932,0.636,Community Living,3.8,High,Niagara,2024-07-01,24,Employment,Housing,125,4,3,50.7,2020-10-18,2025-08-26,Court,Complex,14,26.0,53.6,8,13,30,14575.37,15378.78,FY2023-24,94.6,2026-04-19
CLT-000933,0.828,Family Support,9.5,Low,Ottawa,2025-10-01,7,Home Care,Family,132,1,3,48.0,2021-03-02,2025-05-02,Other Ministry,Complex,43,26.7,70.0,5,19,45,16899.32,33464.77,FY2023-24,73.1,2026-04-11
CLT-000934,0.967,Home Care,7.8,Low,Waterloo,2024-07-01,11,Family,Youth,51,1,1,19.9,2020-07-04,2026-01-20,Other Ministry,Simple,50,25.3,72.8,17,7,37,11105.08,20064.0,FY2024-25,97.3,2026-03-18
CLT-000935,0.572,Family Support,8.8,High,Southwestern,2025-10-01,6,Child Care,Family,101,4,2,60.3,2023-07-08,2026-05-14,Court,Complex,58,8.7,15.4,0,10,0,23733.46,44980.43,FY2023-24,85.4,2026-01-25
CLT-000936,0.639,ODSP,7.4,Medium,Ottawa,2025-01-01,10,Youth,Housing,108,5,0,64.9,2021-06-06,2026-07-30,School,Complex,42,58.5,34.5,4,18,46,21556.0,27264.71,FY2024-25,89.9,2026-03-03
CLT-000937,0.973,Ontario Works,8.5,Medium,Central,2024-04-01,19,Community,Home Care,39,4,1,40.3,2022-07-15,2026-04-16,Community Agency,Complex,75,27.5,45.3,13,30,4,536.64,49871.71,FY2025-26,81.8,2026-03-03
CLT-000938,0.564,Ontario Works,3.9,Low,Northern,2025-01-01,9,Employment,Child Care,63,5,3,87.6,2023-02-08,2025-08-15,Family Doctor,Standard,25,44.6,11.4,15,27,28,15549.57,17042.49,FY2025-26,79.1,2026-07-28
CLT-000939,0.638,Employment Services,5.0,High,Northern,2025-01-01,8,Family,Child Care,127,2,3,82.2,2022-06-08,2025-11-11,Hospital,Standard,-14,8.4,42.6,15,24,8,9800.45,4257.73,FY2025-26,93.5,2026-04-02
CLT-000940,0.834,Family Support,9.1,High,Central,2025-07-01,19,Home Care,Home Care,134,5,3,36.9,2021-06-22,2025-04-05,Court,Complex,-15,2.4,88.8,17,10,0,24333.67,37404.6,FY2024-25,80.3,2026-07-06
CLT-000941,0.826,Home Care,8.7,Medium,Southwestern,2025-04-01,18,Community,Housing,46,1,1,53.7,2021-09-07,2026-04-26,School,Simple,-12,18.6,40.7,12,23,47,17546.03,19315.78,FY2024-25,78.8,2026-08-01
CLT-000942,0.517,Youth Services,3.6,Medium,Waterloo,2026-01-01,17,Housing,Family,64,0,1,79.4,2020-01-17,2025-10-24,Self-Referral,Complex,21,20.9,47.5,20,13,27,2821.59,10521.64,FY2025-26,85.9,2026-04-06
CLT-000943,0.696,Ontario Works,3.7,High,Durham,2026-01-01,8,Child Care,Youth,62,4,0,32.6,2020-05-12,2025-09-14,School,Standard,41,38.7,24.5,3,30,0,12404.19,27876.66,FY2025-26,83.7,2026-01-12
CLT-000944,0.763,Family Support,7.3,Medium,Niagara,2025-04-01,5,Family,Housing,23,3,0,17.1,2022-05-26,2025-07-22,School,Complex,-11,27.1,32.4,6,0,25,1314.39,10049.62,FY2023-24,75.6,2026-05-09
CLT-000945,0.655,Youth Services,9.6,High,Central,2024-04-01,22,Family,Home Care,53,2,0,13.1,2024-06-02,2025-06-07,Self-Referral,Standard,32,34.8,18.8,2,8,20,18594.12,28753.1,FY2023-24,72.9,2026-04-13
CLT-000946,0.65,Home Care,4.4,High,Durham,2024-10-01,5,Home Care,Home Care,81,0,0,89.3,2021-04-20,2025-05-14,Hospital,Complex,2,3.9,42.1,20,0,6,24041.57,37218.85,FY2023-24,95.5,2026-01-30
CLT-000947,0.847,Employment Services,6.6,Low,Eastern,2024-07-01,7,Disability,Home Care,103,1,3,86.2,2020-08-27,2025-08-08,Hospital,Simple,73,43.2,38.5,13,21,18,8664.79,11612.34,FY2023-24,85.0,2026-03-18
CLT-000948,0.856,Employment Services,7.1,Medium,GTA,2024-10-01,9,Community,Community,59,2,1,68.4,2024-02-03,2026-01-01,School,Standard,76,32.9,67.0,20,28,15,7279.83,29069.57,FY2025-26,88.8,2026-02-15
CLT-000949,0.767,Home Care,5.4,Low,Central,2024-10-01,13,Community,Family,95,4,0,27.7,2024-04-13,2026-02-04,Hospital,Standard,80,18.1,64.4,1,19,26,10703.98,6156.09,FY2024-25,93.5,2026-04-05
CLT-000950,0.529,Family Support,8.8,High,Central,2024-10-01,10,Housing,Youth,110,3,2,61.7,2021-11-23,2025-08-02,Family Doctor,Simple,77,45.8,75.1,17,28,21,18824.47,8550.7,FY2023-24,96.3,2026-07-01
CLT-000951,0.845,Family Support,6.4,High,Northern,2025-04-01,4,Family,Housing,30,1,3,78.4,2023-11-30,2026-03-05,School,Complex,60,39.6,29.1,8,6,42,7522.17,27877.91,FY2025-26,92.5,2026-03-05
CLT-000952,0.795,Ontario Works,5.8,Low,Niagara,2024-10-01,10,Housing,Disability,149,5,0,40.3,2021-12-26,2025-08-18,Community Agency,Simple,30,64.6,53.8,6,22,29,2665.42,12997.31,FY2024-25,94.2,2026-05-02
CLT-000953,0.477,Ontario Works,6.2,Low,GTA,2024-07-01,9,Community,Housing,14,4,1,37.9,2021-07-17,2025-08-01,Community Agency,Simple,-5,70.5,43.8,6,18,49,7797.33,38889.78,FY2024-25,75.5,2026-06-14
CLT-000954,0.564,Child Care Subsidy,8.1,High,Northern,2025-10-01,23,Youth,Family,113,1,1,55.8,2022-07-31,2025-05-23,Court,Simple,7,28.8,58.7,16,27,42,2458.13,33720.71,FY2023-24,89.3,2026-06-29
CLT-000955,0.938,Employment Services,6.9,Low,Waterloo,2025-10-01,15,Employment,Community,150,1,1,32.9,2023-05-13,2025-04-24,Self-Referral,Simple,29,8.2,39.7,18,0,7,10333.13,36202.35,FY2025-26,88.0,2026-07-07
CLT-000956,0.745,ODSP,4.3,Low,Southwestern,2025-04-01,7,Housing,Community,133,5,1,86.3,2021-07-14,2026-07-01,Community Agency,Standard,-15,59.5,56.4,8,2,46,2020.87,4486.78,FY2024-25,84.8,2026-02-25
CLT-000957,0.422,Employment Services,9.2,Low,Ottawa,2025-10-01,1,Youth,Child Care,16,0,2,60.8,2020-11-26,2025-02-09,Hospital,Complex,51,59.9,45.5,13,29,7,10402.86,27670.27,FY2023-24,92.4,2026-01-19
CLT-000958,0.917,Ontario Works,4.7,Low,Ottawa,2025-01-01,9,Family,Youth,76,1,0,22.8,2021-02-08,2025-03-18,Family Doctor,Simple,69,34.7,93.7,3,15,37,2942.39,46118.25,FY2024-25,71.8,2026-03-24
CLT-000959,0.864,ODSP,8.8,Low,Hamilton,2024-07-01,7,Home Care,Child Care,89,0,1,30.8,2022-08-08,2025-01-05,Hospital,Complex,51,57.9,17.5,2,3,8,21089.38,23509.45,FY2025-26,79.0,2026-02-04
CLT-000960,0.936,ODSP,8.3,High,Eastern,2025-10-01,16,Family,Housing,107,2,3,20.9,2020-05-26,2025-09-02,Community Agency,Simple,61,36.2,62.2,3,21,24,3491.8,29302.17,FY2024-25,75.1,2026-06-14
CLT-000961,0.49,Youth Services,4.9,Low,Ottawa,2025-01-01,3,Family,Disability,94,0,3,55.7,2022-06-06,2025-07-09,Family Doctor,Simple,32,39.7,79.2,10,5,20,4799.76,33143.41,FY2025-26,79.4,2026-01-20
CLT-000962,0.401,Youth Services,4.9,High,Ottawa,2026-01-01,19,Youth,Family,119,3,2,48.1,2023-05-09,2025-08-15,Self-Referral,Simple,27,8.1,94.2,10,13,28,9022.77,33506.99,FY2024-25,76.2,2026-04-04
CLT-000963,0.859,Employment Services,9.0,Low,Hamilton,2024-07-01,15,Home Care,Community,113,1,2,39.4,2020-02-23,2025-09-23,Family Doctor,Simple,40,2.1,13.6,9,27,41,23064.04,6450.35,FY2023-24,70.2,2026-07-29
CLT-000964,0.623,Family Support,8.9,Medium,GTA,2026-01-01,4,Employment,Employment,115,3,0,62.1,2024-07-05,2025-04-13,Online Portal,Simple,48,10.6,50.1,5,6,32,18142.82,6964.02,FY2025-26,74.8,2026-02-28
CLT-000965,0.484,Child Care Subsidy,4.2,High,Northern,2025-04-01,1,Youth,Housing,93,1,1,35.4,2023-05-26,2025-11-01,Self-Referral,Simple,14,7.1,71.7,17,8,28,15330.82,6675.28,FY2024-25,96.7,2026-01-27
CLT-000966,0.816,Home Care,5.4,Low,Central,2025-01-01,11,Housing,Home Care,52,5,1,83.5,2020-01-16,2026-03-24,Court,Simple,61,50.6,66.5,15,17,2,15170.48,23753.7,FY2023-24,70.9,2026-05-19
CLT-000967,0.41,ODSP,3.2,Medium,Ottawa,2025-04-01,23,Family,Disability,87,0,2,79.1,2020-09-15,2026-06-07,Community Agency,Complex,13,21.1,57.2,14,9,46,22152.76,7315.75,FY2023-24,75.3,2026-06-14
CLT-000968,0.701,Home Care,3.2,Low,Central,2026-01-01,18,Employment,Disability,128,4,0,61.7,2020-07-18,2025-08-16,Online Portal,Standard,10,59.3,44.2,18,0,20,20450.87,28074.93,FY2024-25,97.4,2026-07-20
CLT-000969,0.62,Employment Services,7.7,Low,Durham,2025-04-01,6,Employment,Community,120,4,0,63.6,2022-01-05,2025-06-06,Family Doctor,Simple,28,5.3,14.1,10,13,29,6394.52,23165.01,FY2024-25,81.1,2026-01-12
CLT-000970,0.449,Youth Services,4.0,Medium,Ottawa,2025-01-01,14,Child Care,Youth,24,1,2,23.7,2020-02-11,2026-06-09,Court,Simple,41,52.2,62.4,5,20,39,21297.55,15492.29,FY2024-25,83.8,2026-05-08
CLT-000971,0.907,Child Care Subsidy,5.2,Low,Durham,2025-04-01,22,Home Care,Disability,46,2,1,23.1,2022-11-15,2025-01-05,Self-Referral,Standard,-10,33.0,20.7,3,23,21,8879.2,47172.55,FY2024-25,88.0,2026-03-25
CLT-000972,0.715,Youth Services,6.1,High,GTA,2025-10-01,6,Housing,Community,13,1,2,19.0,2022-07-15,2025-03-04,School,Simple,8,47.5,62.7,10,21,38,7632.36,9882.87,FY2023-24,95.4,2026-03-24
CLT-000973,0.778,Child Care Subsidy,6.6,Low,GTA,2025-04-01,1,Home Care,Community,110,1,0,42.6,2020-07-22,2026-05-13,Court,Simple,56,10.4,21.1,9,2,26,11868.26,46452.95,FY2023-24,97.2,2026-04-02
CLT-000974,0.804,Child Care Subsidy,9.1,Medium,Waterloo,2025-01-01,16,Employment,Community,66,1,2,68.9,2021-03-17,2025-05-05,School,Complex,0,36.3,35.7,11,0,11,4204.98,21481.36,FY2025-26,87.6,2026-01-28
CLT-000975,0.74,Home Care,4.4,High,Eastern,2026-01-01,20,Housing,Child Care,25,0,0,59.9,2021-01-11,2025-12-16,Family Doctor,Simple,28,11.0,81.5,12,22,45,17086.87,35300.68,FY2023-24,85.4,2026-04-05
CLT-000976,0.609,Employment Services,3.0,Medium,Waterloo,2024-10-01,8,Employment,Youth,98,5,1,16.6,2021-04-24,2025-03-26,Family Doctor,Complex,60,34.0,87.9,17,24,4,7479.16,19465.38,FY2024-25,92.0,2026-03-04
CLT-000977,0.662,ODSP,7.2,Medium,Eastern,2024-07-01,3,Housing,Housing,119,3,3,33.9,2021-12-06,2025-07-01,Online Portal,Complex,77,30.4,20.6,18,5,35,2620.24,35314.37,FY2024-25,84.3,2026-01-15
CLT-000978,0.64,ODSP,8.4,High,GTA,2024-10-01,5,Disability,Child Care,39,3,3,58.2,2023-10-24,2026-03-29,Self-Referral,Standard,60,59.6,63.8,6,10,15,3819.34,10722.7,FY2024-25,73.7,2026-04-02
CLT-000979,0.746,ODSP,8.9,Medium,Durham,2025-04-01,21,Family,Community,66,3,0,12.1,2020-11-07,2025-11-16,School,Simple,-15,2.6,73.4,14,26,21,19436.27,13037.25,FY2025-26,86.9,2026-06-28
CLT-000980,0.488,Home Care,7.8,Low,Eastern,2024-10-01,9,Community,Family,138,3,3,57.1,2020-09-16,2026-05-06,Court,Simple,42,47.6,27.1,15,13,21,14468.05,44236.85,FY2024-25,96.9,2026-05-15
CLT-000981,0.482,ODSP,3.7,Medium,GTA,2025-10-01,12,Home Care,Community,110,2,1,41.6,2024-06-12,2025-08-14,Other Ministry,Simple,-2,35.4,94.4,10,30,22,5904.88,40582.13,FY2023-24,84.7,2026-04-04
CLT-000982,0.797,Youth Services,9.3,Medium,Waterloo,2026-01-01,14,Youth,Housing,140,2,3,18.6,2021-07-24,2025-10-22,Other Ministry,Simple,-18,22.4,63.2,10,0,26,14675.56,48564.04,FY2024-25,79.8,2026-05-17
CLT-000983,0.948,ODSP,4.0,High,GTA,2025-10-01,5,Housing,Community,136,1,1,67.9,2023-12-09,2025-01-23,Online Portal,Complex,79,15.9,68.2,8,27,8,2287.26,29200.87,FY2024-25,83.1,2026-07-20
CLT-000984,0.787,Ontario Works,4.3,Low,Southwestern,2026-01-01,15,Employment,Youth,98,3,3,77.9,2020-10-07,2026-01-18,Community Agency,Complex,17,50.4,14.4,0,6,14,16418.39,26955.29,FY2023-24,78.8,2026-05-23
CLT-000985,0.802,Child Care Subsidy,8.3,Low,Hamilton,2024-10-01,23,Employment,Youth,91,0,3,46.5,2024-04-17,2026-04-01,Self-Referral,Standard,5,29.6,28.7,4,27,50,24498.54,26490.78,FY2023-24,70.1,2026-01-18
CLT-000986,0.983,Child Care Subsidy,3.2,Low,Durham,2025-04-01,17,Youth,Home Care,109,2,1,22.4,2024-03-21,2025-08-06,Family Doctor,Standard,66,41.7,11.9,16,5,44,13736.3,20868.11,FY2025-26,92.2,2026-01-22
CLT-000987,0.811,Family Support,3.1,Medium,Southwestern,2025-04-01,14,Home Care,Employment,104,3,2,53.3,2020-04-16,2025-04-27,School,Simple,13,44.9,74.9,2,29,36,23297.95,19335.82,FY2025-26,99.1,2026-01-01
CLT-000988,0.446,Youth Services,5.0,Low,Hamilton,2025-07-01,17,Employment,Employment,65,4,0,29.3,2023-07-30,2025-03-11,Self-Referral,Standard,-13,19.9,15.4,12,12,32,8828.3,34668.08,FY2024-25,75.7,2026-06-12
CLT-000989,0.786,Employment Services,6.5,Low,Hamilton,2025-04-01,15,Family,Family,139,0,1,8.6,2023-08-02,2025-01-13,Community Agency,Standard,46,67.1,42.4,14,3,31,21099.48,23089.35,FY2024-25,71.1,2026-06-05
CLT-000990,0.422,Community Living,8.4,High,Ottawa,2025-10-01,20,Disability,Housing,36,3,0,14.1,2022-11-22,2026-02-03,Family Doctor,Complex,34,8.6,58.3,15,26,24,11244.25,29377.98,FY2025-26,85.6,2026-06-19
CLT-000991,0.518,Family Support,3.4,Low,Central,2024-04-01,11,Disability,Family,58,2,2,59.7,2020-05-17,2025-12-23,Family Doctor,Standard,36,50.9,56.4,7,11,15,24691.03,29346.62,FY2025-26,93.1,2026-05-11
CLT-000992,0.496,Child Care Subsidy,5.6,High,Northern,2024-07-01,15,Housing,Family,21,0,2,50.9,2021-07-02,2026-03-12,Family Doctor,Complex,42,43.7,27.7,6,0,9,19822.98,17707.65,FY2023-24,97.0,2026-04-29
CLT-000993,0.505,Family Support,5.9,High,Eastern,2025-04-01,11,Child Care,Family,25,1,2,15.7,2022-11-26,2026-01-15,Court,Standard,-7,69.7,10.4,17,14,12,23563.73,1375.05,FY2025-26,97.7,2026-02-02
CLT-000994,0.923,Ontario Works,7.3,Low,Durham,2024-10-01,16,Housing,Housing,126,5,0,15.3,2024-04-05,2026-05-29,Court,Simple,20,9.7,72.3,20,16,24,5361.28,39231.41,FY2023-24,70.3,2026-01-22
CLT-000995,0.486,Ontario Works,8.6,High,Southwestern,2024-10-01,7,Youth,Youth,135,1,0,34.6,2023-09-10,2026-05-11,Online Portal,Standard,-8,54.7,80.9,13,29,7,17107.47,29545.65,FY2024-25,73.3,2026-04-04
CLT-000996,0.819,Family Support,5.4,Medium,Niagara,2026-01-01,14,Youth,Employment,106,4,1,21.6,2024-05-14,2025-09-30,Self-Referral,Simple,58,51.5,22.9,9,30,8,24667.13,19613.23,FY2025-26,80.9,2026-07-19
CLT-000997,0.671,Home Care,9.5,Low,Northern,2024-07-01,19,Child Care,Youth,72,4,0,44.0,2022-01-11,2025-10-19,Online Portal,Complex,11,30.6,74.8,10,15,50,16193.22,6600.18,FY2024-25,71.1,2026-06-29
CLT-000998,0.457,ODSP,5.7,Low,Niagara,2024-04-01,1,Employment,Home Care,112,2,1,61.9,2022-08-17,2025-12-11,Online Portal,Complex,6,16.3,34.6,16,22,13,9274.84,44827.11,FY2025-26,75.6,2026-03-14
CLT-000999,0.737,Community Living,6.9,Medium,Niagara,2025-01-01,23,Community,Community,82,5,1,74.0,2020-02-16,2025-08-01,Community Agency,Standard,68,10.4,65.9,13,11,9,19577.66,7957.36,FY2024-25,86.2,2026-03-09
CLT-001000,0.906,Child Care Subsidy,9.7,Medium,Northern,2025-04-01,1,Employment,Employment,46,0,3,61.4,2020-06-25,2025-11-08,Family Doctor,Simple,20,6.7,12.0,10,8,13,20685.59,25279.86,FY2023-24,82.0,2026-06-16
